[[0, 1], [2, 3]]
[[0, 1], [2, 11]]
[[0, 1], [2, 23]]
[[0, 1], [2, 35]]
[[0, 1], [2, 43]]
[[0, 1], [2, 55]]
[[0, 1], [6, 3]]
[[0, 1], [6, 7]]
[[0, 1], [6, 35]]
[[0, 1], [6, 39]]
[[0, 1], [10, 11]]
[[0, 1], [10, 23]]
[[0, 1], [10, 43]]
[[0, 1], [10, 55]]
[[0, 1], [14, 7]]
[[0, 1], [14, 15]]
[[0, 1], [14, 39]]
[[0, 1], [14, 47]]
[[0, 1], [34, 3]]
[[0, 1], [34, 11]]
[[0, 1], [34, 23]]
[[0, 1], [34, 35]]
[[0, 1], [34, 43]]
[[0, 1], [34, 55]]
[[0, 1], [38, 3]]
[[0, 1], [38, 7]]
[[0, 1], [38, 35]]
[[0, 1], [38, 39]]
[[0, 1], [42, 11]]
[[0, 1], [42, 23]]
[[0, 1], [42, 43]]
[[0, 1], [42, 55]]
[[0, 1], [46, 7]]
[[0, 1], [46, 15]]
[[0, 1], [46, 39]]
[[0, 1], [46, 47]]
[[0, 9], [2, 3]]
[[0, 9], [2, 11]]
[[0, 9], [2, 23]]
[[0, 9], [2, 35]]
[[0, 9], [2, 43]]
[[0, 9], [2, 55]]
[[0, 9], [6, 3]]
[[0, 9], [6, 7]]
[[0, 9], [6, 35]]
[[0, 9], [6, 39]]
[[0, 9], [10, 11]]
[[0, 9], [10, 23]]
[[0, 9], [10, 43]]
[[0, 9], [10, 55]]
[[0, 9], [22, 23]]
[[0, 9], [22, 55]]
[[0, 9], [34, 3]]
[[0, 9], [34, 11]]
[[0, 9], [34, 23]]
[[0, 9], [34, 35]]
[[0, 9], [34, 43]]
[[0, 9], [34, 55]]
[[0, 9], [38, 3]]
[[0, 9], [38, 7]]
[[0, 9], [38, 35]]
[[0, 9], [38, 39]]
[[0, 9], [42, 11]]
[[0, 9], [42, 23]]
[[0, 9], [42, 43]]
[[0, 9], [42, 55]]
[[0, 9], [54, 23]]
[[0, 9], [54, 55]]
[[0, 21], [2, 3]]
[[0, 21], [2, 11]]
[[0, 21], [2, 23]]
[[0, 21], [2, 35]]
[[0, 21], [2, 43]]
[[0, 21], [2, 55]]
[[0, 21], [6, 3]]
[[0, 21], [6, 7]]
[[0, 21], [6, 35]]
[[0, 21], [6, 39]]
[[0, 21], [10, 11]]
[[0, 21], [10, 23]]
[[0, 21], [10, 43]]
[[0, 21], [10, 55]]
[[0, 21], [22, 23]]
[[0, 21], [22, 55]]
[[0, 21], [34, 3]]
[[0, 21], [34, 11]]
[[0, 21], [34, 23]]
[[0, 21], [34, 35]]
[[0, 21], [34, 43]]
[[0, 21], [34, 55]]
[[0, 21], [38, 3]]
[[0, 21], [38, 7]]
[[0, 21], [38, 35]]
[[0, 21], [38, 39]]
[[0, 21], [42, 11]]
[[0, 21], [42, 23]]
[[0, 21], [42, 43]]
[[0, 21], [42, 55]]
[[0, 21], [54, 23]]
[[0, 21], [54, 55]]
[[0, 31], [2, 3]]
[[0, 31], [2, 11]]
[[0, 31], [2, 23]]
[[0, 31], [2, 35]]
[[0, 31], [2, 43]]
[[0, 31], [2, 55]]
[[0, 31], [6, 3]]
[[0, 31], [6, 7]]
[[0, 31], [6, 35]]
[[0, 31], [6, 39]]
[[0, 31], [10, 11]]
[[0, 31], [10, 23]]
[[0, 31], [10, 43]]
[[0, 31], [10, 55]]
[[0, 31], [22, 23]]
[[0, 31], [22, 55]]
[[0, 31], [34, 3]]
[[0, 31], [34, 11]]
[[0, 31], [34, 23]]
[[0, 31], [34, 35]]
[[0, 31], [34, 43]]
[[0, 31], [34, 55]]
[[0, 31], [38, 3]]
[[0, 31], [38, 7]]
[[0, 31], [38, 35]]
[[0, 31], [38, 39]]
[[0, 31], [42, 11]]
[[0, 31], [42, 23]]
[[0, 31], [42, 43]]
[[0, 31], [42, 55]]
[[0, 31], [54, 23]]
[[0, 31], [54, 55]]
[[0, 33], [2, 3]]
[[0, 33], [2, 11]]
[[0, 33], [2, 23]]
[[0, 33], [2, 35]]
[[0, 33], [2, 43]]
[[0, 33], [2, 55]]
[[0, 33], [6, 3]]
[[0, 33], [6, 7]]
[[0, 33], [6, 35]]
[[0, 33], [6, 39]]
[[0, 33], [10, 11]]
[[0, 33], [10, 23]]
[[0, 33], [10, 43]]
[[0, 33], [10, 55]]
[[0, 33], [14, 7]]
[[0, 33], [14, 15]]
[[0, 33], [14, 39]]
[[0, 33], [14, 47]]
[[0, 33], [34, 3]]
[[0, 33], [34, 11]]
[[0, 33], [34, 23]]
[[0, 33], [34, 35]]
[[0, 33], [34, 43]]
[[0, 33], [34, 55]]
[[0, 33], [38, 3]]
[[0, 33], [38, 7]]
[[0, 33], [38, 35]]
[[0, 33], [38, 39]]
[[0, 33], [42, 11]]
[[0, 33], [42, 23]]
[[0, 33], [42, 43]]
[[0, 33], [42, 55]]
[[0, 33], [46, 7]]
[[0, 33], [46, 15]]
[[0, 33], [46, 39]]
[[0, 33], [46, 47]]
[[0, 41], [2, 3]]
[[0, 41], [2, 11]]
[[0, 41], [2, 23]]
[[0, 41], [2, 35]]
[[0, 41], [2, 43]]
[[0, 41], [2, 55]]
[[0, 41], [6, 3]]
[[0, 41], [6, 7]]
[[0, 41], [6, 35]]
[[0, 41], [6, 39]]
[[0, 41], [10, 11]]
[[0, 41], [10, 23]]
[[0, 41], [10, 43]]
[[0, 41], [10, 55]]
[[0, 41], [22, 23]]
[[0, 41], [22, 55]]
[[0, 41], [34, 3]]
[[0, 41], [34, 11]]
[[0, 41], [34, 23]]
[[0, 41], [34, 35]]
[[0, 41], [34, 43]]
[[0, 41], [34, 55]]
[[0, 41], [38, 3]]
[[0, 41], [38, 7]]
[[0, 41], [38, 35]]
[[0, 41], [38, 39]]
[[0, 41], [42, 11]]
[[0, 41], [42, 23]]
[[0, 41], [42, 43]]
[[0, 41], [42, 55]]
[[0, 41], [54, 23]]
[[0, 41], [54, 55]]
[[0, 53], [2, 3]]
[[0, 53], [2, 11]]
[[0, 53], [2, 23]]
[[0, 53], [2, 35]]
[[0, 53], [2, 43]]
[[0, 53], [2, 55]]
[[0, 53], [6, 3]]
[[0, 53], [6, 7]]
[[0, 53], [6, 35]]
[[0, 53], [6, 39]]
[[0, 53], [10, 11]]
[[0, 53], [10, 23]]
[[0, 53], [10, 43]]
[[0, 53], [10, 55]]
[[0, 53], [22, 23]]
[[0, 53], [22, 55]]
[[0, 53], [34, 3]]
[[0, 53], [34, 11]]
[[0, 53], [34, 23]]
[[0, 53], [34, 35]]
[[0, 53], [34, 43]]
[[0, 53], [34, 55]]
[[0, 53], [38, 3]]
[[0, 53], [38, 7]]
[[0, 53], [38, 35]]
[[0, 53], [38, 39]]
[[0, 53], [42, 11]]
[[0, 53], [42, 23]]
[[0, 53], [42, 43]]
[[0, 53], [42, 55]]
[[0, 53], [54, 23]]
[[0, 53], [54, 55]]
[[0, 63], [2, 3]]
[[0, 63], [2, 11]]
[[0, 63], [2, 23]]
[[0, 63], [2, 35]]
[[0, 63], [2, 43]]
[[0, 63], [2, 55]]
[[0, 63], [6, 3]]
[[0, 63], [6, 7]]
[[0, 63], [6, 35]]
[[0, 63], [6, 39]]
[[0, 63], [10, 11]]
[[0, 63], [10, 23]]
[[0, 63], [10, 43]]
[[0, 63], [10, 55]]
[[0, 63], [22, 23]]
[[0, 63], [22, 55]]
[[0, 63], [34, 3]]
[[0, 63], [34, 11]]
[[0, 63], [34, 23]]
[[0, 63], [34, 35]]
[[0, 63], [34, 43]]
[[0, 63], [34, 55]]
[[0, 63], [38, 3]]
[[0, 63], [38, 7]]
[[0, 63], [38, 35]]
[[0, 63], [38, 39]]
[[0, 63], [42, 11]]
[[0, 63], [42, 23]]
[[0, 63], [42, 43]]
[[0, 63], [42, 55]]
[[0, 63], [54, 23]]
[[0, 63], [54, 55]]
[[4, 1], [2, 3]]
[[4, 1], [2, 11]]
[[4, 1], [2, 23]]
[[4, 1], [2, 35]]
[[4, 1], [2, 43]]
[[4, 1], [2, 55]]
[[4, 1], [6, 3]]
[[4, 1], [6, 7]]
[[4, 1], [6, 35]]
[[4, 1], [6, 39]]
[[4, 1], [10, 11]]
[[4, 1], [10, 23]]
[[4, 1], [10, 43]]
[[4, 1], [10, 55]]
[[4, 1], [14, 7]]
[[4, 1], [14, 15]]
[[4, 1], [14, 39]]
[[4, 1], [14, 47]]
[[4, 1], [34, 3]]
[[4, 1], [34, 11]]
[[4, 1], [34, 23]]
[[4, 1], [34, 35]]
[[4, 1], [34, 43]]
[[4, 1], [34, 55]]
[[4, 1], [38, 3]]
[[4, 1], [38, 7]]
[[4, 1], [38, 35]]
[[4, 1], [38, 39]]
[[4, 1], [42, 11]]
[[4, 1], [42, 23]]
[[4, 1], [42, 43]]
[[4, 1], [42, 55]]
[[4, 1], [46, 7]]
[[4, 1], [46, 15]]
[[4, 1], [46, 39]]
[[4, 1], [46, 47]]
[[4, 5], [6, 3]]
[[4, 5], [6, 7]]
[[4, 5], [6, 35]]
[[4, 5], [6, 39]]
[[4, 5], [14, 7]]
[[4, 5], [14, 15]]
[[4, 5], [14, 39]]
[[4, 5], [14, 47]]
[[4, 5], [18, 15]]
[[4, 5], [18, 19]]
[[4, 5], [18, 47]]
[[4, 5], [18, 51]]
[[4, 5], [38, 3]]
[[4, 5], [38, 7]]
[[4, 5], [38, 35]]
[[4, 5], [38, 39]]
[[4, 5], [46, 7]]
[[4, 5], [46, 15]]
[[4, 5], [46, 39]]
[[4, 5], [46, 47]]
[[4, 5], [50, 15]]
[[4, 5], [50, 19]]
[[4, 5], [50, 47]]
[[4, 5], [50, 51]]
[[4, 33], [2, 3]]
[[4, 33], [2, 11]]
[[4, 33], [2, 23]]
[[4, 33], [2, 35]]
[[4, 33], [2, 43]]
[[4, 33], [2, 55]]
[[4, 33], [6, 3]]
[[4, 33], [6, 7]]
[[4, 33], [6, 35]]
[[4, 33], [6, 39]]
[[4, 33], [10, 11]]
[[4, 33], [10, 23]]
[[4, 33], [10, 43]]
[[4, 33], [10, 55]]
[[4, 33], [14, 7]]
[[4, 33], [14, 15]]
[[4, 33], [14, 39]]
[[4, 33], [14, 47]]
[[4, 33], [34, 3]]
[[4, 33], [34, 11]]
[[4, 33], [34, 23]]
[[4, 33], [34, 35]]
[[4, 33], [34, 43]]
[[4, 33], [34, 55]]
[[4, 33], [38, 3]]
[[4, 33], [38, 7]]
[[4, 33], [38, 35]]
[[4, 33], [38, 39]]
[[4, 33], [42, 11]]
[[4, 33], [42, 23]]
[[4, 33], [42, 43]]
[[4, 33], [42, 55]]
[[4, 33], [46, 7]]
[[4, 33], [46, 15]]
[[4, 33], [46, 39]]
[[4, 33], [46, 47]]
[[4, 37], [6, 3]]
[[4, 37], [6, 7]]
[[4, 37], [6, 35]]
[[4, 37], [6, 39]]
[[4, 37], [14, 7]]
[[4, 37], [14, 15]]
[[4, 37], [14, 39]]
[[4, 37], [14, 47]]
[[4, 37], [18, 15]]
[[4, 37], [18, 19]]
[[4, 37], [18, 47]]
[[4, 37], [18, 51]]
[[4, 37], [38, 3]]
[[4, 37], [38, 7]]
[[4, 37], [38, 35]]
[[4, 37], [38, 39]]
[[4, 37], [46, 7]]
[[4, 37], [46, 15]]
[[4, 37], [46, 39]]
[[4, 37], [46, 47]]
[[4, 37], [50, 15]]
[[4, 37], [50, 19]]
[[4, 37], [50, 47]]
[[4, 37], [50, 51]]
[[5, 8], [7, 22]]
[[5, 8], [7, 54]]
[[5, 8], [15, 2]]
[[5, 8], [15, 10]]
[[5, 8], [15, 22]]
[[5, 8], [15, 34]]
[[5, 8], [15, 42]]
[[5, 8], [15, 54]]
[[5, 8], [19, 2]]
[[5, 8], [19, 10]]
[[5, 8], [19, 34]]
[[5, 8], [19, 42]]
[[5, 8], [39, 22]]
[[5, 8], [39, 54]]
[[5, 8], [47, 2]]
[[5, 8], [47, 10]]
[[5, 8], [47, 22]]
[[5, 8], [47, 34]]
[[5, 8], [47, 42]]
[[5, 8], [47, 54]]
[[5, 8], [51, 2]]
[[5, 8], [51, 10]]
[[5, 8], [51, 34]]
[[5, 8], [51, 42]]
[[5, 20], [7, 22]]
[[5, 20], [7, 54]]
[[5, 20], [15, 2]]
[[5, 20], [15, 10]]
[[5, 20], [15, 22]]
[[5, 20], [15, 34]]
[[5, 20], [15, 42]]
[[5, 20], [15, 54]]
[[5, 20], [19, 2]]
[[5, 20], [19, 10]]
[[5, 20], [19, 34]]
[[5, 20], [19, 42]]
[[5, 20], [39, 22]]
[[5, 20], [39, 54]]
[[5, 20], [47, 2]]
[[5, 20], [47, 10]]
[[5, 20], [47, 22]]
[[5, 20], [47, 34]]
[[5, 20], [47, 42]]
[[5, 20], [47, 54]]
[[5, 20], [51, 2]]
[[5, 20], [51, 10]]
[[5, 20], [51, 34]]
[[5, 20], [51, 42]]
[[5, 40], [7, 22]]
[[5, 40], [7, 54]]
[[5, 40], [15, 2]]
[[5, 40], [15, 10]]
[[5, 40], [15, 22]]
[[5, 40], [15, 34]]
[[5, 40], [15, 42]]
[[5, 40], [15, 54]]
[[5, 40], [19, 2]]
[[5, 40], [19, 10]]
[[5, 40], [19, 34]]
[[5, 40], [19, 42]]
[[5, 40], [39, 22]]
[[5, 40], [39, 54]]
[[5, 40], [47, 2]]
[[5, 40], [47, 10]]
[[5, 40], [47, 22]]
[[5, 40], [47, 34]]
[[5, 40], [47, 42]]
[[5, 40], [47, 54]]
[[5, 40], [51, 2]]
[[5, 40], [51, 10]]
[[5, 40], [51, 34]]
[[5, 40], [51, 42]]
[[5, 52], [7, 22]]
[[5, 52], [7, 54]]
[[5, 52], [15, 2]]
[[5, 52], [15, 10]]
[[5, 52], [15, 22]]
[[5, 52], [15, 34]]
[[5, 52], [15, 42]]
[[5, 52], [15, 54]]
[[5, 52], [19, 2]]
[[5, 52], [19, 10]]
[[5, 52], [19, 34]]
[[5, 52], [19, 42]]
[[5, 52], [39, 22]]
[[5, 52], [39, 54]]
[[5, 52], [47, 2]]
[[5, 52], [47, 10]]
[[5, 52], [47, 22]]
[[5, 52], [47, 34]]
[[5, 52], [47, 42]]
[[5, 52], [47, 54]]
[[5, 52], [51, 2]]
[[5, 52], [51, 10]]
[[5, 52], [51, 34]]
[[5, 52], [51, 42]]
[[8, 9], [2, 3]]
[[8, 9], [2, 11]]
[[8, 9], [2, 23]]
[[8, 9], [2, 35]]
[[8, 9], [2, 43]]
[[8, 9], [2, 55]]
[[8, 9], [6, 3]]
[[8, 9], [6, 7]]
[[8, 9], [6, 35]]
[[8, 9], [6, 39]]
[[8, 9], [10, 11]]
[[8, 9], [10, 23]]
[[8, 9], [10, 43]]
[[8, 9], [10, 55]]
[[8, 9], [22, 23]]
[[8, 9], [22, 55]]
[[8, 9], [34, 3]]
[[8, 9], [34, 11]]
[[8, 9], [34, 23]]
[[8, 9], [34, 35]]
[[8, 9], [34, 43]]
[[8, 9], [34, 55]]
[[8, 9], [38, 3]]
[[8, 9], [38, 7]]
[[8, 9], [38, 35]]
[[8, 9], [38, 39]]
[[8, 9], [42, 11]]
[[8, 9], [42, 23]]
[[8, 9], [42, 43]]
[[8, 9], [42, 55]]
[[8, 9], [54, 23]]
[[8, 9], [54, 55]]
[[8, 21], [2, 3]]
[[8, 21], [2, 11]]
[[8, 21], [2, 23]]
[[8, 21], [2, 35]]
[[8, 21], [2, 43]]
[[8, 21], [2, 55]]
[[8, 21], [6, 3]]
[[8, 21], [6, 7]]
[[8, 21], [6, 35]]
[[8, 21], [6, 39]]
[[8, 21], [10, 11]]
[[8, 21], [10, 23]]
[[8, 21], [10, 43]]
[[8, 21], [10, 55]]
[[8, 21], [22, 23]]
[[8, 21], [22, 55]]
[[8, 21], [34, 3]]
[[8, 21], [34, 11]]
[[8, 21], [34, 23]]
[[8, 21], [34, 35]]
[[8, 21], [34, 43]]
[[8, 21], [34, 55]]
[[8, 21], [38, 3]]
[[8, 21], [38, 7]]
[[8, 21], [38, 35]]
[[8, 21], [38, 39]]
[[8, 21], [42, 11]]
[[8, 21], [42, 23]]
[[8, 21], [42, 43]]
[[8, 21], [42, 55]]
[[8, 21], [54, 23]]
[[8, 21], [54, 55]]
[[8, 41], [2, 3]]
[[8, 41], [2, 11]]
[[8, 41], [2, 23]]
[[8, 41], [2, 35]]
[[8, 41], [2, 43]]
[[8, 41], [2, 55]]
[[8, 41], [6, 3]]
[[8, 41], [6, 7]]
[[8, 41], [6, 35]]
[[8, 41], [6, 39]]
[[8, 41], [10, 11]]
[[8, 41], [10, 23]]
[[8, 41], [10, 43]]
[[8, 41], [10, 55]]
[[8, 41], [22, 23]]
[[8, 41], [22, 55]]
[[8, 41], [34, 3]]
[[8, 41], [34, 11]]
[[8, 41], [34, 23]]
[[8, 41], [34, 35]]
[[8, 41], [34, 43]]
[[8, 41], [34, 55]]
[[8, 41], [38, 3]]
[[8, 41], [38, 7]]
[[8, 41], [38, 35]]
[[8, 41], [38, 39]]
[[8, 41], [42, 11]]
[[8, 41], [42, 23]]
[[8, 41], [42, 43]]
[[8, 41], [42, 55]]
[[8, 41], [54, 23]]
[[8, 41], [54, 55]]
[[8, 53], [2, 3]]
[[8, 53], [2, 11]]
[[8, 53], [2, 23]]
[[8, 53], [2, 35]]
[[8, 53], [2, 43]]
[[8, 53], [2, 55]]
[[8, 53], [6, 3]]
[[8, 53], [6, 7]]
[[8, 53], [6, 35]]
[[8, 53], [6, 39]]
[[8, 53], [10, 11]]
[[8, 53], [10, 23]]
[[8, 53], [10, 43]]
[[8, 53], [10, 55]]
[[8, 53], [22, 23]]
[[8, 53], [22, 55]]
[[8, 53], [34, 3]]
[[8, 53], [34, 11]]
[[8, 53], [34, 23]]
[[8, 53], [34, 35]]
[[8, 53], [34, 43]]
[[8, 53], [34, 55]]
[[8, 53], [38, 3]]
[[8, 53], [38, 7]]
[[8, 53], [38, 35]]
[[8, 53], [38, 39]]
[[8, 53], [42, 11]]
[[8, 53], [42, 23]]
[[8, 53], [42, 43]]
[[8, 53], [42, 55]]
[[8, 53], [54, 23]]
[[8, 53], [54, 55]]
[[9, 24], [11, 26]]
[[9, 24], [11, 58]]
[[9, 24], [23, 26]]
[[9, 24], [23, 58]]
[[9, 24], [43, 26]]
[[9, 24], [43, 58]]
[[9, 24], [55, 26]]
[[9, 24], [55, 58]]
[[9, 56], [11, 26]]
[[9, 56], [11, 58]]
[[9, 56], [23, 26]]
[[9, 56], [23, 58]]
[[9, 56], [43, 26]]
[[9, 56], [43, 58]]
[[9, 56], [55, 26]]
[[9, 56], [55, 58]]
[[12, 5], [6, 3]]
[[12, 5], [6, 7]]
[[12, 5], [6, 35]]
[[12, 5], [6, 39]]
[[12, 5], [14, 7]]
[[12, 5], [14, 15]]
[[12, 5], [14, 39]]
[[12, 5], [14, 47]]
[[12, 5], [18, 15]]
[[12, 5], [18, 19]]
[[12, 5], [18, 47]]
[[12, 5], [18, 51]]
[[12, 5], [38, 3]]
[[12, 5], [38, 7]]
[[12, 5], [38, 35]]
[[12, 5], [38, 39]]
[[12, 5], [46, 7]]
[[12, 5], [46, 15]]
[[12, 5], [46, 39]]
[[12, 5], [46, 47]]
[[12, 5], [50, 15]]
[[12, 5], [50, 19]]
[[12, 5], [50, 47]]
[[12, 5], [50, 51]]
[[12, 13], [14, 7]]
[[12, 13], [14, 15]]
[[12, 13], [14, 39]]
[[12, 13], [14, 47]]
[[12, 13], [18, 15]]
[[12, 13], [18, 19]]
[[12, 13], [18, 47]]
[[12, 13], [18, 51]]
[[12, 13], [46, 7]]
[[12, 13], [46, 15]]
[[12, 13], [46, 39]]
[[12, 13], [46, 47]]
[[12, 13], [50, 15]]
[[12, 13], [50, 19]]
[[12, 13], [50, 47]]
[[12, 13], [50, 51]]
[[12, 37], [6, 3]]
[[12, 37], [6, 7]]
[[12, 37], [6, 35]]
[[12, 37], [6, 39]]
[[12, 37], [14, 7]]
[[12, 37], [14, 15]]
[[12, 37], [14, 39]]
[[12, 37], [14, 47]]
[[12, 37], [18, 15]]
[[12, 37], [18, 19]]
[[12, 37], [18, 47]]
[[12, 37], [18, 51]]
[[12, 37], [38, 3]]
[[12, 37], [38, 7]]
[[12, 37], [38, 35]]
[[12, 37], [38, 39]]
[[12, 37], [46, 7]]
[[12, 37], [46, 15]]
[[12, 37], [46, 39]]
[[12, 37], [46, 47]]
[[12, 37], [50, 15]]
[[12, 37], [50, 19]]
[[12, 37], [50, 47]]
[[12, 37], [50, 51]]
[[12, 45], [14, 7]]
[[12, 45], [14, 15]]
[[12, 45], [14, 39]]
[[12, 45], [14, 47]]
[[12, 45], [18, 15]]
[[12, 45], [18, 19]]
[[12, 45], [18, 47]]
[[12, 45], [18, 51]]
[[12, 45], [46, 7]]
[[12, 45], [46, 15]]
[[12, 45], [46, 39]]
[[12, 45], [46, 47]]
[[12, 45], [50, 15]]
[[12, 45], [50, 19]]
[[12, 45], [50, 47]]
[[12, 45], [50, 51]]
[[13, 0], [15, 2]]
[[13, 0], [15, 10]]
[[13, 0], [15, 22]]
[[13, 0], [15, 34]]
[[13, 0], [15, 42]]
[[13, 0], [15, 54]]
[[13, 0], [19, 2]]
[[13, 0], [19, 10]]
[[13, 0], [19, 34]]
[[13, 0], [19, 42]]
[[13, 0], [47, 2]]
[[13, 0], [47, 10]]
[[13, 0], [47, 22]]
[[13, 0], [47, 34]]
[[13, 0], [47, 42]]
[[13, 0], [47, 54]]
[[13, 0], [51, 2]]
[[13, 0], [51, 10]]
[[13, 0], [51, 34]]
[[13, 0], [51, 42]]
[[13, 8], [7, 22]]
[[13, 8], [7, 54]]
[[13, 8], [15, 2]]
[[13, 8], [15, 10]]
[[13, 8], [15, 22]]
[[13, 8], [15, 34]]
[[13, 8], [15, 42]]
[[13, 8], [15, 54]]
[[13, 8], [19, 2]]
[[13, 8], [19, 10]]
[[13, 8], [19, 34]]
[[13, 8], [19, 42]]
[[13, 8], [39, 22]]
[[13, 8], [39, 54]]
[[13, 8], [47, 2]]
[[13, 8], [47, 10]]
[[13, 8], [47, 22]]
[[13, 8], [47, 34]]
[[13, 8], [47, 42]]
[[13, 8], [47, 54]]
[[13, 8], [51, 2]]
[[13, 8], [51, 10]]
[[13, 8], [51, 34]]
[[13, 8], [51, 42]]
[[13, 20], [7, 22]]
[[13, 20], [7, 54]]
[[13, 20], [15, 2]]
[[13, 20], [15, 10]]
[[13, 20], [15, 22]]
[[13, 20], [15, 34]]
[[13, 20], [15, 42]]
[[13, 20], [15, 54]]
[[13, 20], [19, 2]]
[[13, 20], [19, 10]]
[[13, 20], [19, 34]]
[[13, 20], [19, 42]]
[[13, 20], [39, 22]]
[[13, 20], [39, 54]]
[[13, 20], [47, 2]]
[[13, 20], [47, 10]]
[[13, 20], [47, 22]]
[[13, 20], [47, 34]]
[[13, 20], [47, 42]]
[[13, 20], [47, 54]]
[[13, 20], [51, 2]]
[[13, 20], [51, 10]]
[[13, 20], [51, 34]]
[[13, 20], [51, 42]]
[[13, 30], [7, 22]]
[[13, 30], [7, 54]]
[[13, 30], [15, 2]]
[[13, 30], [15, 10]]
[[13, 30], [15, 22]]
[[13, 30], [15, 34]]
[[13, 30], [15, 42]]
[[13, 30], [15, 54]]
[[13, 30], [19, 2]]
[[13, 30], [19, 10]]
[[13, 30], [19, 34]]
[[13, 30], [19, 42]]
[[13, 30], [39, 22]]
[[13, 30], [39, 54]]
[[13, 30], [47, 2]]
[[13, 30], [47, 10]]
[[13, 30], [47, 22]]
[[13, 30], [47, 34]]
[[13, 30], [47, 42]]
[[13, 30], [47, 54]]
[[13, 30], [51, 2]]
[[13, 30], [51, 10]]
[[13, 30], [51, 34]]
[[13, 30], [51, 42]]
[[13, 32], [15, 2]]
[[13, 32], [15, 10]]
[[13, 32], [15, 22]]
[[13, 32], [15, 34]]
[[13, 32], [15, 42]]
[[13, 32], [15, 54]]
[[13, 32], [19, 2]]
[[13, 32], [19, 10]]
[[13, 32], [19, 34]]
[[13, 32], [19, 42]]
[[13, 32], [47, 2]]
[[13, 32], [47, 10]]
[[13, 32], [47, 22]]
[[13, 32], [47, 34]]
[[13, 32], [47, 42]]
[[13, 32], [47, 54]]
[[13, 32], [51, 2]]
[[13, 32], [51, 10]]
[[13, 32], [51, 34]]
[[13, 32], [51, 42]]
[[13, 40], [7, 22]]
[[13, 40], [7, 54]]
[[13, 40], [15, 2]]
[[13, 40], [15, 10]]
[[13, 40], [15, 22]]
[[13, 40], [15, 34]]
[[13, 40], [15, 42]]
[[13, 40], [15, 54]]
[[13, 40], [19, 2]]
[[13, 40], [19, 10]]
[[13, 40], [19, 34]]
[[13, 40], [19, 42]]
[[13, 40], [39, 22]]
[[13, 40], [39, 54]]
[[13, 40], [47, 2]]
[[13, 40], [47, 10]]
[[13, 40], [47, 22]]
[[13, 40], [47, 34]]
[[13, 40], [47, 42]]
[[13, 40], [47, 54]]
[[13, 40], [51, 2]]
[[13, 40], [51, 10]]
[[13, 40], [51, 34]]
[[13, 40], [51, 42]]
[[13, 52], [7, 22]]
[[13, 52], [7, 54]]
[[13, 52], [15, 2]]
[[13, 52], [15, 10]]
[[13, 52], [15, 22]]
[[13, 52], [15, 34]]
[[13, 52], [15, 42]]
[[13, 52], [15, 54]]
[[13, 52], [19, 2]]
[[13, 52], [19, 10]]
[[13, 52], [19, 34]]
[[13, 52], [19, 42]]
[[13, 52], [39, 22]]
[[13, 52], [39, 54]]
[[13, 52], [47, 2]]
[[13, 52], [47, 10]]
[[13, 52], [47, 22]]
[[13, 52], [47, 34]]
[[13, 52], [47, 42]]
[[13, 52], [47, 54]]
[[13, 52], [51, 2]]
[[13, 52], [51, 10]]
[[13, 52], [51, 34]]
[[13, 52], [51, 42]]
[[13, 62], [7, 22]]
[[13, 62], [7, 54]]
[[13, 62], [15, 2]]
[[13, 62], [15, 10]]
[[13, 62], [15, 22]]
[[13, 62], [15, 34]]
[[13, 62], [15, 42]]
[[13, 62], [15, 54]]
[[13, 62], [19, 2]]
[[13, 62], [19, 10]]
[[13, 62], [19, 34]]
[[13, 62], [19, 42]]
[[13, 62], [39, 22]]
[[13, 62], [39, 54]]
[[13, 62], [47, 2]]
[[13, 62], [47, 10]]
[[13, 62], [47, 22]]
[[13, 62], [47, 34]]
[[13, 62], [47, 42]]
[[13, 62], [47, 54]]
[[13, 62], [51, 2]]
[[13, 62], [51, 10]]
[[13, 62], [51, 34]]
[[13, 62], [51, 42]]
[[16, 13], [14, 7]]
[[16, 13], [14, 15]]
[[16, 13], [14, 39]]
[[16, 13], [14, 47]]
[[16, 13], [18, 15]]
[[16, 13], [18, 19]]
[[16, 13], [18, 47]]
[[16, 13], [18, 51]]
[[16, 13], [46, 7]]
[[16, 13], [46, 15]]
[[16, 13], [46, 39]]
[[16, 13], [46, 47]]
[[16, 13], [50, 15]]
[[16, 13], [50, 19]]
[[16, 13], [50, 47]]
[[16, 13], [50, 51]]
[[16, 17], [14, 7]]
[[16, 17], [14, 15]]
[[16, 17], [14, 39]]
[[16, 17], [14, 47]]
[[16, 17], [18, 15]]
[[16, 17], [18, 19]]
[[16, 17], [18, 47]]
[[16, 17], [18, 51]]
[[16, 17], [24, 25]]
[[16, 17], [24, 57]]
[[16, 17], [46, 7]]
[[16, 17], [46, 15]]
[[16, 17], [46, 39]]
[[16, 17], [46, 47]]
[[16, 17], [50, 15]]
[[16, 17], [50, 19]]
[[16, 17], [50, 47]]
[[16, 17], [50, 51]]
[[16, 17], [56, 25]]
[[16, 17], [56, 57]]
[[16, 45], [14, 7]]
[[16, 45], [14, 15]]
[[16, 45], [14, 39]]
[[16, 45], [14, 47]]
[[16, 45], [18, 15]]
[[16, 45], [18, 19]]
[[16, 45], [18, 47]]
[[16, 45], [18, 51]]
[[16, 45], [46, 7]]
[[16, 45], [46, 15]]
[[16, 45], [46, 39]]
[[16, 45], [46, 47]]
[[16, 45], [50, 15]]
[[16, 45], [50, 19]]
[[16, 45], [50, 47]]
[[16, 45], [50, 51]]
[[16, 49], [14, 7]]
[[16, 49], [14, 15]]
[[16, 49], [14, 39]]
[[16, 49], [14, 47]]
[[16, 49], [18, 15]]
[[16, 49], [18, 19]]
[[16, 49], [18, 47]]
[[16, 49], [18, 51]]
[[16, 49], [24, 25]]
[[16, 49], [24, 57]]
[[16, 49], [46, 7]]
[[16, 49], [46, 15]]
[[16, 49], [46, 39]]
[[16, 49], [46, 47]]
[[16, 49], [50, 15]]
[[16, 49], [50, 19]]
[[16, 49], [50, 47]]
[[16, 49], [50, 51]]
[[16, 49], [56, 25]]
[[16, 49], [56, 57]]
[[17, 0], [15, 2]]
[[17, 0], [15, 10]]
[[17, 0], [15, 22]]
[[17, 0], [15, 34]]
[[17, 0], [15, 42]]
[[17, 0], [15, 54]]
[[17, 0], [19, 2]]
[[17, 0], [19, 10]]
[[17, 0], [19, 34]]
[[17, 0], [19, 42]]
[[17, 0], [47, 2]]
[[17, 0], [47, 10]]
[[17, 0], [47, 22]]
[[17, 0], [47, 34]]
[[17, 0], [47, 42]]
[[17, 0], [47, 54]]
[[17, 0], [51, 2]]
[[17, 0], [51, 10]]
[[17, 0], [51, 34]]
[[17, 0], [51, 42]]
[[17, 30], [7, 22]]
[[17, 30], [7, 54]]
[[17, 30], [15, 2]]
[[17, 30], [15, 10]]
[[17, 30], [15, 22]]
[[17, 30], [15, 34]]
[[17, 30], [15, 42]]
[[17, 30], [15, 54]]
[[17, 30], [19, 2]]
[[17, 30], [19, 10]]
[[17, 30], [19, 34]]
[[17, 30], [19, 42]]
[[17, 30], [39, 22]]
[[17, 30], [39, 54]]
[[17, 30], [47, 2]]
[[17, 30], [47, 10]]
[[17, 30], [47, 22]]
[[17, 30], [47, 34]]
[[17, 30], [47, 42]]
[[17, 30], [47, 54]]
[[17, 30], [51, 2]]
[[17, 30], [51, 10]]
[[17, 30], [51, 34]]
[[17, 30], [51, 42]]
[[17, 32], [15, 2]]
[[17, 32], [15, 10]]
[[17, 32], [15, 22]]
[[17, 32], [15, 34]]
[[17, 32], [15, 42]]
[[17, 32], [15, 54]]
[[17, 32], [19, 2]]
[[17, 32], [19, 10]]
[[17, 32], [19, 34]]
[[17, 32], [19, 42]]
[[17, 32], [47, 2]]
[[17, 32], [47, 10]]
[[17, 32], [47, 22]]
[[17, 32], [47, 34]]
[[17, 32], [47, 42]]
[[17, 32], [47, 54]]
[[17, 32], [51, 2]]
[[17, 32], [51, 10]]
[[17, 32], [51, 34]]
[[17, 32], [51, 42]]
[[17, 62], [7, 22]]
[[17, 62], [7, 54]]
[[17, 62], [15, 2]]
[[17, 62], [15, 10]]
[[17, 62], [15, 22]]
[[17, 62], [15, 34]]
[[17, 62], [15, 42]]
[[17, 62], [15, 54]]
[[17, 62], [19, 2]]
[[17, 62], [19, 10]]
[[17, 62], [19, 34]]
[[17, 62], [19, 42]]
[[17, 62], [39, 22]]
[[17, 62], [39, 54]]
[[17, 62], [47, 2]]
[[17, 62], [47, 10]]
[[17, 62], [47, 22]]
[[17, 62], [47, 34]]
[[17, 62], [47, 42]]
[[17, 62], [47, 54]]
[[17, 62], [51, 2]]
[[17, 62], [51, 10]]
[[17, 62], [51, 34]]
[[17, 62], [51, 42]]
[[20, 9], [2, 3]]
[[20, 9], [2, 11]]
[[20, 9], [2, 23]]
[[20, 9], [2, 35]]
[[20, 9], [2, 43]]
[[20, 9], [2, 55]]
[[20, 9], [6, 3]]
[[20, 9], [6, 7]]
[[20, 9], [6, 35]]
[[20, 9], [6, 39]]
[[20, 9], [10, 11]]
[[20, 9], [10, 23]]
[[20, 9], [10, 43]]
[[20, 9], [10, 55]]
[[20, 9], [22, 23]]
[[20, 9], [22, 55]]
[[20, 9], [34, 3]]
[[20, 9], [34, 11]]
[[20, 9], [34, 23]]
[[20, 9], [34, 35]]
[[20, 9], [34, 43]]
[[20, 9], [34, 55]]
[[20, 9], [38, 3]]
[[20, 9], [38, 7]]
[[20, 9], [38, 35]]
[[20, 9], [38, 39]]
[[20, 9], [42, 11]]
[[20, 9], [42, 23]]
[[20, 9], [42, 43]]
[[20, 9], [42, 55]]
[[20, 9], [54, 23]]
[[20, 9], [54, 55]]
[[20, 21], [2, 3]]
[[20, 21], [2, 11]]
[[20, 21], [2, 23]]
[[20, 21], [2, 35]]
[[20, 21], [2, 43]]
[[20, 21], [2, 55]]
[[20, 21], [6, 3]]
[[20, 21], [6, 7]]
[[20, 21], [6, 35]]
[[20, 21], [6, 39]]
[[20, 21], [10, 11]]
[[20, 21], [10, 23]]
[[20, 21], [10, 43]]
[[20, 21], [10, 55]]
[[20, 21], [22, 23]]
[[20, 21], [22, 55]]
[[20, 21], [34, 3]]
[[20, 21], [34, 11]]
[[20, 21], [34, 23]]
[[20, 21], [34, 35]]
[[20, 21], [34, 43]]
[[20, 21], [34, 55]]
[[20, 21], [38, 3]]
[[20, 21], [38, 7]]
[[20, 21], [38, 35]]
[[20, 21], [38, 39]]
[[20, 21], [42, 11]]
[[20, 21], [42, 23]]
[[20, 21], [42, 43]]
[[20, 21], [42, 55]]
[[20, 21], [54, 23]]
[[20, 21], [54, 55]]
[[20, 41], [2, 3]]
[[20, 41], [2, 11]]
[[20, 41], [2, 23]]
[[20, 41], [2, 35]]
[[20, 41], [2, 43]]
[[20, 41], [2, 55]]
[[20, 41], [6, 3]]
[[20, 41], [6, 7]]
[[20, 41], [6, 35]]
[[20, 41], [6, 39]]
[[20, 41], [10, 11]]
[[20, 41], [10, 23]]
[[20, 41], [10, 43]]
[[20, 41], [10, 55]]
[[20, 41], [22, 23]]
[[20, 41], [22, 55]]
[[20, 41], [34, 3]]
[[20, 41], [34, 11]]
[[20, 41], [34, 23]]
[[20, 41], [34, 35]]
[[20, 41], [34, 43]]
[[20, 41], [34, 55]]
[[20, 41], [38, 3]]
[[20, 41], [38, 7]]
[[20, 41], [38, 35]]
[[20, 41], [38, 39]]
[[20, 41], [42, 11]]
[[20, 41], [42, 23]]
[[20, 41], [42, 43]]
[[20, 41], [42, 55]]
[[20, 41], [54, 23]]
[[20, 41], [54, 55]]
[[20, 53], [2, 3]]
[[20, 53], [2, 11]]
[[20, 53], [2, 23]]
[[20, 53], [2, 35]]
[[20, 53], [2, 43]]
[[20, 53], [2, 55]]
[[20, 53], [6, 3]]
[[20, 53], [6, 7]]
[[20, 53], [6, 35]]
[[20, 53], [6, 39]]
[[20, 53], [10, 11]]
[[20, 53], [10, 23]]
[[20, 53], [10, 43]]
[[20, 53], [10, 55]]
[[20, 53], [22, 23]]
[[20, 53], [22, 55]]
[[20, 53], [34, 3]]
[[20, 53], [34, 11]]
[[20, 53], [34, 23]]
[[20, 53], [34, 35]]
[[20, 53], [34, 43]]
[[20, 53], [34, 55]]
[[20, 53], [38, 3]]
[[20, 53], [38, 7]]
[[20, 53], [38, 35]]
[[20, 53], [38, 39]]
[[20, 53], [42, 11]]
[[20, 53], [42, 23]]
[[20, 53], [42, 43]]
[[20, 53], [42, 55]]
[[20, 53], [54, 23]]
[[20, 53], [54, 55]]
[[21, 24], [11, 26]]
[[21, 24], [11, 58]]
[[21, 24], [23, 26]]
[[21, 24], [23, 58]]
[[21, 24], [43, 26]]
[[21, 24], [43, 58]]
[[21, 24], [55, 26]]
[[21, 24], [55, 58]]
[[21, 56], [11, 26]]
[[21, 56], [11, 58]]
[[21, 56], [23, 26]]
[[21, 56], [23, 58]]
[[21, 56], [43, 26]]
[[21, 56], [43, 58]]
[[21, 56], [55, 26]]
[[21, 56], [55, 58]]
[[24, 25], [26, 27]]
[[24, 25], [26, 59]]
[[24, 25], [58, 27]]
[[24, 25], [58, 59]]
[[24, 57], [26, 27]]
[[24, 57], [26, 59]]
[[24, 57], [58, 27]]
[[24, 57], [58, 59]]
[[28, 29], [0, 1]]
[[28, 29], [0, 9]]
[[28, 29], [0, 21]]
[[28, 29], [0, 31]]
[[28, 29], [0, 33]]
[[28, 29], [0, 41]]
[[28, 29], [0, 53]]
[[28, 29], [0, 63]]
[[28, 29], [4, 1]]
[[28, 29], [4, 5]]
[[28, 29], [4, 33]]
[[28, 29], [4, 37]]
[[28, 29], [8, 9]]
[[28, 29], [8, 21]]
[[28, 29], [8, 41]]
[[28, 29], [8, 53]]
[[28, 29], [20, 9]]
[[28, 29], [20, 21]]
[[28, 29], [20, 41]]
[[28, 29], [20, 53]]
[[28, 29], [30, 9]]
[[28, 29], [30, 21]]
[[28, 29], [30, 31]]
[[28, 29], [30, 41]]
[[28, 29], [30, 53]]
[[28, 29], [30, 63]]
[[28, 29], [32, 1]]
[[28, 29], [32, 9]]
[[28, 29], [32, 21]]
[[28, 29], [32, 31]]
[[28, 29], [32, 33]]
[[28, 29], [32, 41]]
[[28, 29], [32, 53]]
[[28, 29], [32, 63]]
[[28, 29], [36, 1]]
[[28, 29], [36, 5]]
[[28, 29], [36, 33]]
[[28, 29], [36, 37]]
[[28, 29], [40, 9]]
[[28, 29], [40, 21]]
[[28, 29], [40, 41]]
[[28, 29], [40, 53]]
[[28, 29], [52, 9]]
[[28, 29], [52, 21]]
[[28, 29], [52, 41]]
[[28, 29], [52, 53]]
[[28, 29], [62, 9]]
[[28, 29], [62, 21]]
[[28, 29], [62, 31]]
[[28, 29], [62, 41]]
[[28, 29], [62, 53]]
[[28, 29], [62, 63]]
[[28, 61], [0, 1]]
[[28, 61], [0, 9]]
[[28, 61], [0, 21]]
[[28, 61], [0, 31]]
[[28, 61], [0, 33]]
[[28, 61], [0, 41]]
[[28, 61], [0, 53]]
[[28, 61], [0, 63]]
[[28, 61], [4, 1]]
[[28, 61], [4, 5]]
[[28, 61], [4, 33]]
[[28, 61], [4, 37]]
[[28, 61], [8, 9]]
[[28, 61], [8, 21]]
[[28, 61], [8, 41]]
[[28, 61], [8, 53]]
[[28, 61], [20, 9]]
[[28, 61], [20, 21]]
[[28, 61], [20, 41]]
[[28, 61], [20, 53]]
[[28, 61], [30, 9]]
[[28, 61], [30, 21]]
[[28, 61], [30, 31]]
[[28, 61], [30, 41]]
[[28, 61], [30, 53]]
[[28, 61], [30, 63]]
[[28, 61], [32, 1]]
[[28, 61], [32, 9]]
[[28, 61], [32, 21]]
[[28, 61], [32, 31]]
[[28, 61], [32, 33]]
[[28, 61], [32, 41]]
[[28, 61], [32, 53]]
[[28, 61], [32, 63]]
[[28, 61], [36, 1]]
[[28, 61], [36, 5]]
[[28, 61], [36, 33]]
[[28, 61], [36, 37]]
[[28, 61], [40, 9]]
[[28, 61], [40, 21]]
[[28, 61], [40, 41]]
[[28, 61], [40, 53]]
[[28, 61], [52, 9]]
[[28, 61], [52, 21]]
[[28, 61], [52, 41]]
[[28, 61], [52, 53]]
[[28, 61], [62, 9]]
[[28, 61], [62, 21]]
[[28, 61], [62, 31]]
[[28, 61], [62, 41]]
[[28, 61], [62, 53]]
[[28, 61], [62, 63]]
[[30, 9], [2, 3]]
[[30, 9], [2, 11]]
[[30, 9], [2, 23]]
[[30, 9], [2, 35]]
[[30, 9], [2, 43]]
[[30, 9], [2, 55]]
[[30, 9], [6, 3]]
[[30, 9], [6, 7]]
[[30, 9], [6, 35]]
[[30, 9], [6, 39]]
[[30, 9], [10, 11]]
[[30, 9], [10, 23]]
[[30, 9], [10, 43]]
[[30, 9], [10, 55]]
[[30, 9], [22, 23]]
[[30, 9], [22, 55]]
[[30, 9], [34, 3]]
[[30, 9], [34, 11]]
[[30, 9], [34, 23]]
[[30, 9], [34, 35]]
[[30, 9], [34, 43]]
[[30, 9], [34, 55]]
[[30, 9], [38, 3]]
[[30, 9], [38, 7]]
[[30, 9], [38, 35]]
[[30, 9], [38, 39]]
[[30, 9], [42, 11]]
[[30, 9], [42, 23]]
[[30, 9], [42, 43]]
[[30, 9], [42, 55]]
[[30, 9], [54, 23]]
[[30, 9], [54, 55]]
[[30, 21], [2, 3]]
[[30, 21], [2, 11]]
[[30, 21], [2, 23]]
[[30, 21], [2, 35]]
[[30, 21], [2, 43]]
[[30, 21], [2, 55]]
[[30, 21], [6, 3]]
[[30, 21], [6, 7]]
[[30, 21], [6, 35]]
[[30, 21], [6, 39]]
[[30, 21], [10, 11]]
[[30, 21], [10, 23]]
[[30, 21], [10, 43]]
[[30, 21], [10, 55]]
[[30, 21], [22, 23]]
[[30, 21], [22, 55]]
[[30, 21], [34, 3]]
[[30, 21], [34, 11]]
[[30, 21], [34, 23]]
[[30, 21], [34, 35]]
[[30, 21], [34, 43]]
[[30, 21], [34, 55]]
[[30, 21], [38, 3]]
[[30, 21], [38, 7]]
[[30, 21], [38, 35]]
[[30, 21], [38, 39]]
[[30, 21], [42, 11]]
[[30, 21], [42, 23]]
[[30, 21], [42, 43]]
[[30, 21], [42, 55]]
[[30, 21], [54, 23]]
[[30, 21], [54, 55]]
[[30, 31], [2, 3]]
[[30, 31], [2, 11]]
[[30, 31], [2, 23]]
[[30, 31], [2, 35]]
[[30, 31], [2, 43]]
[[30, 31], [2, 55]]
[[30, 31], [6, 3]]
[[30, 31], [6, 7]]
[[30, 31], [6, 35]]
[[30, 31], [6, 39]]
[[30, 31], [10, 11]]
[[30, 31], [10, 23]]
[[30, 31], [10, 43]]
[[30, 31], [10, 55]]
[[30, 31], [22, 23]]
[[30, 31], [22, 55]]
[[30, 31], [34, 3]]
[[30, 31], [34, 11]]
[[30, 31], [34, 23]]
[[30, 31], [34, 35]]
[[30, 31], [34, 43]]
[[30, 31], [34, 55]]
[[30, 31], [38, 3]]
[[30, 31], [38, 7]]
[[30, 31], [38, 35]]
[[30, 31], [38, 39]]
[[30, 31], [42, 11]]
[[30, 31], [42, 23]]
[[30, 31], [42, 43]]
[[30, 31], [42, 55]]
[[30, 31], [54, 23]]
[[30, 31], [54, 55]]
[[30, 41], [2, 3]]
[[30, 41], [2, 11]]
[[30, 41], [2, 23]]
[[30, 41], [2, 35]]
[[30, 41], [2, 43]]
[[30, 41], [2, 55]]
[[30, 41], [6, 3]]
[[30, 41], [6, 7]]
[[30, 41], [6, 35]]
[[30, 41], [6, 39]]
[[30, 41], [10, 11]]
[[30, 41], [10, 23]]
[[30, 41], [10, 43]]
[[30, 41], [10, 55]]
[[30, 41], [22, 23]]
[[30, 41], [22, 55]]
[[30, 41], [34, 3]]
[[30, 41], [34, 11]]
[[30, 41], [34, 23]]
[[30, 41], [34, 35]]
[[30, 41], [34, 43]]
[[30, 41], [34, 55]]
[[30, 41], [38, 3]]
[[30, 41], [38, 7]]
[[30, 41], [38, 35]]
[[30, 41], [38, 39]]
[[30, 41], [42, 11]]
[[30, 41], [42, 23]]
[[30, 41], [42, 43]]
[[30, 41], [42, 55]]
[[30, 41], [54, 23]]
[[30, 41], [54, 55]]
[[30, 53], [2, 3]]
[[30, 53], [2, 11]]
[[30, 53], [2, 23]]
[[30, 53], [2, 35]]
[[30, 53], [2, 43]]
[[30, 53], [2, 55]]
[[30, 53], [6, 3]]
[[30, 53], [6, 7]]
[[30, 53], [6, 35]]
[[30, 53], [6, 39]]
[[30, 53], [10, 11]]
[[30, 53], [10, 23]]
[[30, 53], [10, 43]]
[[30, 53], [10, 55]]
[[30, 53], [22, 23]]
[[30, 53], [22, 55]]
[[30, 53], [34, 3]]
[[30, 53], [34, 11]]
[[30, 53], [34, 23]]
[[30, 53], [34, 35]]
[[30, 53], [34, 43]]
[[30, 53], [34, 55]]
[[30, 53], [38, 3]]
[[30, 53], [38, 7]]
[[30, 53], [38, 35]]
[[30, 53], [38, 39]]
[[30, 53], [42, 11]]
[[30, 53], [42, 23]]
[[30, 53], [42, 43]]
[[30, 53], [42, 55]]
[[30, 53], [54, 23]]
[[30, 53], [54, 55]]
[[30, 63], [2, 3]]
[[30, 63], [2, 11]]
[[30, 63], [2, 23]]
[[30, 63], [2, 35]]
[[30, 63], [2, 43]]
[[30, 63], [2, 55]]
[[30, 63], [6, 3]]
[[30, 63], [6, 7]]
[[30, 63], [6, 35]]
[[30, 63], [6, 39]]
[[30, 63], [10, 11]]
[[30, 63], [10, 23]]
[[30, 63], [10, 43]]
[[30, 63], [10, 55]]
[[30, 63], [22, 23]]
[[30, 63], [22, 55]]
[[30, 63], [34, 3]]
[[30, 63], [34, 11]]
[[30, 63], [34, 23]]
[[30, 63], [34, 35]]
[[30, 63], [34, 43]]
[[30, 63], [34, 55]]
[[30, 63], [38, 3]]
[[30, 63], [38, 7]]
[[30, 63], [38, 35]]
[[30, 63], [38, 39]]
[[30, 63], [42, 11]]
[[30, 63], [42, 23]]
[[30, 63], [42, 43]]
[[30, 63], [42, 55]]
[[30, 63], [54, 23]]
[[30, 63], [54, 55]]
[[32, 1], [2, 3]]
[[32, 1], [2, 11]]
[[32, 1], [2, 23]]
[[32, 1], [2, 35]]
[[32, 1], [2, 43]]
[[32, 1], [2, 55]]
[[32, 1], [6, 3]]
[[32, 1], [6, 7]]
[[32, 1], [6, 35]]
[[32, 1], [6, 39]]
[[32, 1], [10, 11]]
[[32, 1], [10, 23]]
[[32, 1], [10, 43]]
[[32, 1], [10, 55]]
[[32, 1], [14, 7]]
[[32, 1], [14, 15]]
[[32, 1], [14, 39]]
[[32, 1], [14, 47]]
[[32, 1], [34, 3]]
[[32, 1], [34, 11]]
[[32, 1], [34, 23]]
[[32, 1], [34, 35]]
[[32, 1], [34, 43]]
[[32, 1], [34, 55]]
[[32, 1], [38, 3]]
[[32, 1], [38, 7]]
[[32, 1], [38, 35]]
[[32, 1], [38, 39]]
[[32, 1], [42, 11]]
[[32, 1], [42, 23]]
[[32, 1], [42, 43]]
[[32, 1], [42, 55]]
[[32, 1], [46, 7]]
[[32, 1], [46, 15]]
[[32, 1], [46, 39]]
[[32, 1], [46, 47]]
[[32, 9], [2, 3]]
[[32, 9], [2, 11]]
[[32, 9], [2, 23]]
[[32, 9], [2, 35]]
[[32, 9], [2, 43]]
[[32, 9], [2, 55]]
[[32, 9], [6, 3]]
[[32, 9], [6, 7]]
[[32, 9], [6, 35]]
[[32, 9], [6, 39]]
[[32, 9], [10, 11]]
[[32, 9], [10, 23]]
[[32, 9], [10, 43]]
[[32, 9], [10, 55]]
[[32, 9], [22, 23]]
[[32, 9], [22, 55]]
[[32, 9], [34, 3]]
[[32, 9], [34, 11]]
[[32, 9], [34, 23]]
[[32, 9], [34, 35]]
[[32, 9], [34, 43]]
[[32, 9], [34, 55]]
[[32, 9], [38, 3]]
[[32, 9], [38, 7]]
[[32, 9], [38, 35]]
[[32, 9], [38, 39]]
[[32, 9], [42, 11]]
[[32, 9], [42, 23]]
[[32, 9], [42, 43]]
[[32, 9], [42, 55]]
[[32, 9], [54, 23]]
[[32, 9], [54, 55]]
[[32, 21], [2, 3]]
[[32, 21], [2, 11]]
[[32, 21], [2, 23]]
[[32, 21], [2, 35]]
[[32, 21], [2, 43]]
[[32, 21], [2, 55]]
[[32, 21], [6, 3]]
[[32, 21], [6, 7]]
[[32, 21], [6, 35]]
[[32, 21], [6, 39]]
[[32, 21], [10, 11]]
[[32, 21], [10, 23]]
[[32, 21], [10, 43]]
[[32, 21], [10, 55]]
[[32, 21], [22, 23]]
[[32, 21], [22, 55]]
[[32, 21], [34, 3]]
[[32, 21], [34, 11]]
[[32, 21], [34, 23]]
[[32, 21], [34, 35]]
[[32, 21], [34, 43]]
[[32, 21], [34, 55]]
[[32, 21], [38, 3]]
[[32, 21], [38, 7]]
[[32, 21], [38, 35]]
[[32, 21], [38, 39]]
[[32, 21], [42, 11]]
[[32, 21], [42, 23]]
[[32, 21], [42, 43]]
[[32, 21], [42, 55]]
[[32, 21], [54, 23]]
[[32, 21], [54, 55]]
[[32, 31], [2, 3]]
[[32, 31], [2, 11]]
[[32, 31], [2, 23]]
[[32, 31], [2, 35]]
[[32, 31], [2, 43]]
[[32, 31], [2, 55]]
[[32, 31], [6, 3]]
[[32, 31], [6, 7]]
[[32, 31], [6, 35]]
[[32, 31], [6, 39]]
[[32, 31], [10, 11]]
[[32, 31], [10, 23]]
[[32, 31], [10, 43]]
[[32, 31], [10, 55]]
[[32, 31], [22, 23]]
[[32, 31], [22, 55]]
[[32, 31], [34, 3]]
[[32, 31], [34, 11]]
[[32, 31], [34, 23]]
[[32, 31], [34, 35]]
[[32, 31], [34, 43]]
[[32, 31], [34, 55]]
[[32, 31], [38, 3]]
[[32, 31], [38, 7]]
[[32, 31], [38, 35]]
[[32, 31], [38, 39]]
[[32, 31], [42, 11]]
[[32, 31], [42, 23]]
[[32, 31], [42, 43]]
[[32, 31], [42, 55]]
[[32, 31], [54, 23]]
[[32, 31], [54, 55]]
[[32, 33], [2, 3]]
[[32, 33], [2, 11]]
[[32, 33], [2, 23]]
[[32, 33], [2, 35]]
[[32, 33], [2, 43]]
[[32, 33], [2, 55]]
[[32, 33], [6, 3]]
[[32, 33], [6, 7]]
[[32, 33], [6, 35]]
[[32, 33], [6, 39]]
[[32, 33], [10, 11]]
[[32, 33], [10, 23]]
[[32, 33], [10, 43]]
[[32, 33], [10, 55]]
[[32, 33], [14, 7]]
[[32, 33], [14, 15]]
[[32, 33], [14, 39]]
[[32, 33], [14, 47]]
[[32, 33], [34, 3]]
[[32, 33], [34, 11]]
[[32, 33], [34, 23]]
[[32, 33], [34, 35]]
[[32, 33], [34, 43]]
[[32, 33], [34, 55]]
[[32, 33], [38, 3]]
[[32, 33], [38, 7]]
[[32, 33], [38, 35]]
[[32, 33], [38, 39]]
[[32, 33], [42, 11]]
[[32, 33], [42, 23]]
[[32, 33], [42, 43]]
[[32, 33], [42, 55]]
[[32, 33], [46, 7]]
[[32, 33], [46, 15]]
[[32, 33], [46, 39]]
[[32, 33], [46, 47]]
[[32, 41], [2, 3]]
[[32, 41], [2, 11]]
[[32, 41], [2, 23]]
[[32, 41], [2, 35]]
[[32, 41], [2, 43]]
[[32, 41], [2, 55]]
[[32, 41], [6, 3]]
[[32, 41], [6, 7]]
[[32, 41], [6, 35]]
[[32, 41], [6, 39]]
[[32, 41], [10, 11]]
[[32, 41], [10, 23]]
[[32, 41], [10, 43]]
[[32, 41], [10, 55]]
[[32, 41], [22, 23]]
[[32, 41], [22, 55]]
[[32, 41], [34, 3]]
[[32, 41], [34, 11]]
[[32, 41], [34, 23]]
[[32, 41], [34, 35]]
[[32, 41], [34, 43]]
[[32, 41], [34, 55]]
[[32, 41], [38, 3]]
[[32, 41], [38, 7]]
[[32, 41], [38, 35]]
[[32, 41], [38, 39]]
[[32, 41], [42, 11]]
[[32, 41], [42, 23]]
[[32, 41], [42, 43]]
[[32, 41], [42, 55]]
[[32, 41], [54, 23]]
[[32, 41], [54, 55]]
[[32, 53], [2, 3]]
[[32, 53], [2, 11]]
[[32, 53], [2, 23]]
[[32, 53], [2, 35]]
[[32, 53], [2, 43]]
[[32, 53], [2, 55]]
[[32, 53], [6, 3]]
[[32, 53], [6, 7]]
[[32, 53], [6, 35]]
[[32, 53], [6, 39]]
[[32, 53], [10, 11]]
[[32, 53], [10, 23]]
[[32, 53], [10, 43]]
[[32, 53], [10, 55]]
[[32, 53], [22, 23]]
[[32, 53], [22, 55]]
[[32, 53], [34, 3]]
[[32, 53], [34, 11]]
[[32, 53], [34, 23]]
[[32, 53], [34, 35]]
[[32, 53], [34, 43]]
[[32, 53], [34, 55]]
[[32, 53], [38, 3]]
[[32, 53], [38, 7]]
[[32, 53], [38, 35]]
[[32, 53], [38, 39]]
[[32, 53], [42, 11]]
[[32, 53], [42, 23]]
[[32, 53], [42, 43]]
[[32, 53], [42, 55]]
[[32, 53], [54, 23]]
[[32, 53], [54, 55]]
[[32, 63], [2, 3]]
[[32, 63], [2, 11]]
[[32, 63], [2, 23]]
[[32, 63], [2, 35]]
[[32, 63], [2, 43]]
[[32, 63], [2, 55]]
[[32, 63], [6, 3]]
[[32, 63], [6, 7]]
[[32, 63], [6, 35]]
[[32, 63], [6, 39]]
[[32, 63], [10, 11]]
[[32, 63], [10, 23]]
[[32, 63], [10, 43]]
[[32, 63], [10, 55]]
[[32, 63], [22, 23]]
[[32, 63], [22, 55]]
[[32, 63], [34, 3]]
[[32, 63], [34, 11]]
[[32, 63], [34, 23]]
[[32, 63], [34, 35]]
[[32, 63], [34, 43]]
[[32, 63], [34, 55]]
[[32, 63], [38, 3]]
[[32, 63], [38, 7]]
[[32, 63], [38, 35]]
[[32, 63], [38, 39]]
[[32, 63], [42, 11]]
[[32, 63], [42, 23]]
[[32, 63], [42, 43]]
[[32, 63], [42, 55]]
[[32, 63], [54, 23]]
[[32, 63], [54, 55]]
[[36, 1], [2, 3]]
[[36, 1], [2, 11]]
[[36, 1], [2, 23]]
[[36, 1], [2, 35]]
[[36, 1], [2, 43]]
[[36, 1], [2, 55]]
[[36, 1], [6, 3]]
[[36, 1], [6, 7]]
[[36, 1], [6, 35]]
[[36, 1], [6, 39]]
[[36, 1], [10, 11]]
[[36, 1], [10, 23]]
[[36, 1], [10, 43]]
[[36, 1], [10, 55]]
[[36, 1], [14, 7]]
[[36, 1], [14, 15]]
[[36, 1], [14, 39]]
[[36, 1], [14, 47]]
[[36, 1], [34, 3]]
[[36, 1], [34, 11]]
[[36, 1], [34, 23]]
[[36, 1], [34, 35]]
[[36, 1], [34, 43]]
[[36, 1], [34, 55]]
[[36, 1], [38, 3]]
[[36, 1], [38, 7]]
[[36, 1], [38, 35]]
[[36, 1], [38, 39]]
[[36, 1], [42, 11]]
[[36, 1], [42, 23]]
[[36, 1], [42, 43]]
[[36, 1], [42, 55]]
[[36, 1], [46, 7]]
[[36, 1], [46, 15]]
[[36, 1], [46, 39]]
[[36, 1], [46, 47]]
[[36, 5], [6, 3]]
[[36, 5], [6, 7]]
[[36, 5], [6, 35]]
[[36, 5], [6, 39]]
[[36, 5], [14, 7]]
[[36, 5], [14, 15]]
[[36, 5], [14, 39]]
[[36, 5], [14, 47]]
[[36, 5], [18, 15]]
[[36, 5], [18, 19]]
[[36, 5], [18, 47]]
[[36, 5], [18, 51]]
[[36, 5], [38, 3]]
[[36, 5], [38, 7]]
[[36, 5], [38, 35]]
[[36, 5], [38, 39]]
[[36, 5], [46, 7]]
[[36, 5], [46, 15]]
[[36, 5], [46, 39]]
[[36, 5], [46, 47]]
[[36, 5], [50, 15]]
[[36, 5], [50, 19]]
[[36, 5], [50, 47]]
[[36, 5], [50, 51]]
[[36, 33], [2, 3]]
[[36, 33], [2, 11]]
[[36, 33], [2, 23]]
[[36, 33], [2, 35]]
[[36, 33], [2, 43]]
[[36, 33], [2, 55]]
[[36, 33], [6, 3]]
[[36, 33], [6, 7]]
[[36, 33], [6, 35]]
[[36, 33], [6, 39]]
[[36, 33], [10, 11]]
[[36, 33], [10, 23]]
[[36, 33], [10, 43]]
[[36, 33], [10, 55]]
[[36, 33], [14, 7]]
[[36, 33], [14, 15]]
[[36, 33], [14, 39]]
[[36, 33], [14, 47]]
[[36, 33], [34, 3]]
[[36, 33], [34, 11]]
[[36, 33], [34, 23]]
[[36, 33], [34, 35]]
[[36, 33], [34, 43]]
[[36, 33], [34, 55]]
[[36, 33], [38, 3]]
[[36, 33], [38, 7]]
[[36, 33], [38, 35]]
[[36, 33], [38, 39]]
[[36, 33], [42, 11]]
[[36, 33], [42, 23]]
[[36, 33], [42, 43]]
[[36, 33], [42, 55]]
[[36, 33], [46, 7]]
[[36, 33], [46, 15]]
[[36, 33], [46, 39]]
[[36, 33], [46, 47]]
[[36, 37], [6, 3]]
[[36, 37], [6, 7]]
[[36, 37], [6, 35]]
[[36, 37], [6, 39]]
[[36, 37], [14, 7]]
[[36, 37], [14, 15]]
[[36, 37], [14, 39]]
[[36, 37], [14, 47]]
[[36, 37], [18, 15]]
[[36, 37], [18, 19]]
[[36, 37], [18, 47]]
[[36, 37], [18, 51]]
[[36, 37], [38, 3]]
[[36, 37], [38, 7]]
[[36, 37], [38, 35]]
[[36, 37], [38, 39]]
[[36, 37], [46, 7]]
[[36, 37], [46, 15]]
[[36, 37], [46, 39]]
[[36, 37], [46, 47]]
[[36, 37], [50, 15]]
[[36, 37], [50, 19]]
[[36, 37], [50, 47]]
[[36, 37], [50, 51]]
[[37, 8], [7, 22]]
[[37, 8], [7, 54]]
[[37, 8], [15, 2]]
[[37, 8], [15, 10]]
[[37, 8], [15, 22]]
[[37, 8], [15, 34]]
[[37, 8], [15, 42]]
[[37, 8], [15, 54]]
[[37, 8], [19, 2]]
[[37, 8], [19, 10]]
[[37, 8], [19, 34]]
[[37, 8], [19, 42]]
[[37, 8], [39, 22]]
[[37, 8], [39, 54]]
[[37, 8], [47, 2]]
[[37, 8], [47, 10]]
[[37, 8], [47, 22]]
[[37, 8], [47, 34]]
[[37, 8], [47, 42]]
[[37, 8], [47, 54]]
[[37, 8], [51, 2]]
[[37, 8], [51, 10]]
[[37, 8], [51, 34]]
[[37, 8], [51, 42]]
[[37, 20], [7, 22]]
[[37, 20], [7, 54]]
[[37, 20], [15, 2]]
[[37, 20], [15, 10]]
[[37, 20], [15, 22]]
[[37, 20], [15, 34]]
[[37, 20], [15, 42]]
[[37, 20], [15, 54]]
[[37, 20], [19, 2]]
[[37, 20], [19, 10]]
[[37, 20], [19, 34]]
[[37, 20], [19, 42]]
[[37, 20], [39, 22]]
[[37, 20], [39, 54]]
[[37, 20], [47, 2]]
[[37, 20], [47, 10]]
[[37, 20], [47, 22]]
[[37, 20], [47, 34]]
[[37, 20], [47, 42]]
[[37, 20], [47, 54]]
[[37, 20], [51, 2]]
[[37, 20], [51, 10]]
[[37, 20], [51, 34]]
[[37, 20], [51, 42]]
[[37, 40], [7, 22]]
[[37, 40], [7, 54]]
[[37, 40], [15, 2]]
[[37, 40], [15, 10]]
[[37, 40], [15, 22]]
[[37, 40], [15, 34]]
[[37, 40], [15, 42]]
[[37, 40], [15, 54]]
[[37, 40], [19, 2]]
[[37, 40], [19, 10]]
[[37, 40], [19, 34]]
[[37, 40], [19, 42]]
[[37, 40], [39, 22]]
[[37, 40], [39, 54]]
[[37, 40], [47, 2]]
[[37, 40], [47, 10]]
[[37, 40], [47, 22]]
[[37, 40], [47, 34]]
[[37, 40], [47, 42]]
[[37, 40], [47, 54]]
[[37, 40], [51, 2]]
[[37, 40], [51, 10]]
[[37, 40], [51, 34]]
[[37, 40], [51, 42]]
[[37, 52], [7, 22]]
[[37, 52], [7, 54]]
[[37, 52], [15, 2]]
[[37, 52], [15, 10]]
[[37, 52], [15, 22]]
[[37, 52], [15, 34]]
[[37, 52], [15, 42]]
[[37, 52], [15, 54]]
[[37, 52], [19, 2]]
[[37, 52], [19, 10]]
[[37, 52], [19, 34]]
[[37, 52], [19, 42]]
[[37, 52], [39, 22]]
[[37, 52], [39, 54]]
[[37, 52], [47, 2]]
[[37, 52], [47, 10]]
[[37, 52], [47, 22]]
[[37, 52], [47, 34]]
[[37, 52], [47, 42]]
[[37, 52], [47, 54]]
[[37, 52], [51, 2]]
[[37, 52], [51, 10]]
[[37, 52], [51, 34]]
[[37, 52], [51, 42]]
[[40, 9], [2, 3]]
[[40, 9], [2, 11]]
[[40, 9], [2, 23]]
[[40, 9], [2, 35]]
[[40, 9], [2, 43]]
[[40, 9], [2, 55]]
[[40, 9], [6, 3]]
[[40, 9], [6, 7]]
[[40, 9], [6, 35]]
[[40, 9], [6, 39]]
[[40, 9], [10, 11]]
[[40, 9], [10, 23]]
[[40, 9], [10, 43]]
[[40, 9], [10, 55]]
[[40, 9], [22, 23]]
[[40, 9], [22, 55]]
[[40, 9], [34, 3]]
[[40, 9], [34, 11]]
[[40, 9], [34, 23]]
[[40, 9], [34, 35]]
[[40, 9], [34, 43]]
[[40, 9], [34, 55]]
[[40, 9], [38, 3]]
[[40, 9], [38, 7]]
[[40, 9], [38, 35]]
[[40, 9], [38, 39]]
[[40, 9], [42, 11]]
[[40, 9], [42, 23]]
[[40, 9], [42, 43]]
[[40, 9], [42, 55]]
[[40, 9], [54, 23]]
[[40, 9], [54, 55]]
[[40, 21], [2, 3]]
[[40, 21], [2, 11]]
[[40, 21], [2, 23]]
[[40, 21], [2, 35]]
[[40, 21], [2, 43]]
[[40, 21], [2, 55]]
[[40, 21], [6, 3]]
[[40, 21], [6, 7]]
[[40, 21], [6, 35]]
[[40, 21], [6, 39]]
[[40, 21], [10, 11]]
[[40, 21], [10, 23]]
[[40, 21], [10, 43]]
[[40, 21], [10, 55]]
[[40, 21], [22, 23]]
[[40, 21], [22, 55]]
[[40, 21], [34, 3]]
[[40, 21], [34, 11]]
[[40, 21], [34, 23]]
[[40, 21], [34, 35]]
[[40, 21], [34, 43]]
[[40, 21], [34, 55]]
[[40, 21], [38, 3]]
[[40, 21], [38, 7]]
[[40, 21], [38, 35]]
[[40, 21], [38, 39]]
[[40, 21], [42, 11]]
[[40, 21], [42, 23]]
[[40, 21], [42, 43]]
[[40, 21], [42, 55]]
[[40, 21], [54, 23]]
[[40, 21], [54, 55]]
[[40, 41], [2, 3]]
[[40, 41], [2, 11]]
[[40, 41], [2, 23]]
[[40, 41], [2, 35]]
[[40, 41], [2, 43]]
[[40, 41], [2, 55]]
[[40, 41], [6, 3]]
[[40, 41], [6, 7]]
[[40, 41], [6, 35]]
[[40, 41], [6, 39]]
[[40, 41], [10, 11]]
[[40, 41], [10, 23]]
[[40, 41], [10, 43]]
[[40, 41], [10, 55]]
[[40, 41], [22, 23]]
[[40, 41], [22, 55]]
[[40, 41], [34, 3]]
[[40, 41], [34, 11]]
[[40, 41], [34, 23]]
[[40, 41], [34, 35]]
[[40, 41], [34, 43]]
[[40, 41], [34, 55]]
[[40, 41], [38, 3]]
[[40, 41], [38, 7]]
[[40, 41], [38, 35]]
[[40, 41], [38, 39]]
[[40, 41], [42, 11]]
[[40, 41], [42, 23]]
[[40, 41], [42, 43]]
[[40, 41], [42, 55]]
[[40, 41], [54, 23]]
[[40, 41], [54, 55]]
[[40, 53], [2, 3]]
[[40, 53], [2, 11]]
[[40, 53], [2, 23]]
[[40, 53], [2, 35]]
[[40, 53], [2, 43]]
[[40, 53], [2, 55]]
[[40, 53], [6, 3]]
[[40, 53], [6, 7]]
[[40, 53], [6, 35]]
[[40, 53], [6, 39]]
[[40, 53], [10, 11]]
[[40, 53], [10, 23]]
[[40, 53], [10, 43]]
[[40, 53], [10, 55]]
[[40, 53], [22, 23]]
[[40, 53], [22, 55]]
[[40, 53], [34, 3]]
[[40, 53], [34, 11]]
[[40, 53], [34, 23]]
[[40, 53], [34, 35]]
[[40, 53], [34, 43]]
[[40, 53], [34, 55]]
[[40, 53], [38, 3]]
[[40, 53], [38, 7]]
[[40, 53], [38, 35]]
[[40, 53], [38, 39]]
[[40, 53], [42, 11]]
[[40, 53], [42, 23]]
[[40, 53], [42, 43]]
[[40, 53], [42, 55]]
[[40, 53], [54, 23]]
[[40, 53], [54, 55]]
[[41, 24], [11, 26]]
[[41, 24], [11, 58]]
[[41, 24], [23, 26]]
[[41, 24], [23, 58]]
[[41, 24], [43, 26]]
[[41, 24], [43, 58]]
[[41, 24], [55, 26]]
[[41, 24], [55, 58]]
[[41, 56], [11, 26]]
[[41, 56], [11, 58]]
[[41, 56], [23, 26]]
[[41, 56], [23, 58]]
[[41, 56], [43, 26]]
[[41, 56], [43, 58]]
[[41, 56], [55, 26]]
[[41, 56], [55, 58]]
[[44, 5], [6, 3]]
[[44, 5], [6, 7]]
[[44, 5], [6, 35]]
[[44, 5], [6, 39]]
[[44, 5], [14, 7]]
[[44, 5], [14, 15]]
[[44, 5], [14, 39]]
[[44, 5], [14, 47]]
[[44, 5], [18, 15]]
[[44, 5], [18, 19]]
[[44, 5], [18, 47]]
[[44, 5], [18, 51]]
[[44, 5], [38, 3]]
[[44, 5], [38, 7]]
[[44, 5], [38, 35]]
[[44, 5], [38, 39]]
[[44, 5], [46, 7]]
[[44, 5], [46, 15]]
[[44, 5], [46, 39]]
[[44, 5], [46, 47]]
[[44, 5], [50, 15]]
[[44, 5], [50, 19]]
[[44, 5], [50, 47]]
[[44, 5], [50, 51]]
[[44, 13], [14, 7]]
[[44, 13], [14, 15]]
[[44, 13], [14, 39]]
[[44, 13], [14, 47]]
[[44, 13], [18, 15]]
[[44, 13], [18, 19]]
[[44, 13], [18, 47]]
[[44, 13], [18, 51]]
[[44, 13], [46, 7]]
[[44, 13], [46, 15]]
[[44, 13], [46, 39]]
[[44, 13], [46, 47]]
[[44, 13], [50, 15]]
[[44, 13], [50, 19]]
[[44, 13], [50, 47]]
[[44, 13], [50, 51]]
[[44, 37], [6, 3]]
[[44, 37], [6, 7]]
[[44, 37], [6, 35]]
[[44, 37], [6, 39]]
[[44, 37], [14, 7]]
[[44, 37], [14, 15]]
[[44, 37], [14, 39]]
[[44, 37], [14, 47]]
[[44, 37], [18, 15]]
[[44, 37], [18, 19]]
[[44, 37], [18, 47]]
[[44, 37], [18, 51]]
[[44, 37], [38, 3]]
[[44, 37], [38, 7]]
[[44, 37], [38, 35]]
[[44, 37], [38, 39]]
[[44, 37], [46, 7]]
[[44, 37], [46, 15]]
[[44, 37], [46, 39]]
[[44, 37], [46, 47]]
[[44, 37], [50, 15]]
[[44, 37], [50, 19]]
[[44, 37], [50, 47]]
[[44, 37], [50, 51]]
[[44, 45], [14, 7]]
[[44, 45], [14, 15]]
[[44, 45], [14, 39]]
[[44, 45], [14, 47]]
[[44, 45], [18, 15]]
[[44, 45], [18, 19]]
[[44, 45], [18, 47]]
[[44, 45], [18, 51]]
[[44, 45], [46, 7]]
[[44, 45], [46, 15]]
[[44, 45], [46, 39]]
[[44, 45], [46, 47]]
[[44, 45], [50, 15]]
[[44, 45], [50, 19]]
[[44, 45], [50, 47]]
[[44, 45], [50, 51]]
[[45, 0], [15, 2]]
[[45, 0], [15, 10]]
[[45, 0], [15, 22]]
[[45, 0], [15, 34]]
[[45, 0], [15, 42]]
[[45, 0], [15, 54]]
[[45, 0], [19, 2]]
[[45, 0], [19, 10]]
[[45, 0], [19, 34]]
[[45, 0], [19, 42]]
[[45, 0], [47, 2]]
[[45, 0], [47, 10]]
[[45, 0], [47, 22]]
[[45, 0], [47, 34]]
[[45, 0], [47, 42]]
[[45, 0], [47, 54]]
[[45, 0], [51, 2]]
[[45, 0], [51, 10]]
[[45, 0], [51, 34]]
[[45, 0], [51, 42]]
[[45, 8], [7, 22]]
[[45, 8], [7, 54]]
[[45, 8], [15, 2]]
[[45, 8], [15, 10]]
[[45, 8], [15, 22]]
[[45, 8], [15, 34]]
[[45, 8], [15, 42]]
[[45, 8], [15, 54]]
[[45, 8], [19, 2]]
[[45, 8], [19, 10]]
[[45, 8], [19, 34]]
[[45, 8], [19, 42]]
[[45, 8], [39, 22]]
[[45, 8], [39, 54]]
[[45, 8], [47, 2]]
[[45, 8], [47, 10]]
[[45, 8], [47, 22]]
[[45, 8], [47, 34]]
[[45, 8], [47, 42]]
[[45, 8], [47, 54]]
[[45, 8], [51, 2]]
[[45, 8], [51, 10]]
[[45, 8], [51, 34]]
[[45, 8], [51, 42]]
[[45, 20], [7, 22]]
[[45, 20], [7, 54]]
[[45, 20], [15, 2]]
[[45, 20], [15, 10]]
[[45, 20], [15, 22]]
[[45, 20], [15, 34]]
[[45, 20], [15, 42]]
[[45, 20], [15, 54]]
[[45, 20], [19, 2]]
[[45, 20], [19, 10]]
[[45, 20], [19, 34]]
[[45, 20], [19, 42]]
[[45, 20], [39, 22]]
[[45, 20], [39, 54]]
[[45, 20], [47, 2]]
[[45, 20], [47, 10]]
[[45, 20], [47, 22]]
[[45, 20], [47, 34]]
[[45, 20], [47, 42]]
[[45, 20], [47, 54]]
[[45, 20], [51, 2]]
[[45, 20], [51, 10]]
[[45, 20], [51, 34]]
[[45, 20], [51, 42]]
[[45, 30], [7, 22]]
[[45, 30], [7, 54]]
[[45, 30], [15, 2]]
[[45, 30], [15, 10]]
[[45, 30], [15, 22]]
[[45, 30], [15, 34]]
[[45, 30], [15, 42]]
[[45, 30], [15, 54]]
[[45, 30], [19, 2]]
[[45, 30], [19, 10]]
[[45, 30], [19, 34]]
[[45, 30], [19, 42]]
[[45, 30], [39, 22]]
[[45, 30], [39, 54]]
[[45, 30], [47, 2]]
[[45, 30], [47, 10]]
[[45, 30], [47, 22]]
[[45, 30], [47, 34]]
[[45, 30], [47, 42]]
[[45, 30], [47, 54]]
[[45, 30], [51, 2]]
[[45, 30], [51, 10]]
[[45, 30], [51, 34]]
[[45, 30], [51, 42]]
[[45, 32], [15, 2]]
[[45, 32], [15, 10]]
[[45, 32], [15, 22]]
[[45, 32], [15, 34]]
[[45, 32], [15, 42]]
[[45, 32], [15, 54]]
[[45, 32], [19, 2]]
[[45, 32], [19, 10]]
[[45, 32], [19, 34]]
[[45, 32], [19, 42]]
[[45, 32], [47, 2]]
[[45, 32], [47, 10]]
[[45, 32], [47, 22]]
[[45, 32], [47, 34]]
[[45, 32], [47, 42]]
[[45, 32], [47, 54]]
[[45, 32], [51, 2]]
[[45, 32], [51, 10]]
[[45, 32], [51, 34]]
[[45, 32], [51, 42]]
[[45, 40], [7, 22]]
[[45, 40], [7, 54]]
[[45, 40], [15, 2]]
[[45, 40], [15, 10]]
[[45, 40], [15, 22]]
[[45, 40], [15, 34]]
[[45, 40], [15, 42]]
[[45, 40], [15, 54]]
[[45, 40], [19, 2]]
[[45, 40], [19, 10]]
[[45, 40], [19, 34]]
[[45, 40], [19, 42]]
[[45, 40], [39, 22]]
[[45, 40], [39, 54]]
[[45, 40], [47, 2]]
[[45, 40], [47, 10]]
[[45, 40], [47, 22]]
[[45, 40], [47, 34]]
[[45, 40], [47, 42]]
[[45, 40], [47, 54]]
[[45, 40], [51, 2]]
[[45, 40], [51, 10]]
[[45, 40], [51, 34]]
[[45, 40], [51, 42]]
[[45, 52], [7, 22]]
[[45, 52], [7, 54]]
[[45, 52], [15, 2]]
[[45, 52], [15, 10]]
[[45, 52], [15, 22]]
[[45, 52], [15, 34]]
[[45, 52], [15, 42]]
[[45, 52], [15, 54]]
[[45, 52], [19, 2]]
[[45, 52], [19, 10]]
[[45, 52], [19, 34]]
[[45, 52], [19, 42]]
[[45, 52], [39, 22]]
[[45, 52], [39, 54]]
[[45, 52], [47, 2]]
[[45, 52], [47, 10]]
[[45, 52], [47, 22]]
[[45, 52], [47, 34]]
[[45, 52], [47, 42]]
[[45, 52], [47, 54]]
[[45, 52], [51, 2]]
[[45, 52], [51, 10]]
[[45, 52], [51, 34]]
[[45, 52], [51, 42]]
[[45, 62], [7, 22]]
[[45, 62], [7, 54]]
[[45, 62], [15, 2]]
[[45, 62], [15, 10]]
[[45, 62], [15, 22]]
[[45, 62], [15, 34]]
[[45, 62], [15, 42]]
[[45, 62], [15, 54]]
[[45, 62], [19, 2]]
[[45, 62], [19, 10]]
[[45, 62], [19, 34]]
[[45, 62], [19, 42]]
[[45, 62], [39, 22]]
[[45, 62], [39, 54]]
[[45, 62], [47, 2]]
[[45, 62], [47, 10]]
[[45, 62], [47, 22]]
[[45, 62], [47, 34]]
[[45, 62], [47, 42]]
[[45, 62], [47, 54]]
[[45, 62], [51, 2]]
[[45, 62], [51, 10]]
[[45, 62], [51, 34]]
[[45, 62], [51, 42]]
[[48, 13], [14, 7]]
[[48, 13], [14, 15]]
[[48, 13], [14, 39]]
[[48, 13], [14, 47]]
[[48, 13], [18, 15]]
[[48, 13], [18, 19]]
[[48, 13], [18, 47]]
[[48, 13], [18, 51]]
[[48, 13], [46, 7]]
[[48, 13], [46, 15]]
[[48, 13], [46, 39]]
[[48, 13], [46, 47]]
[[48, 13], [50, 15]]
[[48, 13], [50, 19]]
[[48, 13], [50, 47]]
[[48, 13], [50, 51]]
[[48, 17], [14, 7]]
[[48, 17], [14, 15]]
[[48, 17], [14, 39]]
[[48, 17], [14, 47]]
[[48, 17], [18, 15]]
[[48, 17], [18, 19]]
[[48, 17], [18, 47]]
[[48, 17], [18, 51]]
[[48, 17], [24, 25]]
[[48, 17], [24, 57]]
[[48, 17], [46, 7]]
[[48, 17], [46, 15]]
[[48, 17], [46, 39]]
[[48, 17], [46, 47]]
[[48, 17], [50, 15]]
[[48, 17], [50, 19]]
[[48, 17], [50, 47]]
[[48, 17], [50, 51]]
[[48, 17], [56, 25]]
[[48, 17], [56, 57]]
[[48, 45], [14, 7]]
[[48, 45], [14, 15]]
[[48, 45], [14, 39]]
[[48, 45], [14, 47]]
[[48, 45], [18, 15]]
[[48, 45], [18, 19]]
[[48, 45], [18, 47]]
[[48, 45], [18, 51]]
[[48, 45], [46, 7]]
[[48, 45], [46, 15]]
[[48, 45], [46, 39]]
[[48, 45], [46, 47]]
[[48, 45], [50, 15]]
[[48, 45], [50, 19]]
[[48, 45], [50, 47]]
[[48, 45], [50, 51]]
[[48, 49], [14, 7]]
[[48, 49], [14, 15]]
[[48, 49], [14, 39]]
[[48, 49], [14, 47]]
[[48, 49], [18, 15]]
[[48, 49], [18, 19]]
[[48, 49], [18, 47]]
[[48, 49], [18, 51]]
[[48, 49], [24, 25]]
[[48, 49], [24, 57]]
[[48, 49], [46, 7]]
[[48, 49], [46, 15]]
[[48, 49], [46, 39]]
[[48, 49], [46, 47]]
[[48, 49], [50, 15]]
[[48, 49], [50, 19]]
[[48, 49], [50, 47]]
[[48, 49], [50, 51]]
[[48, 49], [56, 25]]
[[48, 49], [56, 57]]
[[49, 0], [15, 2]]
[[49, 0], [15, 10]]
[[49, 0], [15, 22]]
[[49, 0], [15, 34]]
[[49, 0], [15, 42]]
[[49, 0], [15, 54]]
[[49, 0], [19, 2]]
[[49, 0], [19, 10]]
[[49, 0], [19, 34]]
[[49, 0], [19, 42]]
[[49, 0], [47, 2]]
[[49, 0], [47, 10]]
[[49, 0], [47, 22]]
[[49, 0], [47, 34]]
[[49, 0], [47, 42]]
[[49, 0], [47, 54]]
[[49, 0], [51, 2]]
[[49, 0], [51, 10]]
[[49, 0], [51, 34]]
[[49, 0], [51, 42]]
[[49, 30], [7, 22]]
[[49, 30], [7, 54]]
[[49, 30], [15, 2]]
[[49, 30], [15, 10]]
[[49, 30], [15, 22]]
[[49, 30], [15, 34]]
[[49, 30], [15, 42]]
[[49, 30], [15, 54]]
[[49, 30], [19, 2]]
[[49, 30], [19, 10]]
[[49, 30], [19, 34]]
[[49, 30], [19, 42]]
[[49, 30], [39, 22]]
[[49, 30], [39, 54]]
[[49, 30], [47, 2]]
[[49, 30], [47, 10]]
[[49, 30], [47, 22]]
[[49, 30], [47, 34]]
[[49, 30], [47, 42]]
[[49, 30], [47, 54]]
[[49, 30], [51, 2]]
[[49, 30], [51, 10]]
[[49, 30], [51, 34]]
[[49, 30], [51, 42]]
[[49, 32], [15, 2]]
[[49, 32], [15, 10]]
[[49, 32], [15, 22]]
[[49, 32], [15, 34]]
[[49, 32], [15, 42]]
[[49, 32], [15, 54]]
[[49, 32], [19, 2]]
[[49, 32], [19, 10]]
[[49, 32], [19, 34]]
[[49, 32], [19, 42]]
[[49, 32], [47, 2]]
[[49, 32], [47, 10]]
[[49, 32], [47, 22]]
[[49, 32], [47, 34]]
[[49, 32], [47, 42]]
[[49, 32], [47, 54]]
[[49, 32], [51, 2]]
[[49, 32], [51, 10]]
[[49, 32], [51, 34]]
[[49, 32], [51, 42]]
[[49, 62], [7, 22]]
[[49, 62], [7, 54]]
[[49, 62], [15, 2]]
[[49, 62], [15, 10]]
[[49, 62], [15, 22]]
[[49, 62], [15, 34]]
[[49, 62], [15, 42]]
[[49, 62], [15, 54]]
[[49, 62], [19, 2]]
[[49, 62], [19, 10]]
[[49, 62], [19, 34]]
[[49, 62], [19, 42]]
[[49, 62], [39, 22]]
[[49, 62], [39, 54]]
[[49, 62], [47, 2]]
[[49, 62], [47, 10]]
[[49, 62], [47, 22]]
[[49, 62], [47, 34]]
[[49, 62], [47, 42]]
[[49, 62], [47, 54]]
[[49, 62], [51, 2]]
[[49, 62], [51, 10]]
[[49, 62], [51, 34]]
[[49, 62], [51, 42]]
[[52, 9], [2, 3]]
[[52, 9], [2, 11]]
[[52, 9], [2, 23]]
[[52, 9], [2, 35]]
[[52, 9], [2, 43]]
[[52, 9], [2, 55]]
[[52, 9], [6, 3]]
[[52, 9], [6, 7]]
[[52, 9], [6, 35]]
[[52, 9], [6, 39]]
[[52, 9], [10, 11]]
[[52, 9], [10, 23]]
[[52, 9], [10, 43]]
[[52, 9], [10, 55]]
[[52, 9], [22, 23]]
[[52, 9], [22, 55]]
[[52, 9], [34, 3]]
[[52, 9], [34, 11]]
[[52, 9], [34, 23]]
[[52, 9], [34, 35]]
[[52, 9], [34, 43]]
[[52, 9], [34, 55]]
[[52, 9], [38, 3]]
[[52, 9], [38, 7]]
[[52, 9], [38, 35]]
[[52, 9], [38, 39]]
[[52, 9], [42, 11]]
[[52, 9], [42, 23]]
[[52, 9], [42, 43]]
[[52, 9], [42, 55]]
[[52, 9], [54, 23]]
[[52, 9], [54, 55]]
[[52, 21], [2, 3]]
[[52, 21], [2, 11]]
[[52, 21], [2, 23]]
[[52, 21], [2, 35]]
[[52, 21], [2, 43]]
[[52, 21], [2, 55]]
[[52, 21], [6, 3]]
[[52, 21], [6, 7]]
[[52, 21], [6, 35]]
[[52, 21], [6, 39]]
[[52, 21], [10, 11]]
[[52, 21], [10, 23]]
[[52, 21], [10, 43]]
[[52, 21], [10, 55]]
[[52, 21], [22, 23]]
[[52, 21], [22, 55]]
[[52, 21], [34, 3]]
[[52, 21], [34, 11]]
[[52, 21], [34, 23]]
[[52, 21], [34, 35]]
[[52, 21], [34, 43]]
[[52, 21], [34, 55]]
[[52, 21], [38, 3]]
[[52, 21], [38, 7]]
[[52, 21], [38, 35]]
[[52, 21], [38, 39]]
[[52, 21], [42, 11]]
[[52, 21], [42, 23]]
[[52, 21], [42, 43]]
[[52, 21], [42, 55]]
[[52, 21], [54, 23]]
[[52, 21], [54, 55]]
[[52, 41], [2, 3]]
[[52, 41], [2, 11]]
[[52, 41], [2, 23]]
[[52, 41], [2, 35]]
[[52, 41], [2, 43]]
[[52, 41], [2, 55]]
[[52, 41], [6, 3]]
[[52, 41], [6, 7]]
[[52, 41], [6, 35]]
[[52, 41], [6, 39]]
[[52, 41], [10, 11]]
[[52, 41], [10, 23]]
[[52, 41], [10, 43]]
[[52, 41], [10, 55]]
[[52, 41], [22, 23]]
[[52, 41], [22, 55]]
[[52, 41], [34, 3]]
[[52, 41], [34, 11]]
[[52, 41], [34, 23]]
[[52, 41], [34, 35]]
[[52, 41], [34, 43]]
[[52, 41], [34, 55]]
[[52, 41], [38, 3]]
[[52, 41], [38, 7]]
[[52, 41], [38, 35]]
[[52, 41], [38, 39]]
[[52, 41], [42, 11]]
[[52, 41], [42, 23]]
[[52, 41], [42, 43]]
[[52, 41], [42, 55]]
[[52, 41], [54, 23]]
[[52, 41], [54, 55]]
[[52, 53], [2, 3]]
[[52, 53], [2, 11]]
[[52, 53], [2, 23]]
[[52, 53], [2, 35]]
[[52, 53], [2, 43]]
[[52, 53], [2, 55]]
[[52, 53], [6, 3]]
[[52, 53], [6, 7]]
[[52, 53], [6, 35]]
[[52, 53], [6, 39]]
[[52, 53], [10, 11]]
[[52, 53], [10, 23]]
[[52, 53], [10, 43]]
[[52, 53], [10, 55]]
[[52, 53], [22, 23]]
[[52, 53], [22, 55]]
[[52, 53], [34, 3]]
[[52, 53], [34, 11]]
[[52, 53], [34, 23]]
[[52, 53], [34, 35]]
[[52, 53], [34, 43]]
[[52, 53], [34, 55]]
[[52, 53], [38, 3]]
[[52, 53], [38, 7]]
[[52, 53], [38, 35]]
[[52, 53], [38, 39]]
[[52, 53], [42, 11]]
[[52, 53], [42, 23]]
[[52, 53], [42, 43]]
[[52, 53], [42, 55]]
[[52, 53], [54, 23]]
[[52, 53], [54, 55]]
[[53, 24], [11, 26]]
[[53, 24], [11, 58]]
[[53, 24], [23, 26]]
[[53, 24], [23, 58]]
[[53, 24], [43, 26]]
[[53, 24], [43, 58]]
[[53, 24], [55, 26]]
[[53, 24], [55, 58]]
[[53, 56], [11, 26]]
[[53, 56], [11, 58]]
[[53, 56], [23, 26]]
[[53, 56], [23, 58]]
[[53, 56], [43, 26]]
[[53, 56], [43, 58]]
[[53, 56], [55, 26]]
[[53, 56], [55, 58]]
[[56, 25], [26, 27]]
[[56, 25], [26, 59]]
[[56, 25], [58, 27]]
[[56, 25], [58, 59]]
[[56, 57], [26, 27]]
[[56, 57], [26, 59]]
[[56, 57], [58, 27]]
[[56, 57], [58, 59]]
[[60, 29], [0, 1]]
[[60, 29], [0, 9]]
[[60, 29], [0, 21]]
[[60, 29], [0, 31]]
[[60, 29], [0, 33]]
[[60, 29], [0, 41]]
[[60, 29], [0, 53]]
[[60, 29], [0, 63]]
[[60, 29], [4, 1]]
[[60, 29], [4, 5]]
[[60, 29], [4, 33]]
[[60, 29], [4, 37]]
[[60, 29], [8, 9]]
[[60, 29], [8, 21]]
[[60, 29], [8, 41]]
[[60, 29], [8, 53]]
[[60, 29], [20, 9]]
[[60, 29], [20, 21]]
[[60, 29], [20, 41]]
[[60, 29], [20, 53]]
[[60, 29], [30, 9]]
[[60, 29], [30, 21]]
[[60, 29], [30, 31]]
[[60, 29], [30, 41]]
[[60, 29], [30, 53]]
[[60, 29], [30, 63]]
[[60, 29], [32, 1]]
[[60, 29], [32, 9]]
[[60, 29], [32, 21]]
[[60, 29], [32, 31]]
[[60, 29], [32, 33]]
[[60, 29], [32, 41]]
[[60, 29], [32, 53]]
[[60, 29], [32, 63]]
[[60, 29], [36, 1]]
[[60, 29], [36, 5]]
[[60, 29], [36, 33]]
[[60, 29], [36, 37]]
[[60, 29], [40, 9]]
[[60, 29], [40, 21]]
[[60, 29], [40, 41]]
[[60, 29], [40, 53]]
[[60, 29], [52, 9]]
[[60, 29], [52, 21]]
[[60, 29], [52, 41]]
[[60, 29], [52, 53]]
[[60, 29], [62, 9]]
[[60, 29], [62, 21]]
[[60, 29], [62, 31]]
[[60, 29], [62, 41]]
[[60, 29], [62, 53]]
[[60, 29], [62, 63]]
[[60, 61], [0, 1]]
[[60, 61], [0, 9]]
[[60, 61], [0, 21]]
[[60, 61], [0, 31]]
[[60, 61], [0, 33]]
[[60, 61], [0, 41]]
[[60, 61], [0, 53]]
[[60, 61], [0, 63]]
[[60, 61], [4, 1]]
[[60, 61], [4, 5]]
[[60, 61], [4, 33]]
[[60, 61], [4, 37]]
[[60, 61], [8, 9]]
[[60, 61], [8, 21]]
[[60, 61], [8, 41]]
[[60, 61], [8, 53]]
[[60, 61], [20, 9]]
[[60, 61], [20, 21]]
[[60, 61], [20, 41]]
[[60, 61], [20, 53]]
[[60, 61], [30, 9]]
[[60, 61], [30, 21]]
[[60, 61], [30, 31]]
[[60, 61], [30, 41]]
[[60, 61], [30, 53]]
[[60, 61], [30, 63]]
[[60, 61], [32, 1]]
[[60, 61], [32, 9]]
[[60, 61], [32, 21]]
[[60, 61], [32, 31]]
[[60, 61], [32, 33]]
[[60, 61], [32, 41]]
[[60, 61], [32, 53]]
[[60, 61], [32, 63]]
[[60, 61], [36, 1]]
[[60, 61], [36, 5]]
[[60, 61], [36, 33]]
[[60, 61], [36, 37]]
[[60, 61], [40, 9]]
[[60, 61], [40, 21]]
[[60, 61], [40, 41]]
[[60, 61], [40, 53]]
[[60, 61], [52, 9]]
[[60, 61], [52, 21]]
[[60, 61], [52, 41]]
[[60, 61], [52, 53]]
[[60, 61], [62, 9]]
[[60, 61], [62, 21]]
[[60, 61], [62, 31]]
[[60, 61], [62, 41]]
[[60, 61], [62, 53]]
[[60, 61], [62, 63]]
[[62, 9], [2, 3]]
[[62, 9], [2, 11]]
[[62, 9], [2, 23]]
[[62, 9], [2, 35]]
[[62, 9], [2, 43]]
[[62, 9], [2, 55]]
[[62, 9], [6, 3]]
[[62, 9], [6, 7]]
[[62, 9], [6, 35]]
[[62, 9], [6, 39]]
[[62, 9], [10, 11]]
[[62, 9], [10, 23]]
[[62, 9], [10, 43]]
[[62, 9], [10, 55]]
[[62, 9], [22, 23]]
[[62, 9], [22, 55]]
[[62, 9], [34, 3]]
[[62, 9], [34, 11]]
[[62, 9], [34, 23]]
[[62, 9], [34, 35]]
[[62, 9], [34, 43]]
[[62, 9], [34, 55]]
[[62, 9], [38, 3]]
[[62, 9], [38, 7]]
[[62, 9], [38, 35]]
[[62, 9], [38, 39]]
[[62, 9], [42, 11]]
[[62, 9], [42, 23]]
[[62, 9], [42, 43]]
[[62, 9], [42, 55]]
[[62, 9], [54, 23]]
[[62, 9], [54, 55]]
[[62, 21], [2, 3]]
[[62, 21], [2, 11]]
[[62, 21], [2, 23]]
[[62, 21], [2, 35]]
[[62, 21], [2, 43]]
[[62, 21], [2, 55]]
[[62, 21], [6, 3]]
[[62, 21], [6, 7]]
[[62, 21], [6, 35]]
[[62, 21], [6, 39]]
[[62, 21], [10, 11]]
[[62, 21], [10, 23]]
[[62, 21], [10, 43]]
[[62, 21], [10, 55]]
[[62, 21], [22, 23]]
[[62, 21], [22, 55]]
[[62, 21], [34, 3]]
[[62, 21], [34, 11]]
[[62, 21], [34, 23]]
[[62, 21], [34, 35]]
[[62, 21], [34, 43]]
[[62, 21], [34, 55]]
[[62, 21], [38, 3]]
[[62, 21], [38, 7]]
[[62, 21], [38, 35]]
[[62, 21], [38, 39]]
[[62, 21], [42, 11]]
[[62, 21], [42, 23]]
[[62, 21], [42, 43]]
[[62, 21], [42, 55]]
[[62, 21], [54, 23]]
[[62, 21], [54, 55]]
[[62, 31], [2, 3]]
[[62, 31], [2, 11]]
[[62, 31], [2, 23]]
[[62, 31], [2, 35]]
[[62, 31], [2, 43]]
[[62, 31], [2, 55]]
[[62, 31], [6, 3]]
[[62, 31], [6, 7]]
[[62, 31], [6, 35]]
[[62, 31], [6, 39]]
[[62, 31], [10, 11]]
[[62, 31], [10, 23]]
[[62, 31], [10, 43]]
[[62, 31], [10, 55]]
[[62, 31], [22, 23]]
[[62, 31], [22, 55]]
[[62, 31], [34, 3]]
[[62, 31], [34, 11]]
[[62, 31], [34, 23]]
[[62, 31], [34, 35]]
[[62, 31], [34, 43]]
[[62, 31], [34, 55]]
[[62, 31], [38, 3]]
[[62, 31], [38, 7]]
[[62, 31], [38, 35]]
[[62, 31], [38, 39]]
[[62, 31], [42, 11]]
[[62, 31], [42, 23]]
[[62, 31], [42, 43]]
[[62, 31], [42, 55]]
[[62, 31], [54, 23]]
[[62, 31], [54, 55]]
[[62, 41], [2, 3]]
[[62, 41], [2, 11]]
[[62, 41], [2, 23]]
[[62, 41], [2, 35]]
[[62, 41], [2, 43]]
[[62, 41], [2, 55]]
[[62, 41], [6, 3]]
[[62, 41], [6, 7]]
[[62, 41], [6, 35]]
[[62, 41], [6, 39]]
[[62, 41], [10, 11]]
[[62, 41], [10, 23]]
[[62, 41], [10, 43]]
[[62, 41], [10, 55]]
[[62, 41], [22, 23]]
[[62, 41], [22, 55]]
[[62, 41], [34, 3]]
[[62, 41], [34, 11]]
[[62, 41], [34, 23]]
[[62, 41], [34, 35]]
[[62, 41], [34, 43]]
[[62, 41], [34, 55]]
[[62, 41], [38, 3]]
[[62, 41], [38, 7]]
[[62, 41], [38, 35]]
[[62, 41], [38, 39]]
[[62, 41], [42, 11]]
[[62, 41], [42, 23]]
[[62, 41], [42, 43]]
[[62, 41], [42, 55]]
[[62, 41], [54, 23]]
[[62, 41], [54, 55]]
[[62, 53], [2, 3]]
[[62, 53], [2, 11]]
[[62, 53], [2, 23]]
[[62, 53], [2, 35]]
[[62, 53], [2, 43]]
[[62, 53], [2, 55]]
[[62, 53], [6, 3]]
[[62, 53], [6, 7]]
[[62, 53], [6, 35]]
[[62, 53], [6, 39]]
[[62, 53], [10, 11]]
[[62, 53], [10, 23]]
[[62, 53], [10, 43]]
[[62, 53], [10, 55]]
[[62, 53], [22, 23]]
[[62, 53], [22, 55]]
[[62, 53], [34, 3]]
[[62, 53], [34, 11]]
[[62, 53], [34, 23]]
[[62, 53], [34, 35]]
[[62, 53], [34, 43]]
[[62, 53], [34, 55]]
[[62, 53], [38, 3]]
[[62, 53], [38, 7]]
[[62, 53], [38, 35]]
[[62, 53], [38, 39]]
[[62, 53], [42, 11]]
[[62, 53], [42, 23]]
[[62, 53], [42, 43]]
[[62, 53], [42, 55]]
[[62, 53], [54, 23]]
[[62, 53], [54, 55]]
[[62, 63], [2, 3]]
[[62, 63], [2, 11]]
[[62, 63], [2, 23]]
[[62, 63], [2, 35]]
[[62, 63], [2, 43]]
[[62, 63], [2, 55]]
[[62, 63], [6, 3]]
[[62, 63], [6, 7]]
[[62, 63], [6, 35]]
[[62, 63], [6, 39]]
[[62, 63], [10, 11]]
[[62, 63], [10, 23]]
[[62, 63], [10, 43]]
[[62, 63], [10, 55]]
[[62, 63], [22, 23]]
[[62, 63], [22, 55]]
[[62, 63], [34, 3]]
[[62, 63], [34, 11]]
[[62, 63], [34, 23]]
[[62, 63], [34, 35]]
[[62, 63], [34, 43]]
[[62, 63], [34, 55]]
[[62, 63], [38, 3]]
[[62, 63], [38, 7]]
[[62, 63], [38, 35]]
[[62, 63], [38, 39]]
[[62, 63], [42, 11]]
[[62, 63], [42, 23]]
[[62, 63], [42, 43]]
[[62, 63], [42, 55]]
[[62, 63], [54, 23]]
[[62, 63], [54, 55]]
[[16, 17], [24, 25], [26, 27]]
[[16, 17], [24, 25], [26, 59]]
[[16, 17], [24, 25], [58, 27]]
[[16, 17], [24, 25], [58, 59]]
[[16, 17], [24, 57], [26, 27]]
[[16, 17], [24, 57], [26, 59]]
[[16, 17], [24, 57], [58, 27]]
[[16, 17], [24, 57], [58, 59]]
[[16, 17], [56, 25], [26, 27]]
[[16, 17], [56, 25], [26, 59]]
[[16, 17], [56, 25], [58, 27]]
[[16, 17], [56, 25], [58, 59]]
[[16, 17], [56, 57], [26, 27]]
[[16, 17], [56, 57], [26, 59]]
[[16, 17], [56, 57], [58, 27]]
[[16, 17], [56, 57], [58, 59]]
[[16, 49], [24, 25], [26, 27]]
[[16, 49], [24, 25], [26, 59]]
[[16, 49], [24, 25], [58, 27]]
[[16, 49], [24, 25], [58, 59]]
[[16, 49], [24, 57], [26, 27]]
[[16, 49], [24, 57], [26, 59]]
[[16, 49], [24, 57], [58, 27]]
[[16, 49], [24, 57], [58, 59]]
[[16, 49], [56, 25], [26, 27]]
[[16, 49], [56, 25], [26, 59]]
[[16, 49], [56, 25], [58, 27]]
[[16, 49], [56, 25], [58, 59]]
[[16, 49], [56, 57], [26, 27]]
[[16, 49], [56, 57], [26, 59]]
[[16, 49], [56, 57], [58, 27]]
[[16, 49], [56, 57], [58, 59]]
[[28, 29], [0, 1], [2, 3]]
[[28, 29], [0, 1], [2, 11]]
[[28, 29], [0, 1], [2, 23]]
[[28, 29], [0, 1], [2, 35]]
[[28, 29], [0, 1], [2, 43]]
[[28, 29], [0, 1], [2, 55]]
[[28, 29], [0, 1], [6, 3]]
[[28, 29], [0, 1], [6, 7]]
[[28, 29], [0, 1], [6, 35]]
[[28, 29], [0, 1], [6, 39]]
[[28, 29], [0, 1], [10, 11]]
[[28, 29], [0, 1], [10, 23]]
[[28, 29], [0, 1], [10, 43]]
[[28, 29], [0, 1], [10, 55]]
[[28, 29], [0, 1], [14, 7]]
[[28, 29], [0, 1], [14, 15]]
[[28, 29], [0, 1], [14, 39]]
[[28, 29], [0, 1], [14, 47]]
[[28, 29], [0, 1], [34, 3]]
[[28, 29], [0, 1], [34, 11]]
[[28, 29], [0, 1], [34, 23]]
[[28, 29], [0, 1], [34, 35]]
[[28, 29], [0, 1], [34, 43]]
[[28, 29], [0, 1], [34, 55]]
[[28, 29], [0, 1], [38, 3]]
[[28, 29], [0, 1], [38, 7]]
[[28, 29], [0, 1], [38, 35]]
[[28, 29], [0, 1], [38, 39]]
[[28, 29], [0, 1], [42, 11]]
[[28, 29], [0, 1], [42, 23]]
[[28, 29], [0, 1], [42, 43]]
[[28, 29], [0, 1], [42, 55]]
[[28, 29], [0, 1], [46, 7]]
[[28, 29], [0, 1], [46, 15]]
[[28, 29], [0, 1], [46, 39]]
[[28, 29], [0, 1], [46, 47]]
[[28, 29], [0, 9], [2, 3]]
[[28, 29], [0, 9], [2, 11]]
[[28, 29], [0, 9], [2, 23]]
[[28, 29], [0, 9], [2, 35]]
[[28, 29], [0, 9], [2, 43]]
[[28, 29], [0, 9], [2, 55]]
[[28, 29], [0, 9], [6, 3]]
[[28, 29], [0, 9], [6, 7]]
[[28, 29], [0, 9], [6, 35]]
[[28, 29], [0, 9], [6, 39]]
[[28, 29], [0, 9], [10, 11]]
[[28, 29], [0, 9], [10, 23]]
[[28, 29], [0, 9], [10, 43]]
[[28, 29], [0, 9], [10, 55]]
[[28, 29], [0, 9], [22, 23]]
[[28, 29], [0, 9], [22, 55]]
[[28, 29], [0, 9], [34, 3]]
[[28, 29], [0, 9], [34, 11]]
[[28, 29], [0, 9], [34, 23]]
[[28, 29], [0, 9], [34, 35]]
[[28, 29], [0, 9], [34, 43]]
[[28, 29], [0, 9], [34, 55]]
[[28, 29], [0, 9], [38, 3]]
[[28, 29], [0, 9], [38, 7]]
[[28, 29], [0, 9], [38, 35]]
[[28, 29], [0, 9], [38, 39]]
[[28, 29], [0, 9], [42, 11]]
[[28, 29], [0, 9], [42, 23]]
[[28, 29], [0, 9], [42, 43]]
[[28, 29], [0, 9], [42, 55]]
[[28, 29], [0, 9], [54, 23]]
[[28, 29], [0, 9], [54, 55]]
[[28, 29], [0, 21], [2, 3]]
[[28, 29], [0, 21], [2, 11]]
[[28, 29], [0, 21], [2, 23]]
[[28, 29], [0, 21], [2, 35]]
[[28, 29], [0, 21], [2, 43]]
[[28, 29], [0, 21], [2, 55]]
[[28, 29], [0, 21], [6, 3]]
[[28, 29], [0, 21], [6, 7]]
[[28, 29], [0, 21], [6, 35]]
[[28, 29], [0, 21], [6, 39]]
[[28, 29], [0, 21], [10, 11]]
[[28, 29], [0, 21], [10, 23]]
[[28, 29], [0, 21], [10, 43]]
[[28, 29], [0, 21], [10, 55]]
[[28, 29], [0, 21], [22, 23]]
[[28, 29], [0, 21], [22, 55]]
[[28, 29], [0, 21], [34, 3]]
[[28, 29], [0, 21], [34, 11]]
[[28, 29], [0, 21], [34, 23]]
[[28, 29], [0, 21], [34, 35]]
[[28, 29], [0, 21], [34, 43]]
[[28, 29], [0, 21], [34, 55]]
[[28, 29], [0, 21], [38, 3]]
[[28, 29], [0, 21], [38, 7]]
[[28, 29], [0, 21], [38, 35]]
[[28, 29], [0, 21], [38, 39]]
[[28, 29], [0, 21], [42, 11]]
[[28, 29], [0, 21], [42, 23]]
[[28, 29], [0, 21], [42, 43]]
[[28, 29], [0, 21], [42, 55]]
[[28, 29], [0, 21], [54, 23]]
[[28, 29], [0, 21], [54, 55]]
[[28, 29], [0, 31], [2, 3]]
[[28, 29], [0, 31], [2, 11]]
[[28, 29], [0, 31], [2, 23]]
[[28, 29], [0, 31], [2, 35]]
[[28, 29], [0, 31], [2, 43]]
[[28, 29], [0, 31], [2, 55]]
[[28, 29], [0, 31], [6, 3]]
[[28, 29], [0, 31], [6, 7]]
[[28, 29], [0, 31], [6, 35]]
[[28, 29], [0, 31], [6, 39]]
[[28, 29], [0, 31], [10, 11]]
[[28, 29], [0, 31], [10, 23]]
[[28, 29], [0, 31], [10, 43]]
[[28, 29], [0, 31], [10, 55]]
[[28, 29], [0, 31], [22, 23]]
[[28, 29], [0, 31], [22, 55]]
[[28, 29], [0, 31], [34, 3]]
[[28, 29], [0, 31], [34, 11]]
[[28, 29], [0, 31], [34, 23]]
[[28, 29], [0, 31], [34, 35]]
[[28, 29], [0, 31], [34, 43]]
[[28, 29], [0, 31], [34, 55]]
[[28, 29], [0, 31], [38, 3]]
[[28, 29], [0, 31], [38, 7]]
[[28, 29], [0, 31], [38, 35]]
[[28, 29], [0, 31], [38, 39]]
[[28, 29], [0, 31], [42, 11]]
[[28, 29], [0, 31], [42, 23]]
[[28, 29], [0, 31], [42, 43]]
[[28, 29], [0, 31], [42, 55]]
[[28, 29], [0, 31], [54, 23]]
[[28, 29], [0, 31], [54, 55]]
[[28, 29], [0, 33], [2, 3]]
[[28, 29], [0, 33], [2, 11]]
[[28, 29], [0, 33], [2, 23]]
[[28, 29], [0, 33], [2, 35]]
[[28, 29], [0, 33], [2, 43]]
[[28, 29], [0, 33], [2, 55]]
[[28, 29], [0, 33], [6, 3]]
[[28, 29], [0, 33], [6, 7]]
[[28, 29], [0, 33], [6, 35]]
[[28, 29], [0, 33], [6, 39]]
[[28, 29], [0, 33], [10, 11]]
[[28, 29], [0, 33], [10, 23]]
[[28, 29], [0, 33], [10, 43]]
[[28, 29], [0, 33], [10, 55]]
[[28, 29], [0, 33], [14, 7]]
[[28, 29], [0, 33], [14, 15]]
[[28, 29], [0, 33], [14, 39]]
[[28, 29], [0, 33], [14, 47]]
[[28, 29], [0, 33], [34, 3]]
[[28, 29], [0, 33], [34, 11]]
[[28, 29], [0, 33], [34, 23]]
[[28, 29], [0, 33], [34, 35]]
[[28, 29], [0, 33], [34, 43]]
[[28, 29], [0, 33], [34, 55]]
[[28, 29], [0, 33], [38, 3]]
[[28, 29], [0, 33], [38, 7]]
[[28, 29], [0, 33], [38, 35]]
[[28, 29], [0, 33], [38, 39]]
[[28, 29], [0, 33], [42, 11]]
[[28, 29], [0, 33], [42, 23]]
[[28, 29], [0, 33], [42, 43]]
[[28, 29], [0, 33], [42, 55]]
[[28, 29], [0, 33], [46, 7]]
[[28, 29], [0, 33], [46, 15]]
[[28, 29], [0, 33], [46, 39]]
[[28, 29], [0, 33], [46, 47]]
[[28, 29], [0, 41], [2, 3]]
[[28, 29], [0, 41], [2, 11]]
[[28, 29], [0, 41], [2, 23]]
[[28, 29], [0, 41], [2, 35]]
[[28, 29], [0, 41], [2, 43]]
[[28, 29], [0, 41], [2, 55]]
[[28, 29], [0, 41], [6, 3]]
[[28, 29], [0, 41], [6, 7]]
[[28, 29], [0, 41], [6, 35]]
[[28, 29], [0, 41], [6, 39]]
[[28, 29], [0, 41], [10, 11]]
[[28, 29], [0, 41], [10, 23]]
[[28, 29], [0, 41], [10, 43]]
[[28, 29], [0, 41], [10, 55]]
[[28, 29], [0, 41], [22, 23]]
[[28, 29], [0, 41], [22, 55]]
[[28, 29], [0, 41], [34, 3]]
[[28, 29], [0, 41], [34, 11]]
[[28, 29], [0, 41], [34, 23]]
[[28, 29], [0, 41], [34, 35]]
[[28, 29], [0, 41], [34, 43]]
[[28, 29], [0, 41], [34, 55]]
[[28, 29], [0, 41], [38, 3]]
[[28, 29], [0, 41], [38, 7]]
[[28, 29], [0, 41], [38, 35]]
[[28, 29], [0, 41], [38, 39]]
[[28, 29], [0, 41], [42, 11]]
[[28, 29], [0, 41], [42, 23]]
[[28, 29], [0, 41], [42, 43]]
[[28, 29], [0, 41], [42, 55]]
[[28, 29], [0, 41], [54, 23]]
[[28, 29], [0, 41], [54, 55]]
[[28, 29], [0, 53], [2, 3]]
[[28, 29], [0, 53], [2, 11]]
[[28, 29], [0, 53], [2, 23]]
[[28, 29], [0, 53], [2, 35]]
[[28, 29], [0, 53], [2, 43]]
[[28, 29], [0, 53], [2, 55]]
[[28, 29], [0, 53], [6, 3]]
[[28, 29], [0, 53], [6, 7]]
[[28, 29], [0, 53], [6, 35]]
[[28, 29], [0, 53], [6, 39]]
[[28, 29], [0, 53], [10, 11]]
[[28, 29], [0, 53], [10, 23]]
[[28, 29], [0, 53], [10, 43]]
[[28, 29], [0, 53], [10, 55]]
[[28, 29], [0, 53], [22, 23]]
[[28, 29], [0, 53], [22, 55]]
[[28, 29], [0, 53], [34, 3]]
[[28, 29], [0, 53], [34, 11]]
[[28, 29], [0, 53], [34, 23]]
[[28, 29], [0, 53], [34, 35]]
[[28, 29], [0, 53], [34, 43]]
[[28, 29], [0, 53], [34, 55]]
[[28, 29], [0, 53], [38, 3]]
[[28, 29], [0, 53], [38, 7]]
[[28, 29], [0, 53], [38, 35]]
[[28, 29], [0, 53], [38, 39]]
[[28, 29], [0, 53], [42, 11]]
[[28, 29], [0, 53], [42, 23]]
[[28, 29], [0, 53], [42, 43]]
[[28, 29], [0, 53], [42, 55]]
[[28, 29], [0, 53], [54, 23]]
[[28, 29], [0, 53], [54, 55]]
[[28, 29], [0, 63], [2, 3]]
[[28, 29], [0, 63], [2, 11]]
[[28, 29], [0, 63], [2, 23]]
[[28, 29], [0, 63], [2, 35]]
[[28, 29], [0, 63], [2, 43]]
[[28, 29], [0, 63], [2, 55]]
[[28, 29], [0, 63], [6, 3]]
[[28, 29], [0, 63], [6, 7]]
[[28, 29], [0, 63], [6, 35]]
[[28, 29], [0, 63], [6, 39]]
[[28, 29], [0, 63], [10, 11]]
[[28, 29], [0, 63], [10, 23]]
[[28, 29], [0, 63], [10, 43]]
[[28, 29], [0, 63], [10, 55]]
[[28, 29], [0, 63], [22, 23]]
[[28, 29], [0, 63], [22, 55]]
[[28, 29], [0, 63], [34, 3]]
[[28, 29], [0, 63], [34, 11]]
[[28, 29], [0, 63], [34, 23]]
[[28, 29], [0, 63], [34, 35]]
[[28, 29], [0, 63], [34, 43]]
[[28, 29], [0, 63], [34, 55]]
[[28, 29], [0, 63], [38, 3]]
[[28, 29], [0, 63], [38, 7]]
[[28, 29], [0, 63], [38, 35]]
[[28, 29], [0, 63], [38, 39]]
[[28, 29], [0, 63], [42, 11]]
[[28, 29], [0, 63], [42, 23]]
[[28, 29], [0, 63], [42, 43]]
[[28, 29], [0, 63], [42, 55]]
[[28, 29], [0, 63], [54, 23]]
[[28, 29], [0, 63], [54, 55]]
[[28, 29], [4, 1], [2, 3]]
[[28, 29], [4, 1], [2, 11]]
[[28, 29], [4, 1], [2, 23]]
[[28, 29], [4, 1], [2, 35]]
[[28, 29], [4, 1], [2, 43]]
[[28, 29], [4, 1], [2, 55]]
[[28, 29], [4, 1], [6, 3]]
[[28, 29], [4, 1], [6, 7]]
[[28, 29], [4, 1], [6, 35]]
[[28, 29], [4, 1], [6, 39]]
[[28, 29], [4, 1], [10, 11]]
[[28, 29], [4, 1], [10, 23]]
[[28, 29], [4, 1], [10, 43]]
[[28, 29], [4, 1], [10, 55]]
[[28, 29], [4, 1], [14, 7]]
[[28, 29], [4, 1], [14, 15]]
[[28, 29], [4, 1], [14, 39]]
[[28, 29], [4, 1], [14, 47]]
[[28, 29], [4, 1], [34, 3]]
[[28, 29], [4, 1], [34, 11]]
[[28, 29], [4, 1], [34, 23]]
[[28, 29], [4, 1], [34, 35]]
[[28, 29], [4, 1], [34, 43]]
[[28, 29], [4, 1], [34, 55]]
[[28, 29], [4, 1], [38, 3]]
[[28, 29], [4, 1], [38, 7]]
[[28, 29], [4, 1], [38, 35]]
[[28, 29], [4, 1], [38, 39]]
[[28, 29], [4, 1], [42, 11]]
[[28, 29], [4, 1], [42, 23]]
[[28, 29], [4, 1], [42, 43]]
[[28, 29], [4, 1], [42, 55]]
[[28, 29], [4, 1], [46, 7]]
[[28, 29], [4, 1], [46, 15]]
[[28, 29], [4, 1], [46, 39]]
[[28, 29], [4, 1], [46, 47]]
[[28, 29], [4, 5], [6, 3]]
[[28, 29], [4, 5], [6, 7]]
[[28, 29], [4, 5], [6, 35]]
[[28, 29], [4, 5], [6, 39]]
[[28, 29], [4, 5], [14, 7]]
[[28, 29], [4, 5], [14, 15]]
[[28, 29], [4, 5], [14, 39]]
[[28, 29], [4, 5], [14, 47]]
[[28, 29], [4, 5], [18, 15]]
[[28, 29], [4, 5], [18, 19]]
[[28, 29], [4, 5], [18, 47]]
[[28, 29], [4, 5], [18, 51]]
[[28, 29], [4, 5], [38, 3]]
[[28, 29], [4, 5], [38, 7]]
[[28, 29], [4, 5], [38, 35]]
[[28, 29], [4, 5], [38, 39]]
[[28, 29], [4, 5], [46, 7]]
[[28, 29], [4, 5], [46, 15]]
[[28, 29], [4, 5], [46, 39]]
[[28, 29], [4, 5], [46, 47]]
[[28, 29], [4, 5], [50, 15]]
[[28, 29], [4, 5], [50, 19]]
[[28, 29], [4, 5], [50, 47]]
[[28, 29], [4, 5], [50, 51]]
[[28, 29], [4, 33], [2, 3]]
[[28, 29], [4, 33], [2, 11]]
[[28, 29], [4, 33], [2, 23]]
[[28, 29], [4, 33], [2, 35]]
[[28, 29], [4, 33], [2, 43]]
[[28, 29], [4, 33], [2, 55]]
[[28, 29], [4, 33], [6, 3]]
[[28, 29], [4, 33], [6, 7]]
[[28, 29], [4, 33], [6, 35]]
[[28, 29], [4, 33], [6, 39]]
[[28, 29], [4, 33], [10, 11]]
[[28, 29], [4, 33], [10, 23]]
[[28, 29], [4, 33], [10, 43]]
[[28, 29], [4, 33], [10, 55]]
[[28, 29], [4, 33], [14, 7]]
[[28, 29], [4, 33], [14, 15]]
[[28, 29], [4, 33], [14, 39]]
[[28, 29], [4, 33], [14, 47]]
[[28, 29], [4, 33], [34, 3]]
[[28, 29], [4, 33], [34, 11]]
[[28, 29], [4, 33], [34, 23]]
[[28, 29], [4, 33], [34, 35]]
[[28, 29], [4, 33], [34, 43]]
[[28, 29], [4, 33], [34, 55]]
[[28, 29], [4, 33], [38, 3]]
[[28, 29], [4, 33], [38, 7]]
[[28, 29], [4, 33], [38, 35]]
[[28, 29], [4, 33], [38, 39]]
[[28, 29], [4, 33], [42, 11]]
[[28, 29], [4, 33], [42, 23]]
[[28, 29], [4, 33], [42, 43]]
[[28, 29], [4, 33], [42, 55]]
[[28, 29], [4, 33], [46, 7]]
[[28, 29], [4, 33], [46, 15]]
[[28, 29], [4, 33], [46, 39]]
[[28, 29], [4, 33], [46, 47]]
[[28, 29], [4, 37], [6, 3]]
[[28, 29], [4, 37], [6, 7]]
[[28, 29], [4, 37], [6, 35]]
[[28, 29], [4, 37], [6, 39]]
[[28, 29], [4, 37], [14, 7]]
[[28, 29], [4, 37], [14, 15]]
[[28, 29], [4, 37], [14, 39]]
[[28, 29], [4, 37], [14, 47]]
[[28, 29], [4, 37], [18, 15]]
[[28, 29], [4, 37], [18, 19]]
[[28, 29], [4, 37], [18, 47]]
[[28, 29], [4, 37], [18, 51]]
[[28, 29], [4, 37], [38, 3]]
[[28, 29], [4, 37], [38, 7]]
[[28, 29], [4, 37], [38, 35]]
[[28, 29], [4, 37], [38, 39]]
[[28, 29], [4, 37], [46, 7]]
[[28, 29], [4, 37], [46, 15]]
[[28, 29], [4, 37], [46, 39]]
[[28, 29], [4, 37], [46, 47]]
[[28, 29], [4, 37], [50, 15]]
[[28, 29], [4, 37], [50, 19]]
[[28, 29], [4, 37], [50, 47]]
[[28, 29], [4, 37], [50, 51]]
[[28, 29], [8, 9], [2, 3]]
[[28, 29], [8, 9], [2, 11]]
[[28, 29], [8, 9], [2, 23]]
[[28, 29], [8, 9], [2, 35]]
[[28, 29], [8, 9], [2, 43]]
[[28, 29], [8, 9], [2, 55]]
[[28, 29], [8, 9], [6, 3]]
[[28, 29], [8, 9], [6, 7]]
[[28, 29], [8, 9], [6, 35]]
[[28, 29], [8, 9], [6, 39]]
[[28, 29], [8, 9], [10, 11]]
[[28, 29], [8, 9], [10, 23]]
[[28, 29], [8, 9], [10, 43]]
[[28, 29], [8, 9], [10, 55]]
[[28, 29], [8, 9], [22, 23]]
[[28, 29], [8, 9], [22, 55]]
[[28, 29], [8, 9], [34, 3]]
[[28, 29], [8, 9], [34, 11]]
[[28, 29], [8, 9], [34, 23]]
[[28, 29], [8, 9], [34, 35]]
[[28, 29], [8, 9], [34, 43]]
[[28, 29], [8, 9], [34, 55]]
[[28, 29], [8, 9], [38, 3]]
[[28, 29], [8, 9], [38, 7]]
[[28, 29], [8, 9], [38, 35]]
[[28, 29], [8, 9], [38, 39]]
[[28, 29], [8, 9], [42, 11]]
[[28, 29], [8, 9], [42, 23]]
[[28, 29], [8, 9], [42, 43]]
[[28, 29], [8, 9], [42, 55]]
[[28, 29], [8, 9], [54, 23]]
[[28, 29], [8, 9], [54, 55]]
[[28, 29], [8, 21], [2, 3]]
[[28, 29], [8, 21], [2, 11]]
[[28, 29], [8, 21], [2, 23]]
[[28, 29], [8, 21], [2, 35]]
[[28, 29], [8, 21], [2, 43]]
[[28, 29], [8, 21], [2, 55]]
[[28, 29], [8, 21], [6, 3]]
[[28, 29], [8, 21], [6, 7]]
[[28, 29], [8, 21], [6, 35]]
[[28, 29], [8, 21], [6, 39]]
[[28, 29], [8, 21], [10, 11]]
[[28, 29], [8, 21], [10, 23]]
[[28, 29], [8, 21], [10, 43]]
[[28, 29], [8, 21], [10, 55]]
[[28, 29], [8, 21], [22, 23]]
[[28, 29], [8, 21], [22, 55]]
[[28, 29], [8, 21], [34, 3]]
[[28, 29], [8, 21], [34, 11]]
[[28, 29], [8, 21], [34, 23]]
[[28, 29], [8, 21], [34, 35]]
[[28, 29], [8, 21], [34, 43]]
[[28, 29], [8, 21], [34, 55]]
[[28, 29], [8, 21], [38, 3]]
[[28, 29], [8, 21], [38, 7]]
[[28, 29], [8, 21], [38, 35]]
[[28, 29], [8, 21], [38, 39]]
[[28, 29], [8, 21], [42, 11]]
[[28, 29], [8, 21], [42, 23]]
[[28, 29], [8, 21], [42, 43]]
[[28, 29], [8, 21], [42, 55]]
[[28, 29], [8, 21], [54, 23]]
[[28, 29], [8, 21], [54, 55]]
[[28, 29], [8, 41], [2, 3]]
[[28, 29], [8, 41], [2, 11]]
[[28, 29], [8, 41], [2, 23]]
[[28, 29], [8, 41], [2, 35]]
[[28, 29], [8, 41], [2, 43]]
[[28, 29], [8, 41], [2, 55]]
[[28, 29], [8, 41], [6, 3]]
[[28, 29], [8, 41], [6, 7]]
[[28, 29], [8, 41], [6, 35]]
[[28, 29], [8, 41], [6, 39]]
[[28, 29], [8, 41], [10, 11]]
[[28, 29], [8, 41], [10, 23]]
[[28, 29], [8, 41], [10, 43]]
[[28, 29], [8, 41], [10, 55]]
[[28, 29], [8, 41], [22, 23]]
[[28, 29], [8, 41], [22, 55]]
[[28, 29], [8, 41], [34, 3]]
[[28, 29], [8, 41], [34, 11]]
[[28, 29], [8, 41], [34, 23]]
[[28, 29], [8, 41], [34, 35]]
[[28, 29], [8, 41], [34, 43]]
[[28, 29], [8, 41], [34, 55]]
[[28, 29], [8, 41], [38, 3]]
[[28, 29], [8, 41], [38, 7]]
[[28, 29], [8, 41], [38, 35]]
[[28, 29], [8, 41], [38, 39]]
[[28, 29], [8, 41], [42, 11]]
[[28, 29], [8, 41], [42, 23]]
[[28, 29], [8, 41], [42, 43]]
[[28, 29], [8, 41], [42, 55]]
[[28, 29], [8, 41], [54, 23]]
[[28, 29], [8, 41], [54, 55]]
[[28, 29], [8, 53], [2, 3]]
[[28, 29], [8, 53], [2, 11]]
[[28, 29], [8, 53], [2, 23]]
[[28, 29], [8, 53], [2, 35]]
[[28, 29], [8, 53], [2, 43]]
[[28, 29], [8, 53], [2, 55]]
[[28, 29], [8, 53], [6, 3]]
[[28, 29], [8, 53], [6, 7]]
[[28, 29], [8, 53], [6, 35]]
[[28, 29], [8, 53], [6, 39]]
[[28, 29], [8, 53], [10, 11]]
[[28, 29], [8, 53], [10, 23]]
[[28, 29], [8, 53], [10, 43]]
[[28, 29], [8, 53], [10, 55]]
[[28, 29], [8, 53], [22, 23]]
[[28, 29], [8, 53], [22, 55]]
[[28, 29], [8, 53], [34, 3]]
[[28, 29], [8, 53], [34, 11]]
[[28, 29], [8, 53], [34, 23]]
[[28, 29], [8, 53], [34, 35]]
[[28, 29], [8, 53], [34, 43]]
[[28, 29], [8, 53], [34, 55]]
[[28, 29], [8, 53], [38, 3]]
[[28, 29], [8, 53], [38, 7]]
[[28, 29], [8, 53], [38, 35]]
[[28, 29], [8, 53], [38, 39]]
[[28, 29], [8, 53], [42, 11]]
[[28, 29], [8, 53], [42, 23]]
[[28, 29], [8, 53], [42, 43]]
[[28, 29], [8, 53], [42, 55]]
[[28, 29], [8, 53], [54, 23]]
[[28, 29], [8, 53], [54, 55]]
[[28, 29], [20, 9], [2, 3]]
[[28, 29], [20, 9], [2, 11]]
[[28, 29], [20, 9], [2, 23]]
[[28, 29], [20, 9], [2, 35]]
[[28, 29], [20, 9], [2, 43]]
[[28, 29], [20, 9], [2, 55]]
[[28, 29], [20, 9], [6, 3]]
[[28, 29], [20, 9], [6, 7]]
[[28, 29], [20, 9], [6, 35]]
[[28, 29], [20, 9], [6, 39]]
[[28, 29], [20, 9], [10, 11]]
[[28, 29], [20, 9], [10, 23]]
[[28, 29], [20, 9], [10, 43]]
[[28, 29], [20, 9], [10, 55]]
[[28, 29], [20, 9], [22, 23]]
[[28, 29], [20, 9], [22, 55]]
[[28, 29], [20, 9], [34, 3]]
[[28, 29], [20, 9], [34, 11]]
[[28, 29], [20, 9], [34, 23]]
[[28, 29], [20, 9], [34, 35]]
[[28, 29], [20, 9], [34, 43]]
[[28, 29], [20, 9], [34, 55]]
[[28, 29], [20, 9], [38, 3]]
[[28, 29], [20, 9], [38, 7]]
[[28, 29], [20, 9], [38, 35]]
[[28, 29], [20, 9], [38, 39]]
[[28, 29], [20, 9], [42, 11]]
[[28, 29], [20, 9], [42, 23]]
[[28, 29], [20, 9], [42, 43]]
[[28, 29], [20, 9], [42, 55]]
[[28, 29], [20, 9], [54, 23]]
[[28, 29], [20, 9], [54, 55]]
[[28, 29], [20, 21], [2, 3]]
[[28, 29], [20, 21], [2, 11]]
[[28, 29], [20, 21], [2, 23]]
[[28, 29], [20, 21], [2, 35]]
[[28, 29], [20, 21], [2, 43]]
[[28, 29], [20, 21], [2, 55]]
[[28, 29], [20, 21], [6, 3]]
[[28, 29], [20, 21], [6, 7]]
[[28, 29], [20, 21], [6, 35]]
[[28, 29], [20, 21], [6, 39]]
[[28, 29], [20, 21], [10, 11]]
[[28, 29], [20, 21], [10, 23]]
[[28, 29], [20, 21], [10, 43]]
[[28, 29], [20, 21], [10, 55]]
[[28, 29], [20, 21], [22, 23]]
[[28, 29], [20, 21], [22, 55]]
[[28, 29], [20, 21], [34, 3]]
[[28, 29], [20, 21], [34, 11]]
[[28, 29], [20, 21], [34, 23]]
[[28, 29], [20, 21], [34, 35]]
[[28, 29], [20, 21], [34, 43]]
[[28, 29], [20, 21], [34, 55]]
[[28, 29], [20, 21], [38, 3]]
[[28, 29], [20, 21], [38, 7]]
[[28, 29], [20, 21], [38, 35]]
[[28, 29], [20, 21], [38, 39]]
[[28, 29], [20, 21], [42, 11]]
[[28, 29], [20, 21], [42, 23]]
[[28, 29], [20, 21], [42, 43]]
[[28, 29], [20, 21], [42, 55]]
[[28, 29], [20, 21], [54, 23]]
[[28, 29], [20, 21], [54, 55]]
[[28, 29], [20, 41], [2, 3]]
[[28, 29], [20, 41], [2, 11]]
[[28, 29], [20, 41], [2, 23]]
[[28, 29], [20, 41], [2, 35]]
[[28, 29], [20, 41], [2, 43]]
[[28, 29], [20, 41], [2, 55]]
[[28, 29], [20, 41], [6, 3]]
[[28, 29], [20, 41], [6, 7]]
[[28, 29], [20, 41], [6, 35]]
[[28, 29], [20, 41], [6, 39]]
[[28, 29], [20, 41], [10, 11]]
[[28, 29], [20, 41], [10, 23]]
[[28, 29], [20, 41], [10, 43]]
[[28, 29], [20, 41], [10, 55]]
[[28, 29], [20, 41], [22, 23]]
[[28, 29], [20, 41], [22, 55]]
[[28, 29], [20, 41], [34, 3]]
[[28, 29], [20, 41], [34, 11]]
[[28, 29], [20, 41], [34, 23]]
[[28, 29], [20, 41], [34, 35]]
[[28, 29], [20, 41], [34, 43]]
[[28, 29], [20, 41], [34, 55]]
[[28, 29], [20, 41], [38, 3]]
[[28, 29], [20, 41], [38, 7]]
[[28, 29], [20, 41], [38, 35]]
[[28, 29], [20, 41], [38, 39]]
[[28, 29], [20, 41], [42, 11]]
[[28, 29], [20, 41], [42, 23]]
[[28, 29], [20, 41], [42, 43]]
[[28, 29], [20, 41], [42, 55]]
[[28, 29], [20, 41], [54, 23]]
[[28, 29], [20, 41], [54, 55]]
[[28, 29], [20, 53], [2, 3]]
[[28, 29], [20, 53], [2, 11]]
[[28, 29], [20, 53], [2, 23]]
[[28, 29], [20, 53], [2, 35]]
[[28, 29], [20, 53], [2, 43]]
[[28, 29], [20, 53], [2, 55]]
[[28, 29], [20, 53], [6, 3]]
[[28, 29], [20, 53], [6, 7]]
[[28, 29], [20, 53], [6, 35]]
[[28, 29], [20, 53], [6, 39]]
[[28, 29], [20, 53], [10, 11]]
[[28, 29], [20, 53], [10, 23]]
[[28, 29], [20, 53], [10, 43]]
[[28, 29], [20, 53], [10, 55]]
[[28, 29], [20, 53], [22, 23]]
[[28, 29], [20, 53], [22, 55]]
[[28, 29], [20, 53], [34, 3]]
[[28, 29], [20, 53], [34, 11]]
[[28, 29], [20, 53], [34, 23]]
[[28, 29], [20, 53], [34, 35]]
[[28, 29], [20, 53], [34, 43]]
[[28, 29], [20, 53], [34, 55]]
[[28, 29], [20, 53], [38, 3]]
[[28, 29], [20, 53], [38, 7]]
[[28, 29], [20, 53], [38, 35]]
[[28, 29], [20, 53], [38, 39]]
[[28, 29], [20, 53], [42, 11]]
[[28, 29], [20, 53], [42, 23]]
[[28, 29], [20, 53], [42, 43]]
[[28, 29], [20, 53], [42, 55]]
[[28, 29], [20, 53], [54, 23]]
[[28, 29], [20, 53], [54, 55]]
[[28, 29], [30, 9], [2, 3]]
[[28, 29], [30, 9], [2, 11]]
[[28, 29], [30, 9], [2, 23]]
[[28, 29], [30, 9], [2, 35]]
[[28, 29], [30, 9], [2, 43]]
[[28, 29], [30, 9], [2, 55]]
[[28, 29], [30, 9], [6, 3]]
[[28, 29], [30, 9], [6, 7]]
[[28, 29], [30, 9], [6, 35]]
[[28, 29], [30, 9], [6, 39]]
[[28, 29], [30, 9], [10, 11]]
[[28, 29], [30, 9], [10, 23]]
[[28, 29], [30, 9], [10, 43]]
[[28, 29], [30, 9], [10, 55]]
[[28, 29], [30, 9], [22, 23]]
[[28, 29], [30, 9], [22, 55]]
[[28, 29], [30, 9], [34, 3]]
[[28, 29], [30, 9], [34, 11]]
[[28, 29], [30, 9], [34, 23]]
[[28, 29], [30, 9], [34, 35]]
[[28, 29], [30, 9], [34, 43]]
[[28, 29], [30, 9], [34, 55]]
[[28, 29], [30, 9], [38, 3]]
[[28, 29], [30, 9], [38, 7]]
[[28, 29], [30, 9], [38, 35]]
[[28, 29], [30, 9], [38, 39]]
[[28, 29], [30, 9], [42, 11]]
[[28, 29], [30, 9], [42, 23]]
[[28, 29], [30, 9], [42, 43]]
[[28, 29], [30, 9], [42, 55]]
[[28, 29], [30, 9], [54, 23]]
[[28, 29], [30, 9], [54, 55]]
[[28, 29], [30, 21], [2, 3]]
[[28, 29], [30, 21], [2, 11]]
[[28, 29], [30, 21], [2, 23]]
[[28, 29], [30, 21], [2, 35]]
[[28, 29], [30, 21], [2, 43]]
[[28, 29], [30, 21], [2, 55]]
[[28, 29], [30, 21], [6, 3]]
[[28, 29], [30, 21], [6, 7]]
[[28, 29], [30, 21], [6, 35]]
[[28, 29], [30, 21], [6, 39]]
[[28, 29], [30, 21], [10, 11]]
[[28, 29], [30, 21], [10, 23]]
[[28, 29], [30, 21], [10, 43]]
[[28, 29], [30, 21], [10, 55]]
[[28, 29], [30, 21], [22, 23]]
[[28, 29], [30, 21], [22, 55]]
[[28, 29], [30, 21], [34, 3]]
[[28, 29], [30, 21], [34, 11]]
[[28, 29], [30, 21], [34, 23]]
[[28, 29], [30, 21], [34, 35]]
[[28, 29], [30, 21], [34, 43]]
[[28, 29], [30, 21], [34, 55]]
[[28, 29], [30, 21], [38, 3]]
[[28, 29], [30, 21], [38, 7]]
[[28, 29], [30, 21], [38, 35]]
[[28, 29], [30, 21], [38, 39]]
[[28, 29], [30, 21], [42, 11]]
[[28, 29], [30, 21], [42, 23]]
[[28, 29], [30, 21], [42, 43]]
[[28, 29], [30, 21], [42, 55]]
[[28, 29], [30, 21], [54, 23]]
[[28, 29], [30, 21], [54, 55]]
[[28, 29], [30, 31], [2, 3]]
[[28, 29], [30, 31], [2, 11]]
[[28, 29], [30, 31], [2, 23]]
[[28, 29], [30, 31], [2, 35]]
[[28, 29], [30, 31], [2, 43]]
[[28, 29], [30, 31], [2, 55]]
[[28, 29], [30, 31], [6, 3]]
[[28, 29], [30, 31], [6, 7]]
[[28, 29], [30, 31], [6, 35]]
[[28, 29], [30, 31], [6, 39]]
[[28, 29], [30, 31], [10, 11]]
[[28, 29], [30, 31], [10, 23]]
[[28, 29], [30, 31], [10, 43]]
[[28, 29], [30, 31], [10, 55]]
[[28, 29], [30, 31], [22, 23]]
[[28, 29], [30, 31], [22, 55]]
[[28, 29], [30, 31], [34, 3]]
[[28, 29], [30, 31], [34, 11]]
[[28, 29], [30, 31], [34, 23]]
[[28, 29], [30, 31], [34, 35]]
[[28, 29], [30, 31], [34, 43]]
[[28, 29], [30, 31], [34, 55]]
[[28, 29], [30, 31], [38, 3]]
[[28, 29], [30, 31], [38, 7]]
[[28, 29], [30, 31], [38, 35]]
[[28, 29], [30, 31], [38, 39]]
[[28, 29], [30, 31], [42, 11]]
[[28, 29], [30, 31], [42, 23]]
[[28, 29], [30, 31], [42, 43]]
[[28, 29], [30, 31], [42, 55]]
[[28, 29], [30, 31], [54, 23]]
[[28, 29], [30, 31], [54, 55]]
[[28, 29], [30, 41], [2, 3]]
[[28, 29], [30, 41], [2, 11]]
[[28, 29], [30, 41], [2, 23]]
[[28, 29], [30, 41], [2, 35]]
[[28, 29], [30, 41], [2, 43]]
[[28, 29], [30, 41], [2, 55]]
[[28, 29], [30, 41], [6, 3]]
[[28, 29], [30, 41], [6, 7]]
[[28, 29], [30, 41], [6, 35]]
[[28, 29], [30, 41], [6, 39]]
[[28, 29], [30, 41], [10, 11]]
[[28, 29], [30, 41], [10, 23]]
[[28, 29], [30, 41], [10, 43]]
[[28, 29], [30, 41], [10, 55]]
[[28, 29], [30, 41], [22, 23]]
[[28, 29], [30, 41], [22, 55]]
[[28, 29], [30, 41], [34, 3]]
[[28, 29], [30, 41], [34, 11]]
[[28, 29], [30, 41], [34, 23]]
[[28, 29], [30, 41], [34, 35]]
[[28, 29], [30, 41], [34, 43]]
[[28, 29], [30, 41], [34, 55]]
[[28, 29], [30, 41], [38, 3]]
[[28, 29], [30, 41], [38, 7]]
[[28, 29], [30, 41], [38, 35]]
[[28, 29], [30, 41], [38, 39]]
[[28, 29], [30, 41], [42, 11]]
[[28, 29], [30, 41], [42, 23]]
[[28, 29], [30, 41], [42, 43]]
[[28, 29], [30, 41], [42, 55]]
[[28, 29], [30, 41], [54, 23]]
[[28, 29], [30, 41], [54, 55]]
[[28, 29], [30, 53], [2, 3]]
[[28, 29], [30, 53], [2, 11]]
[[28, 29], [30, 53], [2, 23]]
[[28, 29], [30, 53], [2, 35]]
[[28, 29], [30, 53], [2, 43]]
[[28, 29], [30, 53], [2, 55]]
[[28, 29], [30, 53], [6, 3]]
[[28, 29], [30, 53], [6, 7]]
[[28, 29], [30, 53], [6, 35]]
[[28, 29], [30, 53], [6, 39]]
[[28, 29], [30, 53], [10, 11]]
[[28, 29], [30, 53], [10, 23]]
[[28, 29], [30, 53], [10, 43]]
[[28, 29], [30, 53], [10, 55]]
[[28, 29], [30, 53], [22, 23]]
[[28, 29], [30, 53], [22, 55]]
[[28, 29], [30, 53], [34, 3]]
[[28, 29], [30, 53], [34, 11]]
[[28, 29], [30, 53], [34, 23]]
[[28, 29], [30, 53], [34, 35]]
[[28, 29], [30, 53], [34, 43]]
[[28, 29], [30, 53], [34, 55]]
[[28, 29], [30, 53], [38, 3]]
[[28, 29], [30, 53], [38, 7]]
[[28, 29], [30, 53], [38, 35]]
[[28, 29], [30, 53], [38, 39]]
[[28, 29], [30, 53], [42, 11]]
[[28, 29], [30, 53], [42, 23]]
[[28, 29], [30, 53], [42, 43]]
[[28, 29], [30, 53], [42, 55]]
[[28, 29], [30, 53], [54, 23]]
[[28, 29], [30, 53], [54, 55]]
[[28, 29], [30, 63], [2, 3]]
[[28, 29], [30, 63], [2, 11]]
[[28, 29], [30, 63], [2, 23]]
[[28, 29], [30, 63], [2, 35]]
[[28, 29], [30, 63], [2, 43]]
[[28, 29], [30, 63], [2, 55]]
[[28, 29], [30, 63], [6, 3]]
[[28, 29], [30, 63], [6, 7]]
[[28, 29], [30, 63], [6, 35]]
[[28, 29], [30, 63], [6, 39]]
[[28, 29], [30, 63], [10, 11]]
[[28, 29], [30, 63], [10, 23]]
[[28, 29], [30, 63], [10, 43]]
[[28, 29], [30, 63], [10, 55]]
[[28, 29], [30, 63], [22, 23]]
[[28, 29], [30, 63], [22, 55]]
[[28, 29], [30, 63], [34, 3]]
[[28, 29], [30, 63], [34, 11]]
[[28, 29], [30, 63], [34, 23]]
[[28, 29], [30, 63], [34, 35]]
[[28, 29], [30, 63], [34, 43]]
[[28, 29], [30, 63], [34, 55]]
[[28, 29], [30, 63], [38, 3]]
[[28, 29], [30, 63], [38, 7]]
[[28, 29], [30, 63], [38, 35]]
[[28, 29], [30, 63], [38, 39]]
[[28, 29], [30, 63], [42, 11]]
[[28, 29], [30, 63], [42, 23]]
[[28, 29], [30, 63], [42, 43]]
[[28, 29], [30, 63], [42, 55]]
[[28, 29], [30, 63], [54, 23]]
[[28, 29], [30, 63], [54, 55]]
[[28, 29], [32, 1], [2, 3]]
[[28, 29], [32, 1], [2, 11]]
[[28, 29], [32, 1], [2, 23]]
[[28, 29], [32, 1], [2, 35]]
[[28, 29], [32, 1], [2, 43]]
[[28, 29], [32, 1], [2, 55]]
[[28, 29], [32, 1], [6, 3]]
[[28, 29], [32, 1], [6, 7]]
[[28, 29], [32, 1], [6, 35]]
[[28, 29], [32, 1], [6, 39]]
[[28, 29], [32, 1], [10, 11]]
[[28, 29], [32, 1], [10, 23]]
[[28, 29], [32, 1], [10, 43]]
[[28, 29], [32, 1], [10, 55]]
[[28, 29], [32, 1], [14, 7]]
[[28, 29], [32, 1], [14, 15]]
[[28, 29], [32, 1], [14, 39]]
[[28, 29], [32, 1], [14, 47]]
[[28, 29], [32, 1], [34, 3]]
[[28, 29], [32, 1], [34, 11]]
[[28, 29], [32, 1], [34, 23]]
[[28, 29], [32, 1], [34, 35]]
[[28, 29], [32, 1], [34, 43]]
[[28, 29], [32, 1], [34, 55]]
[[28, 29], [32, 1], [38, 3]]
[[28, 29], [32, 1], [38, 7]]
[[28, 29], [32, 1], [38, 35]]
[[28, 29], [32, 1], [38, 39]]
[[28, 29], [32, 1], [42, 11]]
[[28, 29], [32, 1], [42, 23]]
[[28, 29], [32, 1], [42, 43]]
[[28, 29], [32, 1], [42, 55]]
[[28, 29], [32, 1], [46, 7]]
[[28, 29], [32, 1], [46, 15]]
[[28, 29], [32, 1], [46, 39]]
[[28, 29], [32, 1], [46, 47]]
[[28, 29], [32, 9], [2, 3]]
[[28, 29], [32, 9], [2, 11]]
[[28, 29], [32, 9], [2, 23]]
[[28, 29], [32, 9], [2, 35]]
[[28, 29], [32, 9], [2, 43]]
[[28, 29], [32, 9], [2, 55]]
[[28, 29], [32, 9], [6, 3]]
[[28, 29], [32, 9], [6, 7]]
[[28, 29], [32, 9], [6, 35]]
[[28, 29], [32, 9], [6, 39]]
[[28, 29], [32, 9], [10, 11]]
[[28, 29], [32, 9], [10, 23]]
[[28, 29], [32, 9], [10, 43]]
[[28, 29], [32, 9], [10, 55]]
[[28, 29], [32, 9], [22, 23]]
[[28, 29], [32, 9], [22, 55]]
[[28, 29], [32, 9], [34, 3]]
[[28, 29], [32, 9], [34, 11]]
[[28, 29], [32, 9], [34, 23]]
[[28, 29], [32, 9], [34, 35]]
[[28, 29], [32, 9], [34, 43]]
[[28, 29], [32, 9], [34, 55]]
[[28, 29], [32, 9], [38, 3]]
[[28, 29], [32, 9], [38, 7]]
[[28, 29], [32, 9], [38, 35]]
[[28, 29], [32, 9], [38, 39]]
[[28, 29], [32, 9], [42, 11]]
[[28, 29], [32, 9], [42, 23]]
[[28, 29], [32, 9], [42, 43]]
[[28, 29], [32, 9], [42, 55]]
[[28, 29], [32, 9], [54, 23]]
[[28, 29], [32, 9], [54, 55]]
[[28, 29], [32, 21], [2, 3]]
[[28, 29], [32, 21], [2, 11]]
[[28, 29], [32, 21], [2, 23]]
[[28, 29], [32, 21], [2, 35]]
[[28, 29], [32, 21], [2, 43]]
[[28, 29], [32, 21], [2, 55]]
[[28, 29], [32, 21], [6, 3]]
[[28, 29], [32, 21], [6, 7]]
[[28, 29], [32, 21], [6, 35]]
[[28, 29], [32, 21], [6, 39]]
[[28, 29], [32, 21], [10, 11]]
[[28, 29], [32, 21], [10, 23]]
[[28, 29], [32, 21], [10, 43]]
[[28, 29], [32, 21], [10, 55]]
[[28, 29], [32, 21], [22, 23]]
[[28, 29], [32, 21], [22, 55]]
[[28, 29], [32, 21], [34, 3]]
[[28, 29], [32, 21], [34, 11]]
[[28, 29], [32, 21], [34, 23]]
[[28, 29], [32, 21], [34, 35]]
[[28, 29], [32, 21], [34, 43]]
[[28, 29], [32, 21], [34, 55]]
[[28, 29], [32, 21], [38, 3]]
[[28, 29], [32, 21], [38, 7]]
[[28, 29], [32, 21], [38, 35]]
[[28, 29], [32, 21], [38, 39]]
[[28, 29], [32, 21], [42, 11]]
[[28, 29], [32, 21], [42, 23]]
[[28, 29], [32, 21], [42, 43]]
[[28, 29], [32, 21], [42, 55]]
[[28, 29], [32, 21], [54, 23]]
[[28, 29], [32, 21], [54, 55]]
[[28, 29], [32, 31], [2, 3]]
[[28, 29], [32, 31], [2, 11]]
[[28, 29], [32, 31], [2, 23]]
[[28, 29], [32, 31], [2, 35]]
[[28, 29], [32, 31], [2, 43]]
[[28, 29], [32, 31], [2, 55]]
[[28, 29], [32, 31], [6, 3]]
[[28, 29], [32, 31], [6, 7]]
[[28, 29], [32, 31], [6, 35]]
[[28, 29], [32, 31], [6, 39]]
[[28, 29], [32, 31], [10, 11]]
[[28, 29], [32, 31], [10, 23]]
[[28, 29], [32, 31], [10, 43]]
[[28, 29], [32, 31], [10, 55]]
[[28, 29], [32, 31], [22, 23]]
[[28, 29], [32, 31], [22, 55]]
[[28, 29], [32, 31], [34, 3]]
[[28, 29], [32, 31], [34, 11]]
[[28, 29], [32, 31], [34, 23]]
[[28, 29], [32, 31], [34, 35]]
[[28, 29], [32, 31], [34, 43]]
[[28, 29], [32, 31], [34, 55]]
[[28, 29], [32, 31], [38, 3]]
[[28, 29], [32, 31], [38, 7]]
[[28, 29], [32, 31], [38, 35]]
[[28, 29], [32, 31], [38, 39]]
[[28, 29], [32, 31], [42, 11]]
[[28, 29], [32, 31], [42, 23]]
[[28, 29], [32, 31], [42, 43]]
[[28, 29], [32, 31], [42, 55]]
[[28, 29], [32, 31], [54, 23]]
[[28, 29], [32, 31], [54, 55]]
[[28, 29], [32, 33], [2, 3]]
[[28, 29], [32, 33], [2, 11]]
[[28, 29], [32, 33], [2, 23]]
[[28, 29], [32, 33], [2, 35]]
[[28, 29], [32, 33], [2, 43]]
[[28, 29], [32, 33], [2, 55]]
[[28, 29], [32, 33], [6, 3]]
[[28, 29], [32, 33], [6, 7]]
[[28, 29], [32, 33], [6, 35]]
[[28, 29], [32, 33], [6, 39]]
[[28, 29], [32, 33], [10, 11]]
[[28, 29], [32, 33], [10, 23]]
[[28, 29], [32, 33], [10, 43]]
[[28, 29], [32, 33], [10, 55]]
[[28, 29], [32, 33], [14, 7]]
[[28, 29], [32, 33], [14, 15]]
[[28, 29], [32, 33], [14, 39]]
[[28, 29], [32, 33], [14, 47]]
[[28, 29], [32, 33], [34, 3]]
[[28, 29], [32, 33], [34, 11]]
[[28, 29], [32, 33], [34, 23]]
[[28, 29], [32, 33], [34, 35]]
[[28, 29], [32, 33], [34, 43]]
[[28, 29], [32, 33], [34, 55]]
[[28, 29], [32, 33], [38, 3]]
[[28, 29], [32, 33], [38, 7]]
[[28, 29], [32, 33], [38, 35]]
[[28, 29], [32, 33], [38, 39]]
[[28, 29], [32, 33], [42, 11]]
[[28, 29], [32, 33], [42, 23]]
[[28, 29], [32, 33], [42, 43]]
[[28, 29], [32, 33], [42, 55]]
[[28, 29], [32, 33], [46, 7]]
[[28, 29], [32, 33], [46, 15]]
[[28, 29], [32, 33], [46, 39]]
[[28, 29], [32, 33], [46, 47]]
[[28, 29], [32, 41], [2, 3]]
[[28, 29], [32, 41], [2, 11]]
[[28, 29], [32, 41], [2, 23]]
[[28, 29], [32, 41], [2, 35]]
[[28, 29], [32, 41], [2, 43]]
[[28, 29], [32, 41], [2, 55]]
[[28, 29], [32, 41], [6, 3]]
[[28, 29], [32, 41], [6, 7]]
[[28, 29], [32, 41], [6, 35]]
[[28, 29], [32, 41], [6, 39]]
[[28, 29], [32, 41], [10, 11]]
[[28, 29], [32, 41], [10, 23]]
[[28, 29], [32, 41], [10, 43]]
[[28, 29], [32, 41], [10, 55]]
[[28, 29], [32, 41], [22, 23]]
[[28, 29], [32, 41], [22, 55]]
[[28, 29], [32, 41], [34, 3]]
[[28, 29], [32, 41], [34, 11]]
[[28, 29], [32, 41], [34, 23]]
[[28, 29], [32, 41], [34, 35]]
[[28, 29], [32, 41], [34, 43]]
[[28, 29], [32, 41], [34, 55]]
[[28, 29], [32, 41], [38, 3]]
[[28, 29], [32, 41], [38, 7]]
[[28, 29], [32, 41], [38, 35]]
[[28, 29], [32, 41], [38, 39]]
[[28, 29], [32, 41], [42, 11]]
[[28, 29], [32, 41], [42, 23]]
[[28, 29], [32, 41], [42, 43]]
[[28, 29], [32, 41], [42, 55]]
[[28, 29], [32, 41], [54, 23]]
[[28, 29], [32, 41], [54, 55]]
[[28, 29], [32, 53], [2, 3]]
[[28, 29], [32, 53], [2, 11]]
[[28, 29], [32, 53], [2, 23]]
[[28, 29], [32, 53], [2, 35]]
[[28, 29], [32, 53], [2, 43]]
[[28, 29], [32, 53], [2, 55]]
[[28, 29], [32, 53], [6, 3]]
[[28, 29], [32, 53], [6, 7]]
[[28, 29], [32, 53], [6, 35]]
[[28, 29], [32, 53], [6, 39]]
[[28, 29], [32, 53], [10, 11]]
[[28, 29], [32, 53], [10, 23]]
[[28, 29], [32, 53], [10, 43]]
[[28, 29], [32, 53], [10, 55]]
[[28, 29], [32, 53], [22, 23]]
[[28, 29], [32, 53], [22, 55]]
[[28, 29], [32, 53], [34, 3]]
[[28, 29], [32, 53], [34, 11]]
[[28, 29], [32, 53], [34, 23]]
[[28, 29], [32, 53], [34, 35]]
[[28, 29], [32, 53], [34, 43]]
[[28, 29], [32, 53], [34, 55]]
[[28, 29], [32, 53], [38, 3]]
[[28, 29], [32, 53], [38, 7]]
[[28, 29], [32, 53], [38, 35]]
[[28, 29], [32, 53], [38, 39]]
[[28, 29], [32, 53], [42, 11]]
[[28, 29], [32, 53], [42, 23]]
[[28, 29], [32, 53], [42, 43]]
[[28, 29], [32, 53], [42, 55]]
[[28, 29], [32, 53], [54, 23]]
[[28, 29], [32, 53], [54, 55]]
[[28, 29], [32, 63], [2, 3]]
[[28, 29], [32, 63], [2, 11]]
[[28, 29], [32, 63], [2, 23]]
[[28, 29], [32, 63], [2, 35]]
[[28, 29], [32, 63], [2, 43]]
[[28, 29], [32, 63], [2, 55]]
[[28, 29], [32, 63], [6, 3]]
[[28, 29], [32, 63], [6, 7]]
[[28, 29], [32, 63], [6, 35]]
[[28, 29], [32, 63], [6, 39]]
[[28, 29], [32, 63], [10, 11]]
[[28, 29], [32, 63], [10, 23]]
[[28, 29], [32, 63], [10, 43]]
[[28, 29], [32, 63], [10, 55]]
[[28, 29], [32, 63], [22, 23]]
[[28, 29], [32, 63], [22, 55]]
[[28, 29], [32, 63], [34, 3]]
[[28, 29], [32, 63], [34, 11]]
[[28, 29], [32, 63], [34, 23]]
[[28, 29], [32, 63], [34, 35]]
[[28, 29], [32, 63], [34, 43]]
[[28, 29], [32, 63], [34, 55]]
[[28, 29], [32, 63], [38, 3]]
[[28, 29], [32, 63], [38, 7]]
[[28, 29], [32, 63], [38, 35]]
[[28, 29], [32, 63], [38, 39]]
[[28, 29], [32, 63], [42, 11]]
[[28, 29], [32, 63], [42, 23]]
[[28, 29], [32, 63], [42, 43]]
[[28, 29], [32, 63], [42, 55]]
[[28, 29], [32, 63], [54, 23]]
[[28, 29], [32, 63], [54, 55]]
[[28, 29], [36, 1], [2, 3]]
[[28, 29], [36, 1], [2, 11]]
[[28, 29], [36, 1], [2, 23]]
[[28, 29], [36, 1], [2, 35]]
[[28, 29], [36, 1], [2, 43]]
[[28, 29], [36, 1], [2, 55]]
[[28, 29], [36, 1], [6, 3]]
[[28, 29], [36, 1], [6, 7]]
[[28, 29], [36, 1], [6, 35]]
[[28, 29], [36, 1], [6, 39]]
[[28, 29], [36, 1], [10, 11]]
[[28, 29], [36, 1], [10, 23]]
[[28, 29], [36, 1], [10, 43]]
[[28, 29], [36, 1], [10, 55]]
[[28, 29], [36, 1], [14, 7]]
[[28, 29], [36, 1], [14, 15]]
[[28, 29], [36, 1], [14, 39]]
[[28, 29], [36, 1], [14, 47]]
[[28, 29], [36, 1], [34, 3]]
[[28, 29], [36, 1], [34, 11]]
[[28, 29], [36, 1], [34, 23]]
[[28, 29], [36, 1], [34, 35]]
[[28, 29], [36, 1], [34, 43]]
[[28, 29], [36, 1], [34, 55]]
[[28, 29], [36, 1], [38, 3]]
[[28, 29], [36, 1], [38, 7]]
[[28, 29], [36, 1], [38, 35]]
[[28, 29], [36, 1], [38, 39]]
[[28, 29], [36, 1], [42, 11]]
[[28, 29], [36, 1], [42, 23]]
[[28, 29], [36, 1], [42, 43]]
[[28, 29], [36, 1], [42, 55]]
[[28, 29], [36, 1], [46, 7]]
[[28, 29], [36, 1], [46, 15]]
[[28, 29], [36, 1], [46, 39]]
[[28, 29], [36, 1], [46, 47]]
[[28, 29], [36, 5], [6, 3]]
[[28, 29], [36, 5], [6, 7]]
[[28, 29], [36, 5], [6, 35]]
[[28, 29], [36, 5], [6, 39]]
[[28, 29], [36, 5], [14, 7]]
[[28, 29], [36, 5], [14, 15]]
[[28, 29], [36, 5], [14, 39]]
[[28, 29], [36, 5], [14, 47]]
[[28, 29], [36, 5], [18, 15]]
[[28, 29], [36, 5], [18, 19]]
[[28, 29], [36, 5], [18, 47]]
[[28, 29], [36, 5], [18, 51]]
[[28, 29], [36, 5], [38, 3]]
[[28, 29], [36, 5], [38, 7]]
[[28, 29], [36, 5], [38, 35]]
[[28, 29], [36, 5], [38, 39]]
[[28, 29], [36, 5], [46, 7]]
[[28, 29], [36, 5], [46, 15]]
[[28, 29], [36, 5], [46, 39]]
[[28, 29], [36, 5], [46, 47]]
[[28, 29], [36, 5], [50, 15]]
[[28, 29], [36, 5], [50, 19]]
[[28, 29], [36, 5], [50, 47]]
[[28, 29], [36, 5], [50, 51]]
[[28, 29], [36, 33], [2, 3]]
[[28, 29], [36, 33], [2, 11]]
[[28, 29], [36, 33], [2, 23]]
[[28, 29], [36, 33], [2, 35]]
[[28, 29], [36, 33], [2, 43]]
[[28, 29], [36, 33], [2, 55]]
[[28, 29], [36, 33], [6, 3]]
[[28, 29], [36, 33], [6, 7]]
[[28, 29], [36, 33], [6, 35]]
[[28, 29], [36, 33], [6, 39]]
[[28, 29], [36, 33], [10, 11]]
[[28, 29], [36, 33], [10, 23]]
[[28, 29], [36, 33], [10, 43]]
[[28, 29], [36, 33], [10, 55]]
[[28, 29], [36, 33], [14, 7]]
[[28, 29], [36, 33], [14, 15]]
[[28, 29], [36, 33], [14, 39]]
[[28, 29], [36, 33], [14, 47]]
[[28, 29], [36, 33], [34, 3]]
[[28, 29], [36, 33], [34, 11]]
[[28, 29], [36, 33], [34, 23]]
[[28, 29], [36, 33], [34, 35]]
[[28, 29], [36, 33], [34, 43]]
[[28, 29], [36, 33], [34, 55]]
[[28, 29], [36, 33], [38, 3]]
[[28, 29], [36, 33], [38, 7]]
[[28, 29], [36, 33], [38, 35]]
[[28, 29], [36, 33], [38, 39]]
[[28, 29], [36, 33], [42, 11]]
[[28, 29], [36, 33], [42, 23]]
[[28, 29], [36, 33], [42, 43]]
[[28, 29], [36, 33], [42, 55]]
[[28, 29], [36, 33], [46, 7]]
[[28, 29], [36, 33], [46, 15]]
[[28, 29], [36, 33], [46, 39]]
[[28, 29], [36, 33], [46, 47]]
[[28, 29], [36, 37], [6, 3]]
[[28, 29], [36, 37], [6, 7]]
[[28, 29], [36, 37], [6, 35]]
[[28, 29], [36, 37], [6, 39]]
[[28, 29], [36, 37], [14, 7]]
[[28, 29], [36, 37], [14, 15]]
[[28, 29], [36, 37], [14, 39]]
[[28, 29], [36, 37], [14, 47]]
[[28, 29], [36, 37], [18, 15]]
[[28, 29], [36, 37], [18, 19]]
[[28, 29], [36, 37], [18, 47]]
[[28, 29], [36, 37], [18, 51]]
[[28, 29], [36, 37], [38, 3]]
[[28, 29], [36, 37], [38, 7]]
[[28, 29], [36, 37], [38, 35]]
[[28, 29], [36, 37], [38, 39]]
[[28, 29], [36, 37], [46, 7]]
[[28, 29], [36, 37], [46, 15]]
[[28, 29], [36, 37], [46, 39]]
[[28, 29], [36, 37], [46, 47]]
[[28, 29], [36, 37], [50, 15]]
[[28, 29], [36, 37], [50, 19]]
[[28, 29], [36, 37], [50, 47]]
[[28, 29], [36, 37], [50, 51]]
[[28, 29], [40, 9], [2, 3]]
[[28, 29], [40, 9], [2, 11]]
[[28, 29], [40, 9], [2, 23]]
[[28, 29], [40, 9], [2, 35]]
[[28, 29], [40, 9], [2, 43]]
[[28, 29], [40, 9], [2, 55]]
[[28, 29], [40, 9], [6, 3]]
[[28, 29], [40, 9], [6, 7]]
[[28, 29], [40, 9], [6, 35]]
[[28, 29], [40, 9], [6, 39]]
[[28, 29], [40, 9], [10, 11]]
[[28, 29], [40, 9], [10, 23]]
[[28, 29], [40, 9], [10, 43]]
[[28, 29], [40, 9], [10, 55]]
[[28, 29], [40, 9], [22, 23]]
[[28, 29], [40, 9], [22, 55]]
[[28, 29], [40, 9], [34, 3]]
[[28, 29], [40, 9], [34, 11]]
[[28, 29], [40, 9], [34, 23]]
[[28, 29], [40, 9], [34, 35]]
[[28, 29], [40, 9], [34, 43]]
[[28, 29], [40, 9], [34, 55]]
[[28, 29], [40, 9], [38, 3]]
[[28, 29], [40, 9], [38, 7]]
[[28, 29], [40, 9], [38, 35]]
[[28, 29], [40, 9], [38, 39]]
[[28, 29], [40, 9], [42, 11]]
[[28, 29], [40, 9], [42, 23]]
[[28, 29], [40, 9], [42, 43]]
[[28, 29], [40, 9], [42, 55]]
[[28, 29], [40, 9], [54, 23]]
[[28, 29], [40, 9], [54, 55]]
[[28, 29], [40, 21], [2, 3]]
[[28, 29], [40, 21], [2, 11]]
[[28, 29], [40, 21], [2, 23]]
[[28, 29], [40, 21], [2, 35]]
[[28, 29], [40, 21], [2, 43]]
[[28, 29], [40, 21], [2, 55]]
[[28, 29], [40, 21], [6, 3]]
[[28, 29], [40, 21], [6, 7]]
[[28, 29], [40, 21], [6, 35]]
[[28, 29], [40, 21], [6, 39]]
[[28, 29], [40, 21], [10, 11]]
[[28, 29], [40, 21], [10, 23]]
[[28, 29], [40, 21], [10, 43]]
[[28, 29], [40, 21], [10, 55]]
[[28, 29], [40, 21], [22, 23]]
[[28, 29], [40, 21], [22, 55]]
[[28, 29], [40, 21], [34, 3]]
[[28, 29], [40, 21], [34, 11]]
[[28, 29], [40, 21], [34, 23]]
[[28, 29], [40, 21], [34, 35]]
[[28, 29], [40, 21], [34, 43]]
[[28, 29], [40, 21], [34, 55]]
[[28, 29], [40, 21], [38, 3]]
[[28, 29], [40, 21], [38, 7]]
[[28, 29], [40, 21], [38, 35]]
[[28, 29], [40, 21], [38, 39]]
[[28, 29], [40, 21], [42, 11]]
[[28, 29], [40, 21], [42, 23]]
[[28, 29], [40, 21], [42, 43]]
[[28, 29], [40, 21], [42, 55]]
[[28, 29], [40, 21], [54, 23]]
[[28, 29], [40, 21], [54, 55]]
[[28, 29], [40, 41], [2, 3]]
[[28, 29], [40, 41], [2, 11]]
[[28, 29], [40, 41], [2, 23]]
[[28, 29], [40, 41], [2, 35]]
[[28, 29], [40, 41], [2, 43]]
[[28, 29], [40, 41], [2, 55]]
[[28, 29], [40, 41], [6, 3]]
[[28, 29], [40, 41], [6, 7]]
[[28, 29], [40, 41], [6, 35]]
[[28, 29], [40, 41], [6, 39]]
[[28, 29], [40, 41], [10, 11]]
[[28, 29], [40, 41], [10, 23]]
[[28, 29], [40, 41], [10, 43]]
[[28, 29], [40, 41], [10, 55]]
[[28, 29], [40, 41], [22, 23]]
[[28, 29], [40, 41], [22, 55]]
[[28, 29], [40, 41], [34, 3]]
[[28, 29], [40, 41], [34, 11]]
[[28, 29], [40, 41], [34, 23]]
[[28, 29], [40, 41], [34, 35]]
[[28, 29], [40, 41], [34, 43]]
[[28, 29], [40, 41], [34, 55]]
[[28, 29], [40, 41], [38, 3]]
[[28, 29], [40, 41], [38, 7]]
[[28, 29], [40, 41], [38, 35]]
[[28, 29], [40, 41], [38, 39]]
[[28, 29], [40, 41], [42, 11]]
[[28, 29], [40, 41], [42, 23]]
[[28, 29], [40, 41], [42, 43]]
[[28, 29], [40, 41], [42, 55]]
[[28, 29], [40, 41], [54, 23]]
[[28, 29], [40, 41], [54, 55]]
[[28, 29], [40, 53], [2, 3]]
[[28, 29], [40, 53], [2, 11]]
[[28, 29], [40, 53], [2, 23]]
[[28, 29], [40, 53], [2, 35]]
[[28, 29], [40, 53], [2, 43]]
[[28, 29], [40, 53], [2, 55]]
[[28, 29], [40, 53], [6, 3]]
[[28, 29], [40, 53], [6, 7]]
[[28, 29], [40, 53], [6, 35]]
[[28, 29], [40, 53], [6, 39]]
[[28, 29], [40, 53], [10, 11]]
[[28, 29], [40, 53], [10, 23]]
[[28, 29], [40, 53], [10, 43]]
[[28, 29], [40, 53], [10, 55]]
[[28, 29], [40, 53], [22, 23]]
[[28, 29], [40, 53], [22, 55]]
[[28, 29], [40, 53], [34, 3]]
[[28, 29], [40, 53], [34, 11]]
[[28, 29], [40, 53], [34, 23]]
[[28, 29], [40, 53], [34, 35]]
[[28, 29], [40, 53], [34, 43]]
[[28, 29], [40, 53], [34, 55]]
[[28, 29], [40, 53], [38, 3]]
[[28, 29], [40, 53], [38, 7]]
[[28, 29], [40, 53], [38, 35]]
[[28, 29], [40, 53], [38, 39]]
[[28, 29], [40, 53], [42, 11]]
[[28, 29], [40, 53], [42, 23]]
[[28, 29], [40, 53], [42, 43]]
[[28, 29], [40, 53], [42, 55]]
[[28, 29], [40, 53], [54, 23]]
[[28, 29], [40, 53], [54, 55]]
[[28, 29], [52, 9], [2, 3]]
[[28, 29], [52, 9], [2, 11]]
[[28, 29], [52, 9], [2, 23]]
[[28, 29], [52, 9], [2, 35]]
[[28, 29], [52, 9], [2, 43]]
[[28, 29], [52, 9], [2, 55]]
[[28, 29], [52, 9], [6, 3]]
[[28, 29], [52, 9], [6, 7]]
[[28, 29], [52, 9], [6, 35]]
[[28, 29], [52, 9], [6, 39]]
[[28, 29], [52, 9], [10, 11]]
[[28, 29], [52, 9], [10, 23]]
[[28, 29], [52, 9], [10, 43]]
[[28, 29], [52, 9], [10, 55]]
[[28, 29], [52, 9], [22, 23]]
[[28, 29], [52, 9], [22, 55]]
[[28, 29], [52, 9], [34, 3]]
[[28, 29], [52, 9], [34, 11]]
[[28, 29], [52, 9], [34, 23]]
[[28, 29], [52, 9], [34, 35]]
[[28, 29], [52, 9], [34, 43]]
[[28, 29], [52, 9], [34, 55]]
[[28, 29], [52, 9], [38, 3]]
[[28, 29], [52, 9], [38, 7]]
[[28, 29], [52, 9], [38, 35]]
[[28, 29], [52, 9], [38, 39]]
[[28, 29], [52, 9], [42, 11]]
[[28, 29], [52, 9], [42, 23]]
[[28, 29], [52, 9], [42, 43]]
[[28, 29], [52, 9], [42, 55]]
[[28, 29], [52, 9], [54, 23]]
[[28, 29], [52, 9], [54, 55]]
[[28, 29], [52, 21], [2, 3]]
[[28, 29], [52, 21], [2, 11]]
[[28, 29], [52, 21], [2, 23]]
[[28, 29], [52, 21], [2, 35]]
[[28, 29], [52, 21], [2, 43]]
[[28, 29], [52, 21], [2, 55]]
[[28, 29], [52, 21], [6, 3]]
[[28, 29], [52, 21], [6, 7]]
[[28, 29], [52, 21], [6, 35]]
[[28, 29], [52, 21], [6, 39]]
[[28, 29], [52, 21], [10, 11]]
[[28, 29], [52, 21], [10, 23]]
[[28, 29], [52, 21], [10, 43]]
[[28, 29], [52, 21], [10, 55]]
[[28, 29], [52, 21], [22, 23]]
[[28, 29], [52, 21], [22, 55]]
[[28, 29], [52, 21], [34, 3]]
[[28, 29], [52, 21], [34, 11]]
[[28, 29], [52, 21], [34, 23]]
[[28, 29], [52, 21], [34, 35]]
[[28, 29], [52, 21], [34, 43]]
[[28, 29], [52, 21], [34, 55]]
[[28, 29], [52, 21], [38, 3]]
[[28, 29], [52, 21], [38, 7]]
[[28, 29], [52, 21], [38, 35]]
[[28, 29], [52, 21], [38, 39]]
[[28, 29], [52, 21], [42, 11]]
[[28, 29], [52, 21], [42, 23]]
[[28, 29], [52, 21], [42, 43]]
[[28, 29], [52, 21], [42, 55]]
[[28, 29], [52, 21], [54, 23]]
[[28, 29], [52, 21], [54, 55]]
[[28, 29], [52, 41], [2, 3]]
[[28, 29], [52, 41], [2, 11]]
[[28, 29], [52, 41], [2, 23]]
[[28, 29], [52, 41], [2, 35]]
[[28, 29], [52, 41], [2, 43]]
[[28, 29], [52, 41], [2, 55]]
[[28, 29], [52, 41], [6, 3]]
[[28, 29], [52, 41], [6, 7]]
[[28, 29], [52, 41], [6, 35]]
[[28, 29], [52, 41], [6, 39]]
[[28, 29], [52, 41], [10, 11]]
[[28, 29], [52, 41], [10, 23]]
[[28, 29], [52, 41], [10, 43]]
[[28, 29], [52, 41], [10, 55]]
[[28, 29], [52, 41], [22, 23]]
[[28, 29], [52, 41], [22, 55]]
[[28, 29], [52, 41], [34, 3]]
[[28, 29], [52, 41], [34, 11]]
[[28, 29], [52, 41], [34, 23]]
[[28, 29], [52, 41], [34, 35]]
[[28, 29], [52, 41], [34, 43]]
[[28, 29], [52, 41], [34, 55]]
[[28, 29], [52, 41], [38, 3]]
[[28, 29], [52, 41], [38, 7]]
[[28, 29], [52, 41], [38, 35]]
[[28, 29], [52, 41], [38, 39]]
[[28, 29], [52, 41], [42, 11]]
[[28, 29], [52, 41], [42, 23]]
[[28, 29], [52, 41], [42, 43]]
[[28, 29], [52, 41], [42, 55]]
[[28, 29], [52, 41], [54, 23]]
[[28, 29], [52, 41], [54, 55]]
[[28, 29], [52, 53], [2, 3]]
[[28, 29], [52, 53], [2, 11]]
[[28, 29], [52, 53], [2, 23]]
[[28, 29], [52, 53], [2, 35]]
[[28, 29], [52, 53], [2, 43]]
[[28, 29], [52, 53], [2, 55]]
[[28, 29], [52, 53], [6, 3]]
[[28, 29], [52, 53], [6, 7]]
[[28, 29], [52, 53], [6, 35]]
[[28, 29], [52, 53], [6, 39]]
[[28, 29], [52, 53], [10, 11]]
[[28, 29], [52, 53], [10, 23]]
[[28, 29], [52, 53], [10, 43]]
[[28, 29], [52, 53], [10, 55]]
[[28, 29], [52, 53], [22, 23]]
[[28, 29], [52, 53], [22, 55]]
[[28, 29], [52, 53], [34, 3]]
[[28, 29], [52, 53], [34, 11]]
[[28, 29], [52, 53], [34, 23]]
[[28, 29], [52, 53], [34, 35]]
[[28, 29], [52, 53], [34, 43]]
[[28, 29], [52, 53], [34, 55]]
[[28, 29], [52, 53], [38, 3]]
[[28, 29], [52, 53], [38, 7]]
[[28, 29], [52, 53], [38, 35]]
[[28, 29], [52, 53], [38, 39]]
[[28, 29], [52, 53], [42, 11]]
[[28, 29], [52, 53], [42, 23]]
[[28, 29], [52, 53], [42, 43]]
[[28, 29], [52, 53], [42, 55]]
[[28, 29], [52, 53], [54, 23]]
[[28, 29], [52, 53], [54, 55]]
[[28, 29], [62, 9], [2, 3]]
[[28, 29], [62, 9], [2, 11]]
[[28, 29], [62, 9], [2, 23]]
[[28, 29], [62, 9], [2, 35]]
[[28, 29], [62, 9], [2, 43]]
[[28, 29], [62, 9], [2, 55]]
[[28, 29], [62, 9], [6, 3]]
[[28, 29], [62, 9], [6, 7]]
[[28, 29], [62, 9], [6, 35]]
[[28, 29], [62, 9], [6, 39]]
[[28, 29], [62, 9], [10, 11]]
[[28, 29], [62, 9], [10, 23]]
[[28, 29], [62, 9], [10, 43]]
[[28, 29], [62, 9], [10, 55]]
[[28, 29], [62, 9], [22, 23]]
[[28, 29], [62, 9], [22, 55]]
[[28, 29], [62, 9], [34, 3]]
[[28, 29], [62, 9], [34, 11]]
[[28, 29], [62, 9], [34, 23]]
[[28, 29], [62, 9], [34, 35]]
[[28, 29], [62, 9], [34, 43]]
[[28, 29], [62, 9], [34, 55]]
[[28, 29], [62, 9], [38, 3]]
[[28, 29], [62, 9], [38, 7]]
[[28, 29], [62, 9], [38, 35]]
[[28, 29], [62, 9], [38, 39]]
[[28, 29], [62, 9], [42, 11]]
[[28, 29], [62, 9], [42, 23]]
[[28, 29], [62, 9], [42, 43]]
[[28, 29], [62, 9], [42, 55]]
[[28, 29], [62, 9], [54, 23]]
[[28, 29], [62, 9], [54, 55]]
[[28, 29], [62, 21], [2, 3]]
[[28, 29], [62, 21], [2, 11]]
[[28, 29], [62, 21], [2, 23]]
[[28, 29], [62, 21], [2, 35]]
[[28, 29], [62, 21], [2, 43]]
[[28, 29], [62, 21], [2, 55]]
[[28, 29], [62, 21], [6, 3]]
[[28, 29], [62, 21], [6, 7]]
[[28, 29], [62, 21], [6, 35]]
[[28, 29], [62, 21], [6, 39]]
[[28, 29], [62, 21], [10, 11]]
[[28, 29], [62, 21], [10, 23]]
[[28, 29], [62, 21], [10, 43]]
[[28, 29], [62, 21], [10, 55]]
[[28, 29], [62, 21], [22, 23]]
[[28, 29], [62, 21], [22, 55]]
[[28, 29], [62, 21], [34, 3]]
[[28, 29], [62, 21], [34, 11]]
[[28, 29], [62, 21], [34, 23]]
[[28, 29], [62, 21], [34, 35]]
[[28, 29], [62, 21], [34, 43]]
[[28, 29], [62, 21], [34, 55]]
[[28, 29], [62, 21], [38, 3]]
[[28, 29], [62, 21], [38, 7]]
[[28, 29], [62, 21], [38, 35]]
[[28, 29], [62, 21], [38, 39]]
[[28, 29], [62, 21], [42, 11]]
[[28, 29], [62, 21], [42, 23]]
[[28, 29], [62, 21], [42, 43]]
[[28, 29], [62, 21], [42, 55]]
[[28, 29], [62, 21], [54, 23]]
[[28, 29], [62, 21], [54, 55]]
[[28, 29], [62, 31], [2, 3]]
[[28, 29], [62, 31], [2, 11]]
[[28, 29], [62, 31], [2, 23]]
[[28, 29], [62, 31], [2, 35]]
[[28, 29], [62, 31], [2, 43]]
[[28, 29], [62, 31], [2, 55]]
[[28, 29], [62, 31], [6, 3]]
[[28, 29], [62, 31], [6, 7]]
[[28, 29], [62, 31], [6, 35]]
[[28, 29], [62, 31], [6, 39]]
[[28, 29], [62, 31], [10, 11]]
[[28, 29], [62, 31], [10, 23]]
[[28, 29], [62, 31], [10, 43]]
[[28, 29], [62, 31], [10, 55]]
[[28, 29], [62, 31], [22, 23]]
[[28, 29], [62, 31], [22, 55]]
[[28, 29], [62, 31], [34, 3]]
[[28, 29], [62, 31], [34, 11]]
[[28, 29], [62, 31], [34, 23]]
[[28, 29], [62, 31], [34, 35]]
[[28, 29], [62, 31], [34, 43]]
[[28, 29], [62, 31], [34, 55]]
[[28, 29], [62, 31], [38, 3]]
[[28, 29], [62, 31], [38, 7]]
[[28, 29], [62, 31], [38, 35]]
[[28, 29], [62, 31], [38, 39]]
[[28, 29], [62, 31], [42, 11]]
[[28, 29], [62, 31], [42, 23]]
[[28, 29], [62, 31], [42, 43]]
[[28, 29], [62, 31], [42, 55]]
[[28, 29], [62, 31], [54, 23]]
[[28, 29], [62, 31], [54, 55]]
[[28, 29], [62, 41], [2, 3]]
[[28, 29], [62, 41], [2, 11]]
[[28, 29], [62, 41], [2, 23]]
[[28, 29], [62, 41], [2, 35]]
[[28, 29], [62, 41], [2, 43]]
[[28, 29], [62, 41], [2, 55]]
[[28, 29], [62, 41], [6, 3]]
[[28, 29], [62, 41], [6, 7]]
[[28, 29], [62, 41], [6, 35]]
[[28, 29], [62, 41], [6, 39]]
[[28, 29], [62, 41], [10, 11]]
[[28, 29], [62, 41], [10, 23]]
[[28, 29], [62, 41], [10, 43]]
[[28, 29], [62, 41], [10, 55]]
[[28, 29], [62, 41], [22, 23]]
[[28, 29], [62, 41], [22, 55]]
[[28, 29], [62, 41], [34, 3]]
[[28, 29], [62, 41], [34, 11]]
[[28, 29], [62, 41], [34, 23]]
[[28, 29], [62, 41], [34, 35]]
[[28, 29], [62, 41], [34, 43]]
[[28, 29], [62, 41], [34, 55]]
[[28, 29], [62, 41], [38, 3]]
[[28, 29], [62, 41], [38, 7]]
[[28, 29], [62, 41], [38, 35]]
[[28, 29], [62, 41], [38, 39]]
[[28, 29], [62, 41], [42, 11]]
[[28, 29], [62, 41], [42, 23]]
[[28, 29], [62, 41], [42, 43]]
[[28, 29], [62, 41], [42, 55]]
[[28, 29], [62, 41], [54, 23]]
[[28, 29], [62, 41], [54, 55]]
[[28, 29], [62, 53], [2, 3]]
[[28, 29], [62, 53], [2, 11]]
[[28, 29], [62, 53], [2, 23]]
[[28, 29], [62, 53], [2, 35]]
[[28, 29], [62, 53], [2, 43]]
[[28, 29], [62, 53], [2, 55]]
[[28, 29], [62, 53], [6, 3]]
[[28, 29], [62, 53], [6, 7]]
[[28, 29], [62, 53], [6, 35]]
[[28, 29], [62, 53], [6, 39]]
[[28, 29], [62, 53], [10, 11]]
[[28, 29], [62, 53], [10, 23]]
[[28, 29], [62, 53], [10, 43]]
[[28, 29], [62, 53], [10, 55]]
[[28, 29], [62, 53], [22, 23]]
[[28, 29], [62, 53], [22, 55]]
[[28, 29], [62, 53], [34, 3]]
[[28, 29], [62, 53], [34, 11]]
[[28, 29], [62, 53], [34, 23]]
[[28, 29], [62, 53], [34, 35]]
[[28, 29], [62, 53], [34, 43]]
[[28, 29], [62, 53], [34, 55]]
[[28, 29], [62, 53], [38, 3]]
[[28, 29], [62, 53], [38, 7]]
[[28, 29], [62, 53], [38, 35]]
[[28, 29], [62, 53], [38, 39]]
[[28, 29], [62, 53], [42, 11]]
[[28, 29], [62, 53], [42, 23]]
[[28, 29], [62, 53], [42, 43]]
[[28, 29], [62, 53], [42, 55]]
[[28, 29], [62, 53], [54, 23]]
[[28, 29], [62, 53], [54, 55]]
[[28, 29], [62, 63], [2, 3]]
[[28, 29], [62, 63], [2, 11]]
[[28, 29], [62, 63], [2, 23]]
[[28, 29], [62, 63], [2, 35]]
[[28, 29], [62, 63], [2, 43]]
[[28, 29], [62, 63], [2, 55]]
[[28, 29], [62, 63], [6, 3]]
[[28, 29], [62, 63], [6, 7]]
[[28, 29], [62, 63], [6, 35]]
[[28, 29], [62, 63], [6, 39]]
[[28, 29], [62, 63], [10, 11]]
[[28, 29], [62, 63], [10, 23]]
[[28, 29], [62, 63], [10, 43]]
[[28, 29], [62, 63], [10, 55]]
[[28, 29], [62, 63], [22, 23]]
[[28, 29], [62, 63], [22, 55]]
[[28, 29], [62, 63], [34, 3]]
[[28, 29], [62, 63], [34, 11]]
[[28, 29], [62, 63], [34, 23]]
[[28, 29], [62, 63], [34, 35]]
[[28, 29], [62, 63], [34, 43]]
[[28, 29], [62, 63], [34, 55]]
[[28, 29], [62, 63], [38, 3]]
[[28, 29], [62, 63], [38, 7]]
[[28, 29], [62, 63], [38, 35]]
[[28, 29], [62, 63], [38, 39]]
[[28, 29], [62, 63], [42, 11]]
[[28, 29], [62, 63], [42, 23]]
[[28, 29], [62, 63], [42, 43]]
[[28, 29], [62, 63], [42, 55]]
[[28, 29], [62, 63], [54, 23]]
[[28, 29], [62, 63], [54, 55]]
[[28, 61], [0, 1], [2, 3]]
[[28, 61], [0, 1], [2, 11]]
[[28, 61], [0, 1], [2, 23]]
[[28, 61], [0, 1], [2, 35]]
[[28, 61], [0, 1], [2, 43]]
[[28, 61], [0, 1], [2, 55]]
[[28, 61], [0, 1], [6, 3]]
[[28, 61], [0, 1], [6, 7]]
[[28, 61], [0, 1], [6, 35]]
[[28, 61], [0, 1], [6, 39]]
[[28, 61], [0, 1], [10, 11]]
[[28, 61], [0, 1], [10, 23]]
[[28, 61], [0, 1], [10, 43]]
[[28, 61], [0, 1], [10, 55]]
[[28, 61], [0, 1], [14, 7]]
[[28, 61], [0, 1], [14, 15]]
[[28, 61], [0, 1], [14, 39]]
[[28, 61], [0, 1], [14, 47]]
[[28, 61], [0, 1], [34, 3]]
[[28, 61], [0, 1], [34, 11]]
[[28, 61], [0, 1], [34, 23]]
[[28, 61], [0, 1], [34, 35]]
[[28, 61], [0, 1], [34, 43]]
[[28, 61], [0, 1], [34, 55]]
[[28, 61], [0, 1], [38, 3]]
[[28, 61], [0, 1], [38, 7]]
[[28, 61], [0, 1], [38, 35]]
[[28, 61], [0, 1], [38, 39]]
[[28, 61], [0, 1], [42, 11]]
[[28, 61], [0, 1], [42, 23]]
[[28, 61], [0, 1], [42, 43]]
[[28, 61], [0, 1], [42, 55]]
[[28, 61], [0, 1], [46, 7]]
[[28, 61], [0, 1], [46, 15]]
[[28, 61], [0, 1], [46, 39]]
[[28, 61], [0, 1], [46, 47]]
[[28, 61], [0, 9], [2, 3]]
[[28, 61], [0, 9], [2, 11]]
[[28, 61], [0, 9], [2, 23]]
[[28, 61], [0, 9], [2, 35]]
[[28, 61], [0, 9], [2, 43]]
[[28, 61], [0, 9], [2, 55]]
[[28, 61], [0, 9], [6, 3]]
[[28, 61], [0, 9], [6, 7]]
[[28, 61], [0, 9], [6, 35]]
[[28, 61], [0, 9], [6, 39]]
[[28, 61], [0, 9], [10, 11]]
[[28, 61], [0, 9], [10, 23]]
[[28, 61], [0, 9], [10, 43]]
[[28, 61], [0, 9], [10, 55]]
[[28, 61], [0, 9], [22, 23]]
[[28, 61], [0, 9], [22, 55]]
[[28, 61], [0, 9], [34, 3]]
[[28, 61], [0, 9], [34, 11]]
[[28, 61], [0, 9], [34, 23]]
[[28, 61], [0, 9], [34, 35]]
[[28, 61], [0, 9], [34, 43]]
[[28, 61], [0, 9], [34, 55]]
[[28, 61], [0, 9], [38, 3]]
[[28, 61], [0, 9], [38, 7]]
[[28, 61], [0, 9], [38, 35]]
[[28, 61], [0, 9], [38, 39]]
[[28, 61], [0, 9], [42, 11]]
[[28, 61], [0, 9], [42, 23]]
[[28, 61], [0, 9], [42, 43]]
[[28, 61], [0, 9], [42, 55]]
[[28, 61], [0, 9], [54, 23]]
[[28, 61], [0, 9], [54, 55]]
[[28, 61], [0, 21], [2, 3]]
[[28, 61], [0, 21], [2, 11]]
[[28, 61], [0, 21], [2, 23]]
[[28, 61], [0, 21], [2, 35]]
[[28, 61], [0, 21], [2, 43]]
[[28, 61], [0, 21], [2, 55]]
[[28, 61], [0, 21], [6, 3]]
[[28, 61], [0, 21], [6, 7]]
[[28, 61], [0, 21], [6, 35]]
[[28, 61], [0, 21], [6, 39]]
[[28, 61], [0, 21], [10, 11]]
[[28, 61], [0, 21], [10, 23]]
[[28, 61], [0, 21], [10, 43]]
[[28, 61], [0, 21], [10, 55]]
[[28, 61], [0, 21], [22, 23]]
[[28, 61], [0, 21], [22, 55]]
[[28, 61], [0, 21], [34, 3]]
[[28, 61], [0, 21], [34, 11]]
[[28, 61], [0, 21], [34, 23]]
[[28, 61], [0, 21], [34, 35]]
[[28, 61], [0, 21], [34, 43]]
[[28, 61], [0, 21], [34, 55]]
[[28, 61], [0, 21], [38, 3]]
[[28, 61], [0, 21], [38, 7]]
[[28, 61], [0, 21], [38, 35]]
[[28, 61], [0, 21], [38, 39]]
[[28, 61], [0, 21], [42, 11]]
[[28, 61], [0, 21], [42, 23]]
[[28, 61], [0, 21], [42, 43]]
[[28, 61], [0, 21], [42, 55]]
[[28, 61], [0, 21], [54, 23]]
[[28, 61], [0, 21], [54, 55]]
[[28, 61], [0, 31], [2, 3]]
[[28, 61], [0, 31], [2, 11]]
[[28, 61], [0, 31], [2, 23]]
[[28, 61], [0, 31], [2, 35]]
[[28, 61], [0, 31], [2, 43]]
[[28, 61], [0, 31], [2, 55]]
[[28, 61], [0, 31], [6, 3]]
[[28, 61], [0, 31], [6, 7]]
[[28, 61], [0, 31], [6, 35]]
[[28, 61], [0, 31], [6, 39]]
[[28, 61], [0, 31], [10, 11]]
[[28, 61], [0, 31], [10, 23]]
[[28, 61], [0, 31], [10, 43]]
[[28, 61], [0, 31], [10, 55]]
[[28, 61], [0, 31], [22, 23]]
[[28, 61], [0, 31], [22, 55]]
[[28, 61], [0, 31], [34, 3]]
[[28, 61], [0, 31], [34, 11]]
[[28, 61], [0, 31], [34, 23]]
[[28, 61], [0, 31], [34, 35]]
[[28, 61], [0, 31], [34, 43]]
[[28, 61], [0, 31], [34, 55]]
[[28, 61], [0, 31], [38, 3]]
[[28, 61], [0, 31], [38, 7]]
[[28, 61], [0, 31], [38, 35]]
[[28, 61], [0, 31], [38, 39]]
[[28, 61], [0, 31], [42, 11]]
[[28, 61], [0, 31], [42, 23]]
[[28, 61], [0, 31], [42, 43]]
[[28, 61], [0, 31], [42, 55]]
[[28, 61], [0, 31], [54, 23]]
[[28, 61], [0, 31], [54, 55]]
[[28, 61], [0, 33], [2, 3]]
[[28, 61], [0, 33], [2, 11]]
[[28, 61], [0, 33], [2, 23]]
[[28, 61], [0, 33], [2, 35]]
[[28, 61], [0, 33], [2, 43]]
[[28, 61], [0, 33], [2, 55]]
[[28, 61], [0, 33], [6, 3]]
[[28, 61], [0, 33], [6, 7]]
[[28, 61], [0, 33], [6, 35]]
[[28, 61], [0, 33], [6, 39]]
[[28, 61], [0, 33], [10, 11]]
[[28, 61], [0, 33], [10, 23]]
[[28, 61], [0, 33], [10, 43]]
[[28, 61], [0, 33], [10, 55]]
[[28, 61], [0, 33], [14, 7]]
[[28, 61], [0, 33], [14, 15]]
[[28, 61], [0, 33], [14, 39]]
[[28, 61], [0, 33], [14, 47]]
[[28, 61], [0, 33], [34, 3]]
[[28, 61], [0, 33], [34, 11]]
[[28, 61], [0, 33], [34, 23]]
[[28, 61], [0, 33], [34, 35]]
[[28, 61], [0, 33], [34, 43]]
[[28, 61], [0, 33], [34, 55]]
[[28, 61], [0, 33], [38, 3]]
[[28, 61], [0, 33], [38, 7]]
[[28, 61], [0, 33], [38, 35]]
[[28, 61], [0, 33], [38, 39]]
[[28, 61], [0, 33], [42, 11]]
[[28, 61], [0, 33], [42, 23]]
[[28, 61], [0, 33], [42, 43]]
[[28, 61], [0, 33], [42, 55]]
[[28, 61], [0, 33], [46, 7]]
[[28, 61], [0, 33], [46, 15]]
[[28, 61], [0, 33], [46, 39]]
[[28, 61], [0, 33], [46, 47]]
[[28, 61], [0, 41], [2, 3]]
[[28, 61], [0, 41], [2, 11]]
[[28, 61], [0, 41], [2, 23]]
[[28, 61], [0, 41], [2, 35]]
[[28, 61], [0, 41], [2, 43]]
[[28, 61], [0, 41], [2, 55]]
[[28, 61], [0, 41], [6, 3]]
[[28, 61], [0, 41], [6, 7]]
[[28, 61], [0, 41], [6, 35]]
[[28, 61], [0, 41], [6, 39]]
[[28, 61], [0, 41], [10, 11]]
[[28, 61], [0, 41], [10, 23]]
[[28, 61], [0, 41], [10, 43]]
[[28, 61], [0, 41], [10, 55]]
[[28, 61], [0, 41], [22, 23]]
[[28, 61], [0, 41], [22, 55]]
[[28, 61], [0, 41], [34, 3]]
[[28, 61], [0, 41], [34, 11]]
[[28, 61], [0, 41], [34, 23]]
[[28, 61], [0, 41], [34, 35]]
[[28, 61], [0, 41], [34, 43]]
[[28, 61], [0, 41], [34, 55]]
[[28, 61], [0, 41], [38, 3]]
[[28, 61], [0, 41], [38, 7]]
[[28, 61], [0, 41], [38, 35]]
[[28, 61], [0, 41], [38, 39]]
[[28, 61], [0, 41], [42, 11]]
[[28, 61], [0, 41], [42, 23]]
[[28, 61], [0, 41], [42, 43]]
[[28, 61], [0, 41], [42, 55]]
[[28, 61], [0, 41], [54, 23]]
[[28, 61], [0, 41], [54, 55]]
[[28, 61], [0, 53], [2, 3]]
[[28, 61], [0, 53], [2, 11]]
[[28, 61], [0, 53], [2, 23]]
[[28, 61], [0, 53], [2, 35]]
[[28, 61], [0, 53], [2, 43]]
[[28, 61], [0, 53], [2, 55]]
[[28, 61], [0, 53], [6, 3]]
[[28, 61], [0, 53], [6, 7]]
[[28, 61], [0, 53], [6, 35]]
[[28, 61], [0, 53], [6, 39]]
[[28, 61], [0, 53], [10, 11]]
[[28, 61], [0, 53], [10, 23]]
[[28, 61], [0, 53], [10, 43]]
[[28, 61], [0, 53], [10, 55]]
[[28, 61], [0, 53], [22, 23]]
[[28, 61], [0, 53], [22, 55]]
[[28, 61], [0, 53], [34, 3]]
[[28, 61], [0, 53], [34, 11]]
[[28, 61], [0, 53], [34, 23]]
[[28, 61], [0, 53], [34, 35]]
[[28, 61], [0, 53], [34, 43]]
[[28, 61], [0, 53], [34, 55]]
[[28, 61], [0, 53], [38, 3]]
[[28, 61], [0, 53], [38, 7]]
[[28, 61], [0, 53], [38, 35]]
[[28, 61], [0, 53], [38, 39]]
[[28, 61], [0, 53], [42, 11]]
[[28, 61], [0, 53], [42, 23]]
[[28, 61], [0, 53], [42, 43]]
[[28, 61], [0, 53], [42, 55]]
[[28, 61], [0, 53], [54, 23]]
[[28, 61], [0, 53], [54, 55]]
[[28, 61], [0, 63], [2, 3]]
[[28, 61], [0, 63], [2, 11]]
[[28, 61], [0, 63], [2, 23]]
[[28, 61], [0, 63], [2, 35]]
[[28, 61], [0, 63], [2, 43]]
[[28, 61], [0, 63], [2, 55]]
[[28, 61], [0, 63], [6, 3]]
[[28, 61], [0, 63], [6, 7]]
[[28, 61], [0, 63], [6, 35]]
[[28, 61], [0, 63], [6, 39]]
[[28, 61], [0, 63], [10, 11]]
[[28, 61], [0, 63], [10, 23]]
[[28, 61], [0, 63], [10, 43]]
[[28, 61], [0, 63], [10, 55]]
[[28, 61], [0, 63], [22, 23]]
[[28, 61], [0, 63], [22, 55]]
[[28, 61], [0, 63], [34, 3]]
[[28, 61], [0, 63], [34, 11]]
[[28, 61], [0, 63], [34, 23]]
[[28, 61], [0, 63], [34, 35]]
[[28, 61], [0, 63], [34, 43]]
[[28, 61], [0, 63], [34, 55]]
[[28, 61], [0, 63], [38, 3]]
[[28, 61], [0, 63], [38, 7]]
[[28, 61], [0, 63], [38, 35]]
[[28, 61], [0, 63], [38, 39]]
[[28, 61], [0, 63], [42, 11]]
[[28, 61], [0, 63], [42, 23]]
[[28, 61], [0, 63], [42, 43]]
[[28, 61], [0, 63], [42, 55]]
[[28, 61], [0, 63], [54, 23]]
[[28, 61], [0, 63], [54, 55]]
[[28, 61], [4, 1], [2, 3]]
[[28, 61], [4, 1], [2, 11]]
[[28, 61], [4, 1], [2, 23]]
[[28, 61], [4, 1], [2, 35]]
[[28, 61], [4, 1], [2, 43]]
[[28, 61], [4, 1], [2, 55]]
[[28, 61], [4, 1], [6, 3]]
[[28, 61], [4, 1], [6, 7]]
[[28, 61], [4, 1], [6, 35]]
[[28, 61], [4, 1], [6, 39]]
[[28, 61], [4, 1], [10, 11]]
[[28, 61], [4, 1], [10, 23]]
[[28, 61], [4, 1], [10, 43]]
[[28, 61], [4, 1], [10, 55]]
[[28, 61], [4, 1], [14, 7]]
[[28, 61], [4, 1], [14, 15]]
[[28, 61], [4, 1], [14, 39]]
[[28, 61], [4, 1], [14, 47]]
[[28, 61], [4, 1], [34, 3]]
[[28, 61], [4, 1], [34, 11]]
[[28, 61], [4, 1], [34, 23]]
[[28, 61], [4, 1], [34, 35]]
[[28, 61], [4, 1], [34, 43]]
[[28, 61], [4, 1], [34, 55]]
[[28, 61], [4, 1], [38, 3]]
[[28, 61], [4, 1], [38, 7]]
[[28, 61], [4, 1], [38, 35]]
[[28, 61], [4, 1], [38, 39]]
[[28, 61], [4, 1], [42, 11]]
[[28, 61], [4, 1], [42, 23]]
[[28, 61], [4, 1], [42, 43]]
[[28, 61], [4, 1], [42, 55]]
[[28, 61], [4, 1], [46, 7]]
[[28, 61], [4, 1], [46, 15]]
[[28, 61], [4, 1], [46, 39]]
[[28, 61], [4, 1], [46, 47]]
[[28, 61], [4, 5], [6, 3]]
[[28, 61], [4, 5], [6, 7]]
[[28, 61], [4, 5], [6, 35]]
[[28, 61], [4, 5], [6, 39]]
[[28, 61], [4, 5], [14, 7]]
[[28, 61], [4, 5], [14, 15]]
[[28, 61], [4, 5], [14, 39]]
[[28, 61], [4, 5], [14, 47]]
[[28, 61], [4, 5], [18, 15]]
[[28, 61], [4, 5], [18, 19]]
[[28, 61], [4, 5], [18, 47]]
[[28, 61], [4, 5], [18, 51]]
[[28, 61], [4, 5], [38, 3]]
[[28, 61], [4, 5], [38, 7]]
[[28, 61], [4, 5], [38, 35]]
[[28, 61], [4, 5], [38, 39]]
[[28, 61], [4, 5], [46, 7]]
[[28, 61], [4, 5], [46, 15]]
[[28, 61], [4, 5], [46, 39]]
[[28, 61], [4, 5], [46, 47]]
[[28, 61], [4, 5], [50, 15]]
[[28, 61], [4, 5], [50, 19]]
[[28, 61], [4, 5], [50, 47]]
[[28, 61], [4, 5], [50, 51]]
[[28, 61], [4, 33], [2, 3]]
[[28, 61], [4, 33], [2, 11]]
[[28, 61], [4, 33], [2, 23]]
[[28, 61], [4, 33], [2, 35]]
[[28, 61], [4, 33], [2, 43]]
[[28, 61], [4, 33], [2, 55]]
[[28, 61], [4, 33], [6, 3]]
[[28, 61], [4, 33], [6, 7]]
[[28, 61], [4, 33], [6, 35]]
[[28, 61], [4, 33], [6, 39]]
[[28, 61], [4, 33], [10, 11]]
[[28, 61], [4, 33], [10, 23]]
[[28, 61], [4, 33], [10, 43]]
[[28, 61], [4, 33], [10, 55]]
[[28, 61], [4, 33], [14, 7]]
[[28, 61], [4, 33], [14, 15]]
[[28, 61], [4, 33], [14, 39]]
[[28, 61], [4, 33], [14, 47]]
[[28, 61], [4, 33], [34, 3]]
[[28, 61], [4, 33], [34, 11]]
[[28, 61], [4, 33], [34, 23]]
[[28, 61], [4, 33], [34, 35]]
[[28, 61], [4, 33], [34, 43]]
[[28, 61], [4, 33], [34, 55]]
[[28, 61], [4, 33], [38, 3]]
[[28, 61], [4, 33], [38, 7]]
[[28, 61], [4, 33], [38, 35]]
[[28, 61], [4, 33], [38, 39]]
[[28, 61], [4, 33], [42, 11]]
[[28, 61], [4, 33], [42, 23]]
[[28, 61], [4, 33], [42, 43]]
[[28, 61], [4, 33], [42, 55]]
[[28, 61], [4, 33], [46, 7]]
[[28, 61], [4, 33], [46, 15]]
[[28, 61], [4, 33], [46, 39]]
[[28, 61], [4, 33], [46, 47]]
[[28, 61], [4, 37], [6, 3]]
[[28, 61], [4, 37], [6, 7]]
[[28, 61], [4, 37], [6, 35]]
[[28, 61], [4, 37], [6, 39]]
[[28, 61], [4, 37], [14, 7]]
[[28, 61], [4, 37], [14, 15]]
[[28, 61], [4, 37], [14, 39]]
[[28, 61], [4, 37], [14, 47]]
[[28, 61], [4, 37], [18, 15]]
[[28, 61], [4, 37], [18, 19]]
[[28, 61], [4, 37], [18, 47]]
[[28, 61], [4, 37], [18, 51]]
[[28, 61], [4, 37], [38, 3]]
[[28, 61], [4, 37], [38, 7]]
[[28, 61], [4, 37], [38, 35]]
[[28, 61], [4, 37], [38, 39]]
[[28, 61], [4, 37], [46, 7]]
[[28, 61], [4, 37], [46, 15]]
[[28, 61], [4, 37], [46, 39]]
[[28, 61], [4, 37], [46, 47]]
[[28, 61], [4, 37], [50, 15]]
[[28, 61], [4, 37], [50, 19]]
[[28, 61], [4, 37], [50, 47]]
[[28, 61], [4, 37], [50, 51]]
[[28, 61], [8, 9], [2, 3]]
[[28, 61], [8, 9], [2, 11]]
[[28, 61], [8, 9], [2, 23]]
[[28, 61], [8, 9], [2, 35]]
[[28, 61], [8, 9], [2, 43]]
[[28, 61], [8, 9], [2, 55]]
[[28, 61], [8, 9], [6, 3]]
[[28, 61], [8, 9], [6, 7]]
[[28, 61], [8, 9], [6, 35]]
[[28, 61], [8, 9], [6, 39]]
[[28, 61], [8, 9], [10, 11]]
[[28, 61], [8, 9], [10, 23]]
[[28, 61], [8, 9], [10, 43]]
[[28, 61], [8, 9], [10, 55]]
[[28, 61], [8, 9], [22, 23]]
[[28, 61], [8, 9], [22, 55]]
[[28, 61], [8, 9], [34, 3]]
[[28, 61], [8, 9], [34, 11]]
[[28, 61], [8, 9], [34, 23]]
[[28, 61], [8, 9], [34, 35]]
[[28, 61], [8, 9], [34, 43]]
[[28, 61], [8, 9], [34, 55]]
[[28, 61], [8, 9], [38, 3]]
[[28, 61], [8, 9], [38, 7]]
[[28, 61], [8, 9], [38, 35]]
[[28, 61], [8, 9], [38, 39]]
[[28, 61], [8, 9], [42, 11]]
[[28, 61], [8, 9], [42, 23]]
[[28, 61], [8, 9], [42, 43]]
[[28, 61], [8, 9], [42, 55]]
[[28, 61], [8, 9], [54, 23]]
[[28, 61], [8, 9], [54, 55]]
[[28, 61], [8, 21], [2, 3]]
[[28, 61], [8, 21], [2, 11]]
[[28, 61], [8, 21], [2, 23]]
[[28, 61], [8, 21], [2, 35]]
[[28, 61], [8, 21], [2, 43]]
[[28, 61], [8, 21], [2, 55]]
[[28, 61], [8, 21], [6, 3]]
[[28, 61], [8, 21], [6, 7]]
[[28, 61], [8, 21], [6, 35]]
[[28, 61], [8, 21], [6, 39]]
[[28, 61], [8, 21], [10, 11]]
[[28, 61], [8, 21], [10, 23]]
[[28, 61], [8, 21], [10, 43]]
[[28, 61], [8, 21], [10, 55]]
[[28, 61], [8, 21], [22, 23]]
[[28, 61], [8, 21], [22, 55]]
[[28, 61], [8, 21], [34, 3]]
[[28, 61], [8, 21], [34, 11]]
[[28, 61], [8, 21], [34, 23]]
[[28, 61], [8, 21], [34, 35]]
[[28, 61], [8, 21], [34, 43]]
[[28, 61], [8, 21], [34, 55]]
[[28, 61], [8, 21], [38, 3]]
[[28, 61], [8, 21], [38, 7]]
[[28, 61], [8, 21], [38, 35]]
[[28, 61], [8, 21], [38, 39]]
[[28, 61], [8, 21], [42, 11]]
[[28, 61], [8, 21], [42, 23]]
[[28, 61], [8, 21], [42, 43]]
[[28, 61], [8, 21], [42, 55]]
[[28, 61], [8, 21], [54, 23]]
[[28, 61], [8, 21], [54, 55]]
[[28, 61], [8, 41], [2, 3]]
[[28, 61], [8, 41], [2, 11]]
[[28, 61], [8, 41], [2, 23]]
[[28, 61], [8, 41], [2, 35]]
[[28, 61], [8, 41], [2, 43]]
[[28, 61], [8, 41], [2, 55]]
[[28, 61], [8, 41], [6, 3]]
[[28, 61], [8, 41], [6, 7]]
[[28, 61], [8, 41], [6, 35]]
[[28, 61], [8, 41], [6, 39]]
[[28, 61], [8, 41], [10, 11]]
[[28, 61], [8, 41], [10, 23]]
[[28, 61], [8, 41], [10, 43]]
[[28, 61], [8, 41], [10, 55]]
[[28, 61], [8, 41], [22, 23]]
[[28, 61], [8, 41], [22, 55]]
[[28, 61], [8, 41], [34, 3]]
[[28, 61], [8, 41], [34, 11]]
[[28, 61], [8, 41], [34, 23]]
[[28, 61], [8, 41], [34, 35]]
[[28, 61], [8, 41], [34, 43]]
[[28, 61], [8, 41], [34, 55]]
[[28, 61], [8, 41], [38, 3]]
[[28, 61], [8, 41], [38, 7]]
[[28, 61], [8, 41], [38, 35]]
[[28, 61], [8, 41], [38, 39]]
[[28, 61], [8, 41], [42, 11]]
[[28, 61], [8, 41], [42, 23]]
[[28, 61], [8, 41], [42, 43]]
[[28, 61], [8, 41], [42, 55]]
[[28, 61], [8, 41], [54, 23]]
[[28, 61], [8, 41], [54, 55]]
[[28, 61], [8, 53], [2, 3]]
[[28, 61], [8, 53], [2, 11]]
[[28, 61], [8, 53], [2, 23]]
[[28, 61], [8, 53], [2, 35]]
[[28, 61], [8, 53], [2, 43]]
[[28, 61], [8, 53], [2, 55]]
[[28, 61], [8, 53], [6, 3]]
[[28, 61], [8, 53], [6, 7]]
[[28, 61], [8, 53], [6, 35]]
[[28, 61], [8, 53], [6, 39]]
[[28, 61], [8, 53], [10, 11]]
[[28, 61], [8, 53], [10, 23]]
[[28, 61], [8, 53], [10, 43]]
[[28, 61], [8, 53], [10, 55]]
[[28, 61], [8, 53], [22, 23]]
[[28, 61], [8, 53], [22, 55]]
[[28, 61], [8, 53], [34, 3]]
[[28, 61], [8, 53], [34, 11]]
[[28, 61], [8, 53], [34, 23]]
[[28, 61], [8, 53], [34, 35]]
[[28, 61], [8, 53], [34, 43]]
[[28, 61], [8, 53], [34, 55]]
[[28, 61], [8, 53], [38, 3]]
[[28, 61], [8, 53], [38, 7]]
[[28, 61], [8, 53], [38, 35]]
[[28, 61], [8, 53], [38, 39]]
[[28, 61], [8, 53], [42, 11]]
[[28, 61], [8, 53], [42, 23]]
[[28, 61], [8, 53], [42, 43]]
[[28, 61], [8, 53], [42, 55]]
[[28, 61], [8, 53], [54, 23]]
[[28, 61], [8, 53], [54, 55]]
[[28, 61], [20, 9], [2, 3]]
[[28, 61], [20, 9], [2, 11]]
[[28, 61], [20, 9], [2, 23]]
[[28, 61], [20, 9], [2, 35]]
[[28, 61], [20, 9], [2, 43]]
[[28, 61], [20, 9], [2, 55]]
[[28, 61], [20, 9], [6, 3]]
[[28, 61], [20, 9], [6, 7]]
[[28, 61], [20, 9], [6, 35]]
[[28, 61], [20, 9], [6, 39]]
[[28, 61], [20, 9], [10, 11]]
[[28, 61], [20, 9], [10, 23]]
[[28, 61], [20, 9], [10, 43]]
[[28, 61], [20, 9], [10, 55]]
[[28, 61], [20, 9], [22, 23]]
[[28, 61], [20, 9], [22, 55]]
[[28, 61], [20, 9], [34, 3]]
[[28, 61], [20, 9], [34, 11]]
[[28, 61], [20, 9], [34, 23]]
[[28, 61], [20, 9], [34, 35]]
[[28, 61], [20, 9], [34, 43]]
[[28, 61], [20, 9], [34, 55]]
[[28, 61], [20, 9], [38, 3]]
[[28, 61], [20, 9], [38, 7]]
[[28, 61], [20, 9], [38, 35]]
[[28, 61], [20, 9], [38, 39]]
[[28, 61], [20, 9], [42, 11]]
[[28, 61], [20, 9], [42, 23]]
[[28, 61], [20, 9], [42, 43]]
[[28, 61], [20, 9], [42, 55]]
[[28, 61], [20, 9], [54, 23]]
[[28, 61], [20, 9], [54, 55]]
[[28, 61], [20, 21], [2, 3]]
[[28, 61], [20, 21], [2, 11]]
[[28, 61], [20, 21], [2, 23]]
[[28, 61], [20, 21], [2, 35]]
[[28, 61], [20, 21], [2, 43]]
[[28, 61], [20, 21], [2, 55]]
[[28, 61], [20, 21], [6, 3]]
[[28, 61], [20, 21], [6, 7]]
[[28, 61], [20, 21], [6, 35]]
[[28, 61], [20, 21], [6, 39]]
[[28, 61], [20, 21], [10, 11]]
[[28, 61], [20, 21], [10, 23]]
[[28, 61], [20, 21], [10, 43]]
[[28, 61], [20, 21], [10, 55]]
[[28, 61], [20, 21], [22, 23]]
[[28, 61], [20, 21], [22, 55]]
[[28, 61], [20, 21], [34, 3]]
[[28, 61], [20, 21], [34, 11]]
[[28, 61], [20, 21], [34, 23]]
[[28, 61], [20, 21], [34, 35]]
[[28, 61], [20, 21], [34, 43]]
[[28, 61], [20, 21], [34, 55]]
[[28, 61], [20, 21], [38, 3]]
[[28, 61], [20, 21], [38, 7]]
[[28, 61], [20, 21], [38, 35]]
[[28, 61], [20, 21], [38, 39]]
[[28, 61], [20, 21], [42, 11]]
[[28, 61], [20, 21], [42, 23]]
[[28, 61], [20, 21], [42, 43]]
[[28, 61], [20, 21], [42, 55]]
[[28, 61], [20, 21], [54, 23]]
[[28, 61], [20, 21], [54, 55]]
[[28, 61], [20, 41], [2, 3]]
[[28, 61], [20, 41], [2, 11]]
[[28, 61], [20, 41], [2, 23]]
[[28, 61], [20, 41], [2, 35]]
[[28, 61], [20, 41], [2, 43]]
[[28, 61], [20, 41], [2, 55]]
[[28, 61], [20, 41], [6, 3]]
[[28, 61], [20, 41], [6, 7]]
[[28, 61], [20, 41], [6, 35]]
[[28, 61], [20, 41], [6, 39]]
[[28, 61], [20, 41], [10, 11]]
[[28, 61], [20, 41], [10, 23]]
[[28, 61], [20, 41], [10, 43]]
[[28, 61], [20, 41], [10, 55]]
[[28, 61], [20, 41], [22, 23]]
[[28, 61], [20, 41], [22, 55]]
[[28, 61], [20, 41], [34, 3]]
[[28, 61], [20, 41], [34, 11]]
[[28, 61], [20, 41], [34, 23]]
[[28, 61], [20, 41], [34, 35]]
[[28, 61], [20, 41], [34, 43]]
[[28, 61], [20, 41], [34, 55]]
[[28, 61], [20, 41], [38, 3]]
[[28, 61], [20, 41], [38, 7]]
[[28, 61], [20, 41], [38, 35]]
[[28, 61], [20, 41], [38, 39]]
[[28, 61], [20, 41], [42, 11]]
[[28, 61], [20, 41], [42, 23]]
[[28, 61], [20, 41], [42, 43]]
[[28, 61], [20, 41], [42, 55]]
[[28, 61], [20, 41], [54, 23]]
[[28, 61], [20, 41], [54, 55]]
[[28, 61], [20, 53], [2, 3]]
[[28, 61], [20, 53], [2, 11]]
[[28, 61], [20, 53], [2, 23]]
[[28, 61], [20, 53], [2, 35]]
[[28, 61], [20, 53], [2, 43]]
[[28, 61], [20, 53], [2, 55]]
[[28, 61], [20, 53], [6, 3]]
[[28, 61], [20, 53], [6, 7]]
[[28, 61], [20, 53], [6, 35]]
[[28, 61], [20, 53], [6, 39]]
[[28, 61], [20, 53], [10, 11]]
[[28, 61], [20, 53], [10, 23]]
[[28, 61], [20, 53], [10, 43]]
[[28, 61], [20, 53], [10, 55]]
[[28, 61], [20, 53], [22, 23]]
[[28, 61], [20, 53], [22, 55]]
[[28, 61], [20, 53], [34, 3]]
[[28, 61], [20, 53], [34, 11]]
[[28, 61], [20, 53], [34, 23]]
[[28, 61], [20, 53], [34, 35]]
[[28, 61], [20, 53], [34, 43]]
[[28, 61], [20, 53], [34, 55]]
[[28, 61], [20, 53], [38, 3]]
[[28, 61], [20, 53], [38, 7]]
[[28, 61], [20, 53], [38, 35]]
[[28, 61], [20, 53], [38, 39]]
[[28, 61], [20, 53], [42, 11]]
[[28, 61], [20, 53], [42, 23]]
[[28, 61], [20, 53], [42, 43]]
[[28, 61], [20, 53], [42, 55]]
[[28, 61], [20, 53], [54, 23]]
[[28, 61], [20, 53], [54, 55]]
[[28, 61], [30, 9], [2, 3]]
[[28, 61], [30, 9], [2, 11]]
[[28, 61], [30, 9], [2, 23]]
[[28, 61], [30, 9], [2, 35]]
[[28, 61], [30, 9], [2, 43]]
[[28, 61], [30, 9], [2, 55]]
[[28, 61], [30, 9], [6, 3]]
[[28, 61], [30, 9], [6, 7]]
[[28, 61], [30, 9], [6, 35]]
[[28, 61], [30, 9], [6, 39]]
[[28, 61], [30, 9], [10, 11]]
[[28, 61], [30, 9], [10, 23]]
[[28, 61], [30, 9], [10, 43]]
[[28, 61], [30, 9], [10, 55]]
[[28, 61], [30, 9], [22, 23]]
[[28, 61], [30, 9], [22, 55]]
[[28, 61], [30, 9], [34, 3]]
[[28, 61], [30, 9], [34, 11]]
[[28, 61], [30, 9], [34, 23]]
[[28, 61], [30, 9], [34, 35]]
[[28, 61], [30, 9], [34, 43]]
[[28, 61], [30, 9], [34, 55]]
[[28, 61], [30, 9], [38, 3]]
[[28, 61], [30, 9], [38, 7]]
[[28, 61], [30, 9], [38, 35]]
[[28, 61], [30, 9], [38, 39]]
[[28, 61], [30, 9], [42, 11]]
[[28, 61], [30, 9], [42, 23]]
[[28, 61], [30, 9], [42, 43]]
[[28, 61], [30, 9], [42, 55]]
[[28, 61], [30, 9], [54, 23]]
[[28, 61], [30, 9], [54, 55]]
[[28, 61], [30, 21], [2, 3]]
[[28, 61], [30, 21], [2, 11]]
[[28, 61], [30, 21], [2, 23]]
[[28, 61], [30, 21], [2, 35]]
[[28, 61], [30, 21], [2, 43]]
[[28, 61], [30, 21], [2, 55]]
[[28, 61], [30, 21], [6, 3]]
[[28, 61], [30, 21], [6, 7]]
[[28, 61], [30, 21], [6, 35]]
[[28, 61], [30, 21], [6, 39]]
[[28, 61], [30, 21], [10, 11]]
[[28, 61], [30, 21], [10, 23]]
[[28, 61], [30, 21], [10, 43]]
[[28, 61], [30, 21], [10, 55]]
[[28, 61], [30, 21], [22, 23]]
[[28, 61], [30, 21], [22, 55]]
[[28, 61], [30, 21], [34, 3]]
[[28, 61], [30, 21], [34, 11]]
[[28, 61], [30, 21], [34, 23]]
[[28, 61], [30, 21], [34, 35]]
[[28, 61], [30, 21], [34, 43]]
[[28, 61], [30, 21], [34, 55]]
[[28, 61], [30, 21], [38, 3]]
[[28, 61], [30, 21], [38, 7]]
[[28, 61], [30, 21], [38, 35]]
[[28, 61], [30, 21], [38, 39]]
[[28, 61], [30, 21], [42, 11]]
[[28, 61], [30, 21], [42, 23]]
[[28, 61], [30, 21], [42, 43]]
[[28, 61], [30, 21], [42, 55]]
[[28, 61], [30, 21], [54, 23]]
[[28, 61], [30, 21], [54, 55]]
[[28, 61], [30, 31], [2, 3]]
[[28, 61], [30, 31], [2, 11]]
[[28, 61], [30, 31], [2, 23]]
[[28, 61], [30, 31], [2, 35]]
[[28, 61], [30, 31], [2, 43]]
[[28, 61], [30, 31], [2, 55]]
[[28, 61], [30, 31], [6, 3]]
[[28, 61], [30, 31], [6, 7]]
[[28, 61], [30, 31], [6, 35]]
[[28, 61], [30, 31], [6, 39]]
[[28, 61], [30, 31], [10, 11]]
[[28, 61], [30, 31], [10, 23]]
[[28, 61], [30, 31], [10, 43]]
[[28, 61], [30, 31], [10, 55]]
[[28, 61], [30, 31], [22, 23]]
[[28, 61], [30, 31], [22, 55]]
[[28, 61], [30, 31], [34, 3]]
[[28, 61], [30, 31], [34, 11]]
[[28, 61], [30, 31], [34, 23]]
[[28, 61], [30, 31], [34, 35]]
[[28, 61], [30, 31], [34, 43]]
[[28, 61], [30, 31], [34, 55]]
[[28, 61], [30, 31], [38, 3]]
[[28, 61], [30, 31], [38, 7]]
[[28, 61], [30, 31], [38, 35]]
[[28, 61], [30, 31], [38, 39]]
[[28, 61], [30, 31], [42, 11]]
[[28, 61], [30, 31], [42, 23]]
[[28, 61], [30, 31], [42, 43]]
[[28, 61], [30, 31], [42, 55]]
[[28, 61], [30, 31], [54, 23]]
[[28, 61], [30, 31], [54, 55]]
[[28, 61], [30, 41], [2, 3]]
[[28, 61], [30, 41], [2, 11]]
[[28, 61], [30, 41], [2, 23]]
[[28, 61], [30, 41], [2, 35]]
[[28, 61], [30, 41], [2, 43]]
[[28, 61], [30, 41], [2, 55]]
[[28, 61], [30, 41], [6, 3]]
[[28, 61], [30, 41], [6, 7]]
[[28, 61], [30, 41], [6, 35]]
[[28, 61], [30, 41], [6, 39]]
[[28, 61], [30, 41], [10, 11]]
[[28, 61], [30, 41], [10, 23]]
[[28, 61], [30, 41], [10, 43]]
[[28, 61], [30, 41], [10, 55]]
[[28, 61], [30, 41], [22, 23]]
[[28, 61], [30, 41], [22, 55]]
[[28, 61], [30, 41], [34, 3]]
[[28, 61], [30, 41], [34, 11]]
[[28, 61], [30, 41], [34, 23]]
[[28, 61], [30, 41], [34, 35]]
[[28, 61], [30, 41], [34, 43]]
[[28, 61], [30, 41], [34, 55]]
[[28, 61], [30, 41], [38, 3]]
[[28, 61], [30, 41], [38, 7]]
[[28, 61], [30, 41], [38, 35]]
[[28, 61], [30, 41], [38, 39]]
[[28, 61], [30, 41], [42, 11]]
[[28, 61], [30, 41], [42, 23]]
[[28, 61], [30, 41], [42, 43]]
[[28, 61], [30, 41], [42, 55]]
[[28, 61], [30, 41], [54, 23]]
[[28, 61], [30, 41], [54, 55]]
[[28, 61], [30, 53], [2, 3]]
[[28, 61], [30, 53], [2, 11]]
[[28, 61], [30, 53], [2, 23]]
[[28, 61], [30, 53], [2, 35]]
[[28, 61], [30, 53], [2, 43]]
[[28, 61], [30, 53], [2, 55]]
[[28, 61], [30, 53], [6, 3]]
[[28, 61], [30, 53], [6, 7]]
[[28, 61], [30, 53], [6, 35]]
[[28, 61], [30, 53], [6, 39]]
[[28, 61], [30, 53], [10, 11]]
[[28, 61], [30, 53], [10, 23]]
[[28, 61], [30, 53], [10, 43]]
[[28, 61], [30, 53], [10, 55]]
[[28, 61], [30, 53], [22, 23]]
[[28, 61], [30, 53], [22, 55]]
[[28, 61], [30, 53], [34, 3]]
[[28, 61], [30, 53], [34, 11]]
[[28, 61], [30, 53], [34, 23]]
[[28, 61], [30, 53], [34, 35]]
[[28, 61], [30, 53], [34, 43]]
[[28, 61], [30, 53], [34, 55]]
[[28, 61], [30, 53], [38, 3]]
[[28, 61], [30, 53], [38, 7]]
[[28, 61], [30, 53], [38, 35]]
[[28, 61], [30, 53], [38, 39]]
[[28, 61], [30, 53], [42, 11]]
[[28, 61], [30, 53], [42, 23]]
[[28, 61], [30, 53], [42, 43]]
[[28, 61], [30, 53], [42, 55]]
[[28, 61], [30, 53], [54, 23]]
[[28, 61], [30, 53], [54, 55]]
[[28, 61], [30, 63], [2, 3]]
[[28, 61], [30, 63], [2, 11]]
[[28, 61], [30, 63], [2, 23]]
[[28, 61], [30, 63], [2, 35]]
[[28, 61], [30, 63], [2, 43]]
[[28, 61], [30, 63], [2, 55]]
[[28, 61], [30, 63], [6, 3]]
[[28, 61], [30, 63], [6, 7]]
[[28, 61], [30, 63], [6, 35]]
[[28, 61], [30, 63], [6, 39]]
[[28, 61], [30, 63], [10, 11]]
[[28, 61], [30, 63], [10, 23]]
[[28, 61], [30, 63], [10, 43]]
[[28, 61], [30, 63], [10, 55]]
[[28, 61], [30, 63], [22, 23]]
[[28, 61], [30, 63], [22, 55]]
[[28, 61], [30, 63], [34, 3]]
[[28, 61], [30, 63], [34, 11]]
[[28, 61], [30, 63], [34, 23]]
[[28, 61], [30, 63], [34, 35]]
[[28, 61], [30, 63], [34, 43]]
[[28, 61], [30, 63], [34, 55]]
[[28, 61], [30, 63], [38, 3]]
[[28, 61], [30, 63], [38, 7]]
[[28, 61], [30, 63], [38, 35]]
[[28, 61], [30, 63], [38, 39]]
[[28, 61], [30, 63], [42, 11]]
[[28, 61], [30, 63], [42, 23]]
[[28, 61], [30, 63], [42, 43]]
[[28, 61], [30, 63], [42, 55]]
[[28, 61], [30, 63], [54, 23]]
[[28, 61], [30, 63], [54, 55]]
[[28, 61], [32, 1], [2, 3]]
[[28, 61], [32, 1], [2, 11]]
[[28, 61], [32, 1], [2, 23]]
[[28, 61], [32, 1], [2, 35]]
[[28, 61], [32, 1], [2, 43]]
[[28, 61], [32, 1], [2, 55]]
[[28, 61], [32, 1], [6, 3]]
[[28, 61], [32, 1], [6, 7]]
[[28, 61], [32, 1], [6, 35]]
[[28, 61], [32, 1], [6, 39]]
[[28, 61], [32, 1], [10, 11]]
[[28, 61], [32, 1], [10, 23]]
[[28, 61], [32, 1], [10, 43]]
[[28, 61], [32, 1], [10, 55]]
[[28, 61], [32, 1], [14, 7]]
[[28, 61], [32, 1], [14, 15]]
[[28, 61], [32, 1], [14, 39]]
[[28, 61], [32, 1], [14, 47]]
[[28, 61], [32, 1], [34, 3]]
[[28, 61], [32, 1], [34, 11]]
[[28, 61], [32, 1], [34, 23]]
[[28, 61], [32, 1], [34, 35]]
[[28, 61], [32, 1], [34, 43]]
[[28, 61], [32, 1], [34, 55]]
[[28, 61], [32, 1], [38, 3]]
[[28, 61], [32, 1], [38, 7]]
[[28, 61], [32, 1], [38, 35]]
[[28, 61], [32, 1], [38, 39]]
[[28, 61], [32, 1], [42, 11]]
[[28, 61], [32, 1], [42, 23]]
[[28, 61], [32, 1], [42, 43]]
[[28, 61], [32, 1], [42, 55]]
[[28, 61], [32, 1], [46, 7]]
[[28, 61], [32, 1], [46, 15]]
[[28, 61], [32, 1], [46, 39]]
[[28, 61], [32, 1], [46, 47]]
[[28, 61], [32, 9], [2, 3]]
[[28, 61], [32, 9], [2, 11]]
[[28, 61], [32, 9], [2, 23]]
[[28, 61], [32, 9], [2, 35]]
[[28, 61], [32, 9], [2, 43]]
[[28, 61], [32, 9], [2, 55]]
[[28, 61], [32, 9], [6, 3]]
[[28, 61], [32, 9], [6, 7]]
[[28, 61], [32, 9], [6, 35]]
[[28, 61], [32, 9], [6, 39]]
[[28, 61], [32, 9], [10, 11]]
[[28, 61], [32, 9], [10, 23]]
[[28, 61], [32, 9], [10, 43]]
[[28, 61], [32, 9], [10, 55]]
[[28, 61], [32, 9], [22, 23]]
[[28, 61], [32, 9], [22, 55]]
[[28, 61], [32, 9], [34, 3]]
[[28, 61], [32, 9], [34, 11]]
[[28, 61], [32, 9], [34, 23]]
[[28, 61], [32, 9], [34, 35]]
[[28, 61], [32, 9], [34, 43]]
[[28, 61], [32, 9], [34, 55]]
[[28, 61], [32, 9], [38, 3]]
[[28, 61], [32, 9], [38, 7]]
[[28, 61], [32, 9], [38, 35]]
[[28, 61], [32, 9], [38, 39]]
[[28, 61], [32, 9], [42, 11]]
[[28, 61], [32, 9], [42, 23]]
[[28, 61], [32, 9], [42, 43]]
[[28, 61], [32, 9], [42, 55]]
[[28, 61], [32, 9], [54, 23]]
[[28, 61], [32, 9], [54, 55]]
[[28, 61], [32, 21], [2, 3]]
[[28, 61], [32, 21], [2, 11]]
[[28, 61], [32, 21], [2, 23]]
[[28, 61], [32, 21], [2, 35]]
[[28, 61], [32, 21], [2, 43]]
[[28, 61], [32, 21], [2, 55]]
[[28, 61], [32, 21], [6, 3]]
[[28, 61], [32, 21], [6, 7]]
[[28, 61], [32, 21], [6, 35]]
[[28, 61], [32, 21], [6, 39]]
[[28, 61], [32, 21], [10, 11]]
[[28, 61], [32, 21], [10, 23]]
[[28, 61], [32, 21], [10, 43]]
[[28, 61], [32, 21], [10, 55]]
[[28, 61], [32, 21], [22, 23]]
[[28, 61], [32, 21], [22, 55]]
[[28, 61], [32, 21], [34, 3]]
[[28, 61], [32, 21], [34, 11]]
[[28, 61], [32, 21], [34, 23]]
[[28, 61], [32, 21], [34, 35]]
[[28, 61], [32, 21], [34, 43]]
[[28, 61], [32, 21], [34, 55]]
[[28, 61], [32, 21], [38, 3]]
[[28, 61], [32, 21], [38, 7]]
[[28, 61], [32, 21], [38, 35]]
[[28, 61], [32, 21], [38, 39]]
[[28, 61], [32, 21], [42, 11]]
[[28, 61], [32, 21], [42, 23]]
[[28, 61], [32, 21], [42, 43]]
[[28, 61], [32, 21], [42, 55]]
[[28, 61], [32, 21], [54, 23]]
[[28, 61], [32, 21], [54, 55]]
[[28, 61], [32, 31], [2, 3]]
[[28, 61], [32, 31], [2, 11]]
[[28, 61], [32, 31], [2, 23]]
[[28, 61], [32, 31], [2, 35]]
[[28, 61], [32, 31], [2, 43]]
[[28, 61], [32, 31], [2, 55]]
[[28, 61], [32, 31], [6, 3]]
[[28, 61], [32, 31], [6, 7]]
[[28, 61], [32, 31], [6, 35]]
[[28, 61], [32, 31], [6, 39]]
[[28, 61], [32, 31], [10, 11]]
[[28, 61], [32, 31], [10, 23]]
[[28, 61], [32, 31], [10, 43]]
[[28, 61], [32, 31], [10, 55]]
[[28, 61], [32, 31], [22, 23]]
[[28, 61], [32, 31], [22, 55]]
[[28, 61], [32, 31], [34, 3]]
[[28, 61], [32, 31], [34, 11]]
[[28, 61], [32, 31], [34, 23]]
[[28, 61], [32, 31], [34, 35]]
[[28, 61], [32, 31], [34, 43]]
[[28, 61], [32, 31], [34, 55]]
[[28, 61], [32, 31], [38, 3]]
[[28, 61], [32, 31], [38, 7]]
[[28, 61], [32, 31], [38, 35]]
[[28, 61], [32, 31], [38, 39]]
[[28, 61], [32, 31], [42, 11]]
[[28, 61], [32, 31], [42, 23]]
[[28, 61], [32, 31], [42, 43]]
[[28, 61], [32, 31], [42, 55]]
[[28, 61], [32, 31], [54, 23]]
[[28, 61], [32, 31], [54, 55]]
[[28, 61], [32, 33], [2, 3]]
[[28, 61], [32, 33], [2, 11]]
[[28, 61], [32, 33], [2, 23]]
[[28, 61], [32, 33], [2, 35]]
[[28, 61], [32, 33], [2, 43]]
[[28, 61], [32, 33], [2, 55]]
[[28, 61], [32, 33], [6, 3]]
[[28, 61], [32, 33], [6, 7]]
[[28, 61], [32, 33], [6, 35]]
[[28, 61], [32, 33], [6, 39]]
[[28, 61], [32, 33], [10, 11]]
[[28, 61], [32, 33], [10, 23]]
[[28, 61], [32, 33], [10, 43]]
[[28, 61], [32, 33], [10, 55]]
[[28, 61], [32, 33], [14, 7]]
[[28, 61], [32, 33], [14, 15]]
[[28, 61], [32, 33], [14, 39]]
[[28, 61], [32, 33], [14, 47]]
[[28, 61], [32, 33], [34, 3]]
[[28, 61], [32, 33], [34, 11]]
[[28, 61], [32, 33], [34, 23]]
[[28, 61], [32, 33], [34, 35]]
[[28, 61], [32, 33], [34, 43]]
[[28, 61], [32, 33], [34, 55]]
[[28, 61], [32, 33], [38, 3]]
[[28, 61], [32, 33], [38, 7]]
[[28, 61], [32, 33], [38, 35]]
[[28, 61], [32, 33], [38, 39]]
[[28, 61], [32, 33], [42, 11]]
[[28, 61], [32, 33], [42, 23]]
[[28, 61], [32, 33], [42, 43]]
[[28, 61], [32, 33], [42, 55]]
[[28, 61], [32, 33], [46, 7]]
[[28, 61], [32, 33], [46, 15]]
[[28, 61], [32, 33], [46, 39]]
[[28, 61], [32, 33], [46, 47]]
[[28, 61], [32, 41], [2, 3]]
[[28, 61], [32, 41], [2, 11]]
[[28, 61], [32, 41], [2, 23]]
[[28, 61], [32, 41], [2, 35]]
[[28, 61], [32, 41], [2, 43]]
[[28, 61], [32, 41], [2, 55]]
[[28, 61], [32, 41], [6, 3]]
[[28, 61], [32, 41], [6, 7]]
[[28, 61], [32, 41], [6, 35]]
[[28, 61], [32, 41], [6, 39]]
[[28, 61], [32, 41], [10, 11]]
[[28, 61], [32, 41], [10, 23]]
[[28, 61], [32, 41], [10, 43]]
[[28, 61], [32, 41], [10, 55]]
[[28, 61], [32, 41], [22, 23]]
[[28, 61], [32, 41], [22, 55]]
[[28, 61], [32, 41], [34, 3]]
[[28, 61], [32, 41], [34, 11]]
[[28, 61], [32, 41], [34, 23]]
[[28, 61], [32, 41], [34, 35]]
[[28, 61], [32, 41], [34, 43]]
[[28, 61], [32, 41], [34, 55]]
[[28, 61], [32, 41], [38, 3]]
[[28, 61], [32, 41], [38, 7]]
[[28, 61], [32, 41], [38, 35]]
[[28, 61], [32, 41], [38, 39]]
[[28, 61], [32, 41], [42, 11]]
[[28, 61], [32, 41], [42, 23]]
[[28, 61], [32, 41], [42, 43]]
[[28, 61], [32, 41], [42, 55]]
[[28, 61], [32, 41], [54, 23]]
[[28, 61], [32, 41], [54, 55]]
[[28, 61], [32, 53], [2, 3]]
[[28, 61], [32, 53], [2, 11]]
[[28, 61], [32, 53], [2, 23]]
[[28, 61], [32, 53], [2, 35]]
[[28, 61], [32, 53], [2, 43]]
[[28, 61], [32, 53], [2, 55]]
[[28, 61], [32, 53], [6, 3]]
[[28, 61], [32, 53], [6, 7]]
[[28, 61], [32, 53], [6, 35]]
[[28, 61], [32, 53], [6, 39]]
[[28, 61], [32, 53], [10, 11]]
[[28, 61], [32, 53], [10, 23]]
[[28, 61], [32, 53], [10, 43]]
[[28, 61], [32, 53], [10, 55]]
[[28, 61], [32, 53], [22, 23]]
[[28, 61], [32, 53], [22, 55]]
[[28, 61], [32, 53], [34, 3]]
[[28, 61], [32, 53], [34, 11]]
[[28, 61], [32, 53], [34, 23]]
[[28, 61], [32, 53], [34, 35]]
[[28, 61], [32, 53], [34, 43]]
[[28, 61], [32, 53], [34, 55]]
[[28, 61], [32, 53], [38, 3]]
[[28, 61], [32, 53], [38, 7]]
[[28, 61], [32, 53], [38, 35]]
[[28, 61], [32, 53], [38, 39]]
[[28, 61], [32, 53], [42, 11]]
[[28, 61], [32, 53], [42, 23]]
[[28, 61], [32, 53], [42, 43]]
[[28, 61], [32, 53], [42, 55]]
[[28, 61], [32, 53], [54, 23]]
[[28, 61], [32, 53], [54, 55]]
[[28, 61], [32, 63], [2, 3]]
[[28, 61], [32, 63], [2, 11]]
[[28, 61], [32, 63], [2, 23]]
[[28, 61], [32, 63], [2, 35]]
[[28, 61], [32, 63], [2, 43]]
[[28, 61], [32, 63], [2, 55]]
[[28, 61], [32, 63], [6, 3]]
[[28, 61], [32, 63], [6, 7]]
[[28, 61], [32, 63], [6, 35]]
[[28, 61], [32, 63], [6, 39]]
[[28, 61], [32, 63], [10, 11]]
[[28, 61], [32, 63], [10, 23]]
[[28, 61], [32, 63], [10, 43]]
[[28, 61], [32, 63], [10, 55]]
[[28, 61], [32, 63], [22, 23]]
[[28, 61], [32, 63], [22, 55]]
[[28, 61], [32, 63], [34, 3]]
[[28, 61], [32, 63], [34, 11]]
[[28, 61], [32, 63], [34, 23]]
[[28, 61], [32, 63], [34, 35]]
[[28, 61], [32, 63], [34, 43]]
[[28, 61], [32, 63], [34, 55]]
[[28, 61], [32, 63], [38, 3]]
[[28, 61], [32, 63], [38, 7]]
[[28, 61], [32, 63], [38, 35]]
[[28, 61], [32, 63], [38, 39]]
[[28, 61], [32, 63], [42, 11]]
[[28, 61], [32, 63], [42, 23]]
[[28, 61], [32, 63], [42, 43]]
[[28, 61], [32, 63], [42, 55]]
[[28, 61], [32, 63], [54, 23]]
[[28, 61], [32, 63], [54, 55]]
[[28, 61], [36, 1], [2, 3]]
[[28, 61], [36, 1], [2, 11]]
[[28, 61], [36, 1], [2, 23]]
[[28, 61], [36, 1], [2, 35]]
[[28, 61], [36, 1], [2, 43]]
[[28, 61], [36, 1], [2, 55]]
[[28, 61], [36, 1], [6, 3]]
[[28, 61], [36, 1], [6, 7]]
[[28, 61], [36, 1], [6, 35]]
[[28, 61], [36, 1], [6, 39]]
[[28, 61], [36, 1], [10, 11]]
[[28, 61], [36, 1], [10, 23]]
[[28, 61], [36, 1], [10, 43]]
[[28, 61], [36, 1], [10, 55]]
[[28, 61], [36, 1], [14, 7]]
[[28, 61], [36, 1], [14, 15]]
[[28, 61], [36, 1], [14, 39]]
[[28, 61], [36, 1], [14, 47]]
[[28, 61], [36, 1], [34, 3]]
[[28, 61], [36, 1], [34, 11]]
[[28, 61], [36, 1], [34, 23]]
[[28, 61], [36, 1], [34, 35]]
[[28, 61], [36, 1], [34, 43]]
[[28, 61], [36, 1], [34, 55]]
[[28, 61], [36, 1], [38, 3]]
[[28, 61], [36, 1], [38, 7]]
[[28, 61], [36, 1], [38, 35]]
[[28, 61], [36, 1], [38, 39]]
[[28, 61], [36, 1], [42, 11]]
[[28, 61], [36, 1], [42, 23]]
[[28, 61], [36, 1], [42, 43]]
[[28, 61], [36, 1], [42, 55]]
[[28, 61], [36, 1], [46, 7]]
[[28, 61], [36, 1], [46, 15]]
[[28, 61], [36, 1], [46, 39]]
[[28, 61], [36, 1], [46, 47]]
[[28, 61], [36, 5], [6, 3]]
[[28, 61], [36, 5], [6, 7]]
[[28, 61], [36, 5], [6, 35]]
[[28, 61], [36, 5], [6, 39]]
[[28, 61], [36, 5], [14, 7]]
[[28, 61], [36, 5], [14, 15]]
[[28, 61], [36, 5], [14, 39]]
[[28, 61], [36, 5], [14, 47]]
[[28, 61], [36, 5], [18, 15]]
[[28, 61], [36, 5], [18, 19]]
[[28, 61], [36, 5], [18, 47]]
[[28, 61], [36, 5], [18, 51]]
[[28, 61], [36, 5], [38, 3]]
[[28, 61], [36, 5], [38, 7]]
[[28, 61], [36, 5], [38, 35]]
[[28, 61], [36, 5], [38, 39]]
[[28, 61], [36, 5], [46, 7]]
[[28, 61], [36, 5], [46, 15]]
[[28, 61], [36, 5], [46, 39]]
[[28, 61], [36, 5], [46, 47]]
[[28, 61], [36, 5], [50, 15]]
[[28, 61], [36, 5], [50, 19]]
[[28, 61], [36, 5], [50, 47]]
[[28, 61], [36, 5], [50, 51]]
[[28, 61], [36, 33], [2, 3]]
[[28, 61], [36, 33], [2, 11]]
[[28, 61], [36, 33], [2, 23]]
[[28, 61], [36, 33], [2, 35]]
[[28, 61], [36, 33], [2, 43]]
[[28, 61], [36, 33], [2, 55]]
[[28, 61], [36, 33], [6, 3]]
[[28, 61], [36, 33], [6, 7]]
[[28, 61], [36, 33], [6, 35]]
[[28, 61], [36, 33], [6, 39]]
[[28, 61], [36, 33], [10, 11]]
[[28, 61], [36, 33], [10, 23]]
[[28, 61], [36, 33], [10, 43]]
[[28, 61], [36, 33], [10, 55]]
[[28, 61], [36, 33], [14, 7]]
[[28, 61], [36, 33], [14, 15]]
[[28, 61], [36, 33], [14, 39]]
[[28, 61], [36, 33], [14, 47]]
[[28, 61], [36, 33], [34, 3]]
[[28, 61], [36, 33], [34, 11]]
[[28, 61], [36, 33], [34, 23]]
[[28, 61], [36, 33], [34, 35]]
[[28, 61], [36, 33], [34, 43]]
[[28, 61], [36, 33], [34, 55]]
[[28, 61], [36, 33], [38, 3]]
[[28, 61], [36, 33], [38, 7]]
[[28, 61], [36, 33], [38, 35]]
[[28, 61], [36, 33], [38, 39]]
[[28, 61], [36, 33], [42, 11]]
[[28, 61], [36, 33], [42, 23]]
[[28, 61], [36, 33], [42, 43]]
[[28, 61], [36, 33], [42, 55]]
[[28, 61], [36, 33], [46, 7]]
[[28, 61], [36, 33], [46, 15]]
[[28, 61], [36, 33], [46, 39]]
[[28, 61], [36, 33], [46, 47]]
[[28, 61], [36, 37], [6, 3]]
[[28, 61], [36, 37], [6, 7]]
[[28, 61], [36, 37], [6, 35]]
[[28, 61], [36, 37], [6, 39]]
[[28, 61], [36, 37], [14, 7]]
[[28, 61], [36, 37], [14, 15]]
[[28, 61], [36, 37], [14, 39]]
[[28, 61], [36, 37], [14, 47]]
[[28, 61], [36, 37], [18, 15]]
[[28, 61], [36, 37], [18, 19]]
[[28, 61], [36, 37], [18, 47]]
[[28, 61], [36, 37], [18, 51]]
[[28, 61], [36, 37], [38, 3]]
[[28, 61], [36, 37], [38, 7]]
[[28, 61], [36, 37], [38, 35]]
[[28, 61], [36, 37], [38, 39]]
[[28, 61], [36, 37], [46, 7]]
[[28, 61], [36, 37], [46, 15]]
[[28, 61], [36, 37], [46, 39]]
[[28, 61], [36, 37], [46, 47]]
[[28, 61], [36, 37], [50, 15]]
[[28, 61], [36, 37], [50, 19]]
[[28, 61], [36, 37], [50, 47]]
[[28, 61], [36, 37], [50, 51]]
[[28, 61], [40, 9], [2, 3]]
[[28, 61], [40, 9], [2, 11]]
[[28, 61], [40, 9], [2, 23]]
[[28, 61], [40, 9], [2, 35]]
[[28, 61], [40, 9], [2, 43]]
[[28, 61], [40, 9], [2, 55]]
[[28, 61], [40, 9], [6, 3]]
[[28, 61], [40, 9], [6, 7]]
[[28, 61], [40, 9], [6, 35]]
[[28, 61], [40, 9], [6, 39]]
[[28, 61], [40, 9], [10, 11]]
[[28, 61], [40, 9], [10, 23]]
[[28, 61], [40, 9], [10, 43]]
[[28, 61], [40, 9], [10, 55]]
[[28, 61], [40, 9], [22, 23]]
[[28, 61], [40, 9], [22, 55]]
[[28, 61], [40, 9], [34, 3]]
[[28, 61], [40, 9], [34, 11]]
[[28, 61], [40, 9], [34, 23]]
[[28, 61], [40, 9], [34, 35]]
[[28, 61], [40, 9], [34, 43]]
[[28, 61], [40, 9], [34, 55]]
[[28, 61], [40, 9], [38, 3]]
[[28, 61], [40, 9], [38, 7]]
[[28, 61], [40, 9], [38, 35]]
[[28, 61], [40, 9], [38, 39]]
[[28, 61], [40, 9], [42, 11]]
[[28, 61], [40, 9], [42, 23]]
[[28, 61], [40, 9], [42, 43]]
[[28, 61], [40, 9], [42, 55]]
[[28, 61], [40, 9], [54, 23]]
[[28, 61], [40, 9], [54, 55]]
[[28, 61], [40, 21], [2, 3]]
[[28, 61], [40, 21], [2, 11]]
[[28, 61], [40, 21], [2, 23]]
[[28, 61], [40, 21], [2, 35]]
[[28, 61], [40, 21], [2, 43]]
[[28, 61], [40, 21], [2, 55]]
[[28, 61], [40, 21], [6, 3]]
[[28, 61], [40, 21], [6, 7]]
[[28, 61], [40, 21], [6, 35]]
[[28, 61], [40, 21], [6, 39]]
[[28, 61], [40, 21], [10, 11]]
[[28, 61], [40, 21], [10, 23]]
[[28, 61], [40, 21], [10, 43]]
[[28, 61], [40, 21], [10, 55]]
[[28, 61], [40, 21], [22, 23]]
[[28, 61], [40, 21], [22, 55]]
[[28, 61], [40, 21], [34, 3]]
[[28, 61], [40, 21], [34, 11]]
[[28, 61], [40, 21], [34, 23]]
[[28, 61], [40, 21], [34, 35]]
[[28, 61], [40, 21], [34, 43]]
[[28, 61], [40, 21], [34, 55]]
[[28, 61], [40, 21], [38, 3]]
[[28, 61], [40, 21], [38, 7]]
[[28, 61], [40, 21], [38, 35]]
[[28, 61], [40, 21], [38, 39]]
[[28, 61], [40, 21], [42, 11]]
[[28, 61], [40, 21], [42, 23]]
[[28, 61], [40, 21], [42, 43]]
[[28, 61], [40, 21], [42, 55]]
[[28, 61], [40, 21], [54, 23]]
[[28, 61], [40, 21], [54, 55]]
[[28, 61], [40, 41], [2, 3]]
[[28, 61], [40, 41], [2, 11]]
[[28, 61], [40, 41], [2, 23]]
[[28, 61], [40, 41], [2, 35]]
[[28, 61], [40, 41], [2, 43]]
[[28, 61], [40, 41], [2, 55]]
[[28, 61], [40, 41], [6, 3]]
[[28, 61], [40, 41], [6, 7]]
[[28, 61], [40, 41], [6, 35]]
[[28, 61], [40, 41], [6, 39]]
[[28, 61], [40, 41], [10, 11]]
[[28, 61], [40, 41], [10, 23]]
[[28, 61], [40, 41], [10, 43]]
[[28, 61], [40, 41], [10, 55]]
[[28, 61], [40, 41], [22, 23]]
[[28, 61], [40, 41], [22, 55]]
[[28, 61], [40, 41], [34, 3]]
[[28, 61], [40, 41], [34, 11]]
[[28, 61], [40, 41], [34, 23]]
[[28, 61], [40, 41], [34, 35]]
[[28, 61], [40, 41], [34, 43]]
[[28, 61], [40, 41], [34, 55]]
[[28, 61], [40, 41], [38, 3]]
[[28, 61], [40, 41], [38, 7]]
[[28, 61], [40, 41], [38, 35]]
[[28, 61], [40, 41], [38, 39]]
[[28, 61], [40, 41], [42, 11]]
[[28, 61], [40, 41], [42, 23]]
[[28, 61], [40, 41], [42, 43]]
[[28, 61], [40, 41], [42, 55]]
[[28, 61], [40, 41], [54, 23]]
[[28, 61], [40, 41], [54, 55]]
[[28, 61], [40, 53], [2, 3]]
[[28, 61], [40, 53], [2, 11]]
[[28, 61], [40, 53], [2, 23]]
[[28, 61], [40, 53], [2, 35]]
[[28, 61], [40, 53], [2, 43]]
[[28, 61], [40, 53], [2, 55]]
[[28, 61], [40, 53], [6, 3]]
[[28, 61], [40, 53], [6, 7]]
[[28, 61], [40, 53], [6, 35]]
[[28, 61], [40, 53], [6, 39]]
[[28, 61], [40, 53], [10, 11]]
[[28, 61], [40, 53], [10, 23]]
[[28, 61], [40, 53], [10, 43]]
[[28, 61], [40, 53], [10, 55]]
[[28, 61], [40, 53], [22, 23]]
[[28, 61], [40, 53], [22, 55]]
[[28, 61], [40, 53], [34, 3]]
[[28, 61], [40, 53], [34, 11]]
[[28, 61], [40, 53], [34, 23]]
[[28, 61], [40, 53], [34, 35]]
[[28, 61], [40, 53], [34, 43]]
[[28, 61], [40, 53], [34, 55]]
[[28, 61], [40, 53], [38, 3]]
[[28, 61], [40, 53], [38, 7]]
[[28, 61], [40, 53], [38, 35]]
[[28, 61], [40, 53], [38, 39]]
[[28, 61], [40, 53], [42, 11]]
[[28, 61], [40, 53], [42, 23]]
[[28, 61], [40, 53], [42, 43]]
[[28, 61], [40, 53], [42, 55]]
[[28, 61], [40, 53], [54, 23]]
[[28, 61], [40, 53], [54, 55]]
[[28, 61], [52, 9], [2, 3]]
[[28, 61], [52, 9], [2, 11]]
[[28, 61], [52, 9], [2, 23]]
[[28, 61], [52, 9], [2, 35]]
[[28, 61], [52, 9], [2, 43]]
[[28, 61], [52, 9], [2, 55]]
[[28, 61], [52, 9], [6, 3]]
[[28, 61], [52, 9], [6, 7]]
[[28, 61], [52, 9], [6, 35]]
[[28, 61], [52, 9], [6, 39]]
[[28, 61], [52, 9], [10, 11]]
[[28, 61], [52, 9], [10, 23]]
[[28, 61], [52, 9], [10, 43]]
[[28, 61], [52, 9], [10, 55]]
[[28, 61], [52, 9], [22, 23]]
[[28, 61], [52, 9], [22, 55]]
[[28, 61], [52, 9], [34, 3]]
[[28, 61], [52, 9], [34, 11]]
[[28, 61], [52, 9], [34, 23]]
[[28, 61], [52, 9], [34, 35]]
[[28, 61], [52, 9], [34, 43]]
[[28, 61], [52, 9], [34, 55]]
[[28, 61], [52, 9], [38, 3]]
[[28, 61], [52, 9], [38, 7]]
[[28, 61], [52, 9], [38, 35]]
[[28, 61], [52, 9], [38, 39]]
[[28, 61], [52, 9], [42, 11]]
[[28, 61], [52, 9], [42, 23]]
[[28, 61], [52, 9], [42, 43]]
[[28, 61], [52, 9], [42, 55]]
[[28, 61], [52, 9], [54, 23]]
[[28, 61], [52, 9], [54, 55]]
[[28, 61], [52, 21], [2, 3]]
[[28, 61], [52, 21], [2, 11]]
[[28, 61], [52, 21], [2, 23]]
[[28, 61], [52, 21], [2, 35]]
[[28, 61], [52, 21], [2, 43]]
[[28, 61], [52, 21], [2, 55]]
[[28, 61], [52, 21], [6, 3]]
[[28, 61], [52, 21], [6, 7]]
[[28, 61], [52, 21], [6, 35]]
[[28, 61], [52, 21], [6, 39]]
[[28, 61], [52, 21], [10, 11]]
[[28, 61], [52, 21], [10, 23]]
[[28, 61], [52, 21], [10, 43]]
[[28, 61], [52, 21], [10, 55]]
[[28, 61], [52, 21], [22, 23]]
[[28, 61], [52, 21], [22, 55]]
[[28, 61], [52, 21], [34, 3]]
[[28, 61], [52, 21], [34, 11]]
[[28, 61], [52, 21], [34, 23]]
[[28, 61], [52, 21], [34, 35]]
[[28, 61], [52, 21], [34, 43]]
[[28, 61], [52, 21], [34, 55]]
[[28, 61], [52, 21], [38, 3]]
[[28, 61], [52, 21], [38, 7]]
[[28, 61], [52, 21], [38, 35]]
[[28, 61], [52, 21], [38, 39]]
[[28, 61], [52, 21], [42, 11]]
[[28, 61], [52, 21], [42, 23]]
[[28, 61], [52, 21], [42, 43]]
[[28, 61], [52, 21], [42, 55]]
[[28, 61], [52, 21], [54, 23]]
[[28, 61], [52, 21], [54, 55]]
[[28, 61], [52, 41], [2, 3]]
[[28, 61], [52, 41], [2, 11]]
[[28, 61], [52, 41], [2, 23]]
[[28, 61], [52, 41], [2, 35]]
[[28, 61], [52, 41], [2, 43]]
[[28, 61], [52, 41], [2, 55]]
[[28, 61], [52, 41], [6, 3]]
[[28, 61], [52, 41], [6, 7]]
[[28, 61], [52, 41], [6, 35]]
[[28, 61], [52, 41], [6, 39]]
[[28, 61], [52, 41], [10, 11]]
[[28, 61], [52, 41], [10, 23]]
[[28, 61], [52, 41], [10, 43]]
[[28, 61], [52, 41], [10, 55]]
[[28, 61], [52, 41], [22, 23]]
[[28, 61], [52, 41], [22, 55]]
[[28, 61], [52, 41], [34, 3]]
[[28, 61], [52, 41], [34, 11]]
[[28, 61], [52, 41], [34, 23]]
[[28, 61], [52, 41], [34, 35]]
[[28, 61], [52, 41], [34, 43]]
[[28, 61], [52, 41], [34, 55]]
[[28, 61], [52, 41], [38, 3]]
[[28, 61], [52, 41], [38, 7]]
[[28, 61], [52, 41], [38, 35]]
[[28, 61], [52, 41], [38, 39]]
[[28, 61], [52, 41], [42, 11]]
[[28, 61], [52, 41], [42, 23]]
[[28, 61], [52, 41], [42, 43]]
[[28, 61], [52, 41], [42, 55]]
[[28, 61], [52, 41], [54, 23]]
[[28, 61], [52, 41], [54, 55]]
[[28, 61], [52, 53], [2, 3]]
[[28, 61], [52, 53], [2, 11]]
[[28, 61], [52, 53], [2, 23]]
[[28, 61], [52, 53], [2, 35]]
[[28, 61], [52, 53], [2, 43]]
[[28, 61], [52, 53], [2, 55]]
[[28, 61], [52, 53], [6, 3]]
[[28, 61], [52, 53], [6, 7]]
[[28, 61], [52, 53], [6, 35]]
[[28, 61], [52, 53], [6, 39]]
[[28, 61], [52, 53], [10, 11]]
[[28, 61], [52, 53], [10, 23]]
[[28, 61], [52, 53], [10, 43]]
[[28, 61], [52, 53], [10, 55]]
[[28, 61], [52, 53], [22, 23]]
[[28, 61], [52, 53], [22, 55]]
[[28, 61], [52, 53], [34, 3]]
[[28, 61], [52, 53], [34, 11]]
[[28, 61], [52, 53], [34, 23]]
[[28, 61], [52, 53], [34, 35]]
[[28, 61], [52, 53], [34, 43]]
[[28, 61], [52, 53], [34, 55]]
[[28, 61], [52, 53], [38, 3]]
[[28, 61], [52, 53], [38, 7]]
[[28, 61], [52, 53], [38, 35]]
[[28, 61], [52, 53], [38, 39]]
[[28, 61], [52, 53], [42, 11]]
[[28, 61], [52, 53], [42, 23]]
[[28, 61], [52, 53], [42, 43]]
[[28, 61], [52, 53], [42, 55]]
[[28, 61], [52, 53], [54, 23]]
[[28, 61], [52, 53], [54, 55]]
[[28, 61], [62, 9], [2, 3]]
[[28, 61], [62, 9], [2, 11]]
[[28, 61], [62, 9], [2, 23]]
[[28, 61], [62, 9], [2, 35]]
[[28, 61], [62, 9], [2, 43]]
[[28, 61], [62, 9], [2, 55]]
[[28, 61], [62, 9], [6, 3]]
[[28, 61], [62, 9], [6, 7]]
[[28, 61], [62, 9], [6, 35]]
[[28, 61], [62, 9], [6, 39]]
[[28, 61], [62, 9], [10, 11]]
[[28, 61], [62, 9], [10, 23]]
[[28, 61], [62, 9], [10, 43]]
[[28, 61], [62, 9], [10, 55]]
[[28, 61], [62, 9], [22, 23]]
[[28, 61], [62, 9], [22, 55]]
[[28, 61], [62, 9], [34, 3]]
[[28, 61], [62, 9], [34, 11]]
[[28, 61], [62, 9], [34, 23]]
[[28, 61], [62, 9], [34, 35]]
[[28, 61], [62, 9], [34, 43]]
[[28, 61], [62, 9], [34, 55]]
[[28, 61], [62, 9], [38, 3]]
[[28, 61], [62, 9], [38, 7]]
[[28, 61], [62, 9], [38, 35]]
[[28, 61], [62, 9], [38, 39]]
[[28, 61], [62, 9], [42, 11]]
[[28, 61], [62, 9], [42, 23]]
[[28, 61], [62, 9], [42, 43]]
[[28, 61], [62, 9], [42, 55]]
[[28, 61], [62, 9], [54, 23]]
[[28, 61], [62, 9], [54, 55]]
[[28, 61], [62, 21], [2, 3]]
[[28, 61], [62, 21], [2, 11]]
[[28, 61], [62, 21], [2, 23]]
[[28, 61], [62, 21], [2, 35]]
[[28, 61], [62, 21], [2, 43]]
[[28, 61], [62, 21], [2, 55]]
[[28, 61], [62, 21], [6, 3]]
[[28, 61], [62, 21], [6, 7]]
[[28, 61], [62, 21], [6, 35]]
[[28, 61], [62, 21], [6, 39]]
[[28, 61], [62, 21], [10, 11]]
[[28, 61], [62, 21], [10, 23]]
[[28, 61], [62, 21], [10, 43]]
[[28, 61], [62, 21], [10, 55]]
[[28, 61], [62, 21], [22, 23]]
[[28, 61], [62, 21], [22, 55]]
[[28, 61], [62, 21], [34, 3]]
[[28, 61], [62, 21], [34, 11]]
[[28, 61], [62, 21], [34, 23]]
[[28, 61], [62, 21], [34, 35]]
[[28, 61], [62, 21], [34, 43]]
[[28, 61], [62, 21], [34, 55]]
[[28, 61], [62, 21], [38, 3]]
[[28, 61], [62, 21], [38, 7]]
[[28, 61], [62, 21], [38, 35]]
[[28, 61], [62, 21], [38, 39]]
[[28, 61], [62, 21], [42, 11]]
[[28, 61], [62, 21], [42, 23]]
[[28, 61], [62, 21], [42, 43]]
[[28, 61], [62, 21], [42, 55]]
[[28, 61], [62, 21], [54, 23]]
[[28, 61], [62, 21], [54, 55]]
[[28, 61], [62, 31], [2, 3]]
[[28, 61], [62, 31], [2, 11]]
[[28, 61], [62, 31], [2, 23]]
[[28, 61], [62, 31], [2, 35]]
[[28, 61], [62, 31], [2, 43]]
[[28, 61], [62, 31], [2, 55]]
[[28, 61], [62, 31], [6, 3]]
[[28, 61], [62, 31], [6, 7]]
[[28, 61], [62, 31], [6, 35]]
[[28, 61], [62, 31], [6, 39]]
[[28, 61], [62, 31], [10, 11]]
[[28, 61], [62, 31], [10, 23]]
[[28, 61], [62, 31], [10, 43]]
[[28, 61], [62, 31], [10, 55]]
[[28, 61], [62, 31], [22, 23]]
[[28, 61], [62, 31], [22, 55]]
[[28, 61], [62, 31], [34, 3]]
[[28, 61], [62, 31], [34, 11]]
[[28, 61], [62, 31], [34, 23]]
[[28, 61], [62, 31], [34, 35]]
[[28, 61], [62, 31], [34, 43]]
[[28, 61], [62, 31], [34, 55]]
[[28, 61], [62, 31], [38, 3]]
[[28, 61], [62, 31], [38, 7]]
[[28, 61], [62, 31], [38, 35]]
[[28, 61], [62, 31], [38, 39]]
[[28, 61], [62, 31], [42, 11]]
[[28, 61], [62, 31], [42, 23]]
[[28, 61], [62, 31], [42, 43]]
[[28, 61], [62, 31], [42, 55]]
[[28, 61], [62, 31], [54, 23]]
[[28, 61], [62, 31], [54, 55]]
[[28, 61], [62, 41], [2, 3]]
[[28, 61], [62, 41], [2, 11]]
[[28, 61], [62, 41], [2, 23]]
[[28, 61], [62, 41], [2, 35]]
[[28, 61], [62, 41], [2, 43]]
[[28, 61], [62, 41], [2, 55]]
[[28, 61], [62, 41], [6, 3]]
[[28, 61], [62, 41], [6, 7]]
[[28, 61], [62, 41], [6, 35]]
[[28, 61], [62, 41], [6, 39]]
[[28, 61], [62, 41], [10, 11]]
[[28, 61], [62, 41], [10, 23]]
[[28, 61], [62, 41], [10, 43]]
[[28, 61], [62, 41], [10, 55]]
[[28, 61], [62, 41], [22, 23]]
[[28, 61], [62, 41], [22, 55]]
[[28, 61], [62, 41], [34, 3]]
[[28, 61], [62, 41], [34, 11]]
[[28, 61], [62, 41], [34, 23]]
[[28, 61], [62, 41], [34, 35]]
[[28, 61], [62, 41], [34, 43]]
[[28, 61], [62, 41], [34, 55]]
[[28, 61], [62, 41], [38, 3]]
[[28, 61], [62, 41], [38, 7]]
[[28, 61], [62, 41], [38, 35]]
[[28, 61], [62, 41], [38, 39]]
[[28, 61], [62, 41], [42, 11]]
[[28, 61], [62, 41], [42, 23]]
[[28, 61], [62, 41], [42, 43]]
[[28, 61], [62, 41], [42, 55]]
[[28, 61], [62, 41], [54, 23]]
[[28, 61], [62, 41], [54, 55]]
[[28, 61], [62, 53], [2, 3]]
[[28, 61], [62, 53], [2, 11]]
[[28, 61], [62, 53], [2, 23]]
[[28, 61], [62, 53], [2, 35]]
[[28, 61], [62, 53], [2, 43]]
[[28, 61], [62, 53], [2, 55]]
[[28, 61], [62, 53], [6, 3]]
[[28, 61], [62, 53], [6, 7]]
[[28, 61], [62, 53], [6, 35]]
[[28, 61], [62, 53], [6, 39]]
[[28, 61], [62, 53], [10, 11]]
[[28, 61], [62, 53], [10, 23]]
[[28, 61], [62, 53], [10, 43]]
[[28, 61], [62, 53], [10, 55]]
[[28, 61], [62, 53], [22, 23]]
[[28, 61], [62, 53], [22, 55]]
[[28, 61], [62, 53], [34, 3]]
[[28, 61], [62, 53], [34, 11]]
[[28, 61], [62, 53], [34, 23]]
[[28, 61], [62, 53], [34, 35]]
[[28, 61], [62, 53], [34, 43]]
[[28, 61], [62, 53], [34, 55]]
[[28, 61], [62, 53], [38, 3]]
[[28, 61], [62, 53], [38, 7]]
[[28, 61], [62, 53], [38, 35]]
[[28, 61], [62, 53], [38, 39]]
[[28, 61], [62, 53], [42, 11]]
[[28, 61], [62, 53], [42, 23]]
[[28, 61], [62, 53], [42, 43]]
[[28, 61], [62, 53], [42, 55]]
[[28, 61], [62, 53], [54, 23]]
[[28, 61], [62, 53], [54, 55]]
[[28, 61], [62, 63], [2, 3]]
[[28, 61], [62, 63], [2, 11]]
[[28, 61], [62, 63], [2, 23]]
[[28, 61], [62, 63], [2, 35]]
[[28, 61], [62, 63], [2, 43]]
[[28, 61], [62, 63], [2, 55]]
[[28, 61], [62, 63], [6, 3]]
[[28, 61], [62, 63], [6, 7]]
[[28, 61], [62, 63], [6, 35]]
[[28, 61], [62, 63], [6, 39]]
[[28, 61], [62, 63], [10, 11]]
[[28, 61], [62, 63], [10, 23]]
[[28, 61], [62, 63], [10, 43]]
[[28, 61], [62, 63], [10, 55]]
[[28, 61], [62, 63], [22, 23]]
[[28, 61], [62, 63], [22, 55]]
[[28, 61], [62, 63], [34, 3]]
[[28, 61], [62, 63], [34, 11]]
[[28, 61], [62, 63], [34, 23]]
[[28, 61], [62, 63], [34, 35]]
[[28, 61], [62, 63], [34, 43]]
[[28, 61], [62, 63], [34, 55]]
[[28, 61], [62, 63], [38, 3]]
[[28, 61], [62, 63], [38, 7]]
[[28, 61], [62, 63], [38, 35]]
[[28, 61], [62, 63], [38, 39]]
[[28, 61], [62, 63], [42, 11]]
[[28, 61], [62, 63], [42, 23]]
[[28, 61], [62, 63], [42, 43]]
[[28, 61], [62, 63], [42, 55]]
[[28, 61], [62, 63], [54, 23]]
[[28, 61], [62, 63], [54, 55]]
[[48, 17], [24, 25], [26, 27]]
[[48, 17], [24, 25], [26, 59]]
[[48, 17], [24, 25], [58, 27]]
[[48, 17], [24, 25], [58, 59]]
[[48, 17], [24, 57], [26, 27]]
[[48, 17], [24, 57], [26, 59]]
[[48, 17], [24, 57], [58, 27]]
[[48, 17], [24, 57], [58, 59]]
[[48, 17], [56, 25], [26, 27]]
[[48, 17], [56, 25], [26, 59]]
[[48, 17], [56, 25], [58, 27]]
[[48, 17], [56, 25], [58, 59]]
[[48, 17], [56, 57], [26, 27]]
[[48, 17], [56, 57], [26, 59]]
[[48, 17], [56, 57], [58, 27]]
[[48, 17], [56, 57], [58, 59]]
[[48, 49], [24, 25], [26, 27]]
[[48, 49], [24, 25], [26, 59]]
[[48, 49], [24, 25], [58, 27]]
[[48, 49], [24, 25], [58, 59]]
[[48, 49], [24, 57], [26, 27]]
[[48, 49], [24, 57], [26, 59]]
[[48, 49], [24, 57], [58, 27]]
[[48, 49], [24, 57], [58, 59]]
[[48, 49], [56, 25], [26, 27]]
[[48, 49], [56, 25], [26, 59]]
[[48, 49], [56, 25], [58, 27]]
[[48, 49], [56, 25], [58, 59]]
[[48, 49], [56, 57], [26, 27]]
[[48, 49], [56, 57], [26, 59]]
[[48, 49], [56, 57], [58, 27]]
[[48, 49], [56, 57], [58, 59]]
[[60, 29], [0, 1], [2, 3]]
[[60, 29], [0, 1], [2, 11]]
[[60, 29], [0, 1], [2, 23]]
[[60, 29], [0, 1], [2, 35]]
[[60, 29], [0, 1], [2, 43]]
[[60, 29], [0, 1], [2, 55]]
[[60, 29], [0, 1], [6, 3]]
[[60, 29], [0, 1], [6, 7]]
[[60, 29], [0, 1], [6, 35]]
[[60, 29], [0, 1], [6, 39]]
[[60, 29], [0, 1], [10, 11]]
[[60, 29], [0, 1], [10, 23]]
[[60, 29], [0, 1], [10, 43]]
[[60, 29], [0, 1], [10, 55]]
[[60, 29], [0, 1], [14, 7]]
[[60, 29], [0, 1], [14, 15]]
[[60, 29], [0, 1], [14, 39]]
[[60, 29], [0, 1], [14, 47]]
[[60, 29], [0, 1], [34, 3]]
[[60, 29], [0, 1], [34, 11]]
[[60, 29], [0, 1], [34, 23]]
[[60, 29], [0, 1], [34, 35]]
[[60, 29], [0, 1], [34, 43]]
[[60, 29], [0, 1], [34, 55]]
[[60, 29], [0, 1], [38, 3]]
[[60, 29], [0, 1], [38, 7]]
[[60, 29], [0, 1], [38, 35]]
[[60, 29], [0, 1], [38, 39]]
[[60, 29], [0, 1], [42, 11]]
[[60, 29], [0, 1], [42, 23]]
[[60, 29], [0, 1], [42, 43]]
[[60, 29], [0, 1], [42, 55]]
[[60, 29], [0, 1], [46, 7]]
[[60, 29], [0, 1], [46, 15]]
[[60, 29], [0, 1], [46, 39]]
[[60, 29], [0, 1], [46, 47]]
[[60, 29], [0, 9], [2, 3]]
[[60, 29], [0, 9], [2, 11]]
[[60, 29], [0, 9], [2, 23]]
[[60, 29], [0, 9], [2, 35]]
[[60, 29], [0, 9], [2, 43]]
[[60, 29], [0, 9], [2, 55]]
[[60, 29], [0, 9], [6, 3]]
[[60, 29], [0, 9], [6, 7]]
[[60, 29], [0, 9], [6, 35]]
[[60, 29], [0, 9], [6, 39]]
[[60, 29], [0, 9], [10, 11]]
[[60, 29], [0, 9], [10, 23]]
[[60, 29], [0, 9], [10, 43]]
[[60, 29], [0, 9], [10, 55]]
[[60, 29], [0, 9], [22, 23]]
[[60, 29], [0, 9], [22, 55]]
[[60, 29], [0, 9], [34, 3]]
[[60, 29], [0, 9], [34, 11]]
[[60, 29], [0, 9], [34, 23]]
[[60, 29], [0, 9], [34, 35]]
[[60, 29], [0, 9], [34, 43]]
[[60, 29], [0, 9], [34, 55]]
[[60, 29], [0, 9], [38, 3]]
[[60, 29], [0, 9], [38, 7]]
[[60, 29], [0, 9], [38, 35]]
[[60, 29], [0, 9], [38, 39]]
[[60, 29], [0, 9], [42, 11]]
[[60, 29], [0, 9], [42, 23]]
[[60, 29], [0, 9], [42, 43]]
[[60, 29], [0, 9], [42, 55]]
[[60, 29], [0, 9], [54, 23]]
[[60, 29], [0, 9], [54, 55]]
[[60, 29], [0, 21], [2, 3]]
[[60, 29], [0, 21], [2, 11]]
[[60, 29], [0, 21], [2, 23]]
[[60, 29], [0, 21], [2, 35]]
[[60, 29], [0, 21], [2, 43]]
[[60, 29], [0, 21], [2, 55]]
[[60, 29], [0, 21], [6, 3]]
[[60, 29], [0, 21], [6, 7]]
[[60, 29], [0, 21], [6, 35]]
[[60, 29], [0, 21], [6, 39]]
[[60, 29], [0, 21], [10, 11]]
[[60, 29], [0, 21], [10, 23]]
[[60, 29], [0, 21], [10, 43]]
[[60, 29], [0, 21], [10, 55]]
[[60, 29], [0, 21], [22, 23]]
[[60, 29], [0, 21], [22, 55]]
[[60, 29], [0, 21], [34, 3]]
[[60, 29], [0, 21], [34, 11]]
[[60, 29], [0, 21], [34, 23]]
[[60, 29], [0, 21], [34, 35]]
[[60, 29], [0, 21], [34, 43]]
[[60, 29], [0, 21], [34, 55]]
[[60, 29], [0, 21], [38, 3]]
[[60, 29], [0, 21], [38, 7]]
[[60, 29], [0, 21], [38, 35]]
[[60, 29], [0, 21], [38, 39]]
[[60, 29], [0, 21], [42, 11]]
[[60, 29], [0, 21], [42, 23]]
[[60, 29], [0, 21], [42, 43]]
[[60, 29], [0, 21], [42, 55]]
[[60, 29], [0, 21], [54, 23]]
[[60, 29], [0, 21], [54, 55]]
[[60, 29], [0, 31], [2, 3]]
[[60, 29], [0, 31], [2, 11]]
[[60, 29], [0, 31], [2, 23]]
[[60, 29], [0, 31], [2, 35]]
[[60, 29], [0, 31], [2, 43]]
[[60, 29], [0, 31], [2, 55]]
[[60, 29], [0, 31], [6, 3]]
[[60, 29], [0, 31], [6, 7]]
[[60, 29], [0, 31], [6, 35]]
[[60, 29], [0, 31], [6, 39]]
[[60, 29], [0, 31], [10, 11]]
[[60, 29], [0, 31], [10, 23]]
[[60, 29], [0, 31], [10, 43]]
[[60, 29], [0, 31], [10, 55]]
[[60, 29], [0, 31], [22, 23]]
[[60, 29], [0, 31], [22, 55]]
[[60, 29], [0, 31], [34, 3]]
[[60, 29], [0, 31], [34, 11]]
[[60, 29], [0, 31], [34, 23]]
[[60, 29], [0, 31], [34, 35]]
[[60, 29], [0, 31], [34, 43]]
[[60, 29], [0, 31], [34, 55]]
[[60, 29], [0, 31], [38, 3]]
[[60, 29], [0, 31], [38, 7]]
[[60, 29], [0, 31], [38, 35]]
[[60, 29], [0, 31], [38, 39]]
[[60, 29], [0, 31], [42, 11]]
[[60, 29], [0, 31], [42, 23]]
[[60, 29], [0, 31], [42, 43]]
[[60, 29], [0, 31], [42, 55]]
[[60, 29], [0, 31], [54, 23]]
[[60, 29], [0, 31], [54, 55]]
[[60, 29], [0, 33], [2, 3]]
[[60, 29], [0, 33], [2, 11]]
[[60, 29], [0, 33], [2, 23]]
[[60, 29], [0, 33], [2, 35]]
[[60, 29], [0, 33], [2, 43]]
[[60, 29], [0, 33], [2, 55]]
[[60, 29], [0, 33], [6, 3]]
[[60, 29], [0, 33], [6, 7]]
[[60, 29], [0, 33], [6, 35]]
[[60, 29], [0, 33], [6, 39]]
[[60, 29], [0, 33], [10, 11]]
[[60, 29], [0, 33], [10, 23]]
[[60, 29], [0, 33], [10, 43]]
[[60, 29], [0, 33], [10, 55]]
[[60, 29], [0, 33], [14, 7]]
[[60, 29], [0, 33], [14, 15]]
[[60, 29], [0, 33], [14, 39]]
[[60, 29], [0, 33], [14, 47]]
[[60, 29], [0, 33], [34, 3]]
[[60, 29], [0, 33], [34, 11]]
[[60, 29], [0, 33], [34, 23]]
[[60, 29], [0, 33], [34, 35]]
[[60, 29], [0, 33], [34, 43]]
[[60, 29], [0, 33], [34, 55]]
[[60, 29], [0, 33], [38, 3]]
[[60, 29], [0, 33], [38, 7]]
[[60, 29], [0, 33], [38, 35]]
[[60, 29], [0, 33], [38, 39]]
[[60, 29], [0, 33], [42, 11]]
[[60, 29], [0, 33], [42, 23]]
[[60, 29], [0, 33], [42, 43]]
[[60, 29], [0, 33], [42, 55]]
[[60, 29], [0, 33], [46, 7]]
[[60, 29], [0, 33], [46, 15]]
[[60, 29], [0, 33], [46, 39]]
[[60, 29], [0, 33], [46, 47]]
[[60, 29], [0, 41], [2, 3]]
[[60, 29], [0, 41], [2, 11]]
[[60, 29], [0, 41], [2, 23]]
[[60, 29], [0, 41], [2, 35]]
[[60, 29], [0, 41], [2, 43]]
[[60, 29], [0, 41], [2, 55]]
[[60, 29], [0, 41], [6, 3]]
[[60, 29], [0, 41], [6, 7]]
[[60, 29], [0, 41], [6, 35]]
[[60, 29], [0, 41], [6, 39]]
[[60, 29], [0, 41], [10, 11]]
[[60, 29], [0, 41], [10, 23]]
[[60, 29], [0, 41], [10, 43]]
[[60, 29], [0, 41], [10, 55]]
[[60, 29], [0, 41], [22, 23]]
[[60, 29], [0, 41], [22, 55]]
[[60, 29], [0, 41], [34, 3]]
[[60, 29], [0, 41], [34, 11]]
[[60, 29], [0, 41], [34, 23]]
[[60, 29], [0, 41], [34, 35]]
[[60, 29], [0, 41], [34, 43]]
[[60, 29], [0, 41], [34, 55]]
[[60, 29], [0, 41], [38, 3]]
[[60, 29], [0, 41], [38, 7]]
[[60, 29], [0, 41], [38, 35]]
[[60, 29], [0, 41], [38, 39]]
[[60, 29], [0, 41], [42, 11]]
[[60, 29], [0, 41], [42, 23]]
[[60, 29], [0, 41], [42, 43]]
[[60, 29], [0, 41], [42, 55]]
[[60, 29], [0, 41], [54, 23]]
[[60, 29], [0, 41], [54, 55]]
[[60, 29], [0, 53], [2, 3]]
[[60, 29], [0, 53], [2, 11]]
[[60, 29], [0, 53], [2, 23]]
[[60, 29], [0, 53], [2, 35]]
[[60, 29], [0, 53], [2, 43]]
[[60, 29], [0, 53], [2, 55]]
[[60, 29], [0, 53], [6, 3]]
[[60, 29], [0, 53], [6, 7]]
[[60, 29], [0, 53], [6, 35]]
[[60, 29], [0, 53], [6, 39]]
[[60, 29], [0, 53], [10, 11]]
[[60, 29], [0, 53], [10, 23]]
[[60, 29], [0, 53], [10, 43]]
[[60, 29], [0, 53], [10, 55]]
[[60, 29], [0, 53], [22, 23]]
[[60, 29], [0, 53], [22, 55]]
[[60, 29], [0, 53], [34, 3]]
[[60, 29], [0, 53], [34, 11]]
[[60, 29], [0, 53], [34, 23]]
[[60, 29], [0, 53], [34, 35]]
[[60, 29], [0, 53], [34, 43]]
[[60, 29], [0, 53], [34, 55]]
[[60, 29], [0, 53], [38, 3]]
[[60, 29], [0, 53], [38, 7]]
[[60, 29], [0, 53], [38, 35]]
[[60, 29], [0, 53], [38, 39]]
[[60, 29], [0, 53], [42, 11]]
[[60, 29], [0, 53], [42, 23]]
[[60, 29], [0, 53], [42, 43]]
[[60, 29], [0, 53], [42, 55]]
[[60, 29], [0, 53], [54, 23]]
[[60, 29], [0, 53], [54, 55]]
[[60, 29], [0, 63], [2, 3]]
[[60, 29], [0, 63], [2, 11]]
[[60, 29], [0, 63], [2, 23]]
[[60, 29], [0, 63], [2, 35]]
[[60, 29], [0, 63], [2, 43]]
[[60, 29], [0, 63], [2, 55]]
[[60, 29], [0, 63], [6, 3]]
[[60, 29], [0, 63], [6, 7]]
[[60, 29], [0, 63], [6, 35]]
[[60, 29], [0, 63], [6, 39]]
[[60, 29], [0, 63], [10, 11]]
[[60, 29], [0, 63], [10, 23]]
[[60, 29], [0, 63], [10, 43]]
[[60, 29], [0, 63], [10, 55]]
[[60, 29], [0, 63], [22, 23]]
[[60, 29], [0, 63], [22, 55]]
[[60, 29], [0, 63], [34, 3]]
[[60, 29], [0, 63], [34, 11]]
[[60, 29], [0, 63], [34, 23]]
[[60, 29], [0, 63], [34, 35]]
[[60, 29], [0, 63], [34, 43]]
[[60, 29], [0, 63], [34, 55]]
[[60, 29], [0, 63], [38, 3]]
[[60, 29], [0, 63], [38, 7]]
[[60, 29], [0, 63], [38, 35]]
[[60, 29], [0, 63], [38, 39]]
[[60, 29], [0, 63], [42, 11]]
[[60, 29], [0, 63], [42, 23]]
[[60, 29], [0, 63], [42, 43]]
[[60, 29], [0, 63], [42, 55]]
[[60, 29], [0, 63], [54, 23]]
[[60, 29], [0, 63], [54, 55]]
[[60, 29], [4, 1], [2, 3]]
[[60, 29], [4, 1], [2, 11]]
[[60, 29], [4, 1], [2, 23]]
[[60, 29], [4, 1], [2, 35]]
[[60, 29], [4, 1], [2, 43]]
[[60, 29], [4, 1], [2, 55]]
[[60, 29], [4, 1], [6, 3]]
[[60, 29], [4, 1], [6, 7]]
[[60, 29], [4, 1], [6, 35]]
[[60, 29], [4, 1], [6, 39]]
[[60, 29], [4, 1], [10, 11]]
[[60, 29], [4, 1], [10, 23]]
[[60, 29], [4, 1], [10, 43]]
[[60, 29], [4, 1], [10, 55]]
[[60, 29], [4, 1], [14, 7]]
[[60, 29], [4, 1], [14, 15]]
[[60, 29], [4, 1], [14, 39]]
[[60, 29], [4, 1], [14, 47]]
[[60, 29], [4, 1], [34, 3]]
[[60, 29], [4, 1], [34, 11]]
[[60, 29], [4, 1], [34, 23]]
[[60, 29], [4, 1], [34, 35]]
[[60, 29], [4, 1], [34, 43]]
[[60, 29], [4, 1], [34, 55]]
[[60, 29], [4, 1], [38, 3]]
[[60, 29], [4, 1], [38, 7]]
[[60, 29], [4, 1], [38, 35]]
[[60, 29], [4, 1], [38, 39]]
[[60, 29], [4, 1], [42, 11]]
[[60, 29], [4, 1], [42, 23]]
[[60, 29], [4, 1], [42, 43]]
[[60, 29], [4, 1], [42, 55]]
[[60, 29], [4, 1], [46, 7]]
[[60, 29], [4, 1], [46, 15]]
[[60, 29], [4, 1], [46, 39]]
[[60, 29], [4, 1], [46, 47]]
[[60, 29], [4, 5], [6, 3]]
[[60, 29], [4, 5], [6, 7]]
[[60, 29], [4, 5], [6, 35]]
[[60, 29], [4, 5], [6, 39]]
[[60, 29], [4, 5], [14, 7]]
[[60, 29], [4, 5], [14, 15]]
[[60, 29], [4, 5], [14, 39]]
[[60, 29], [4, 5], [14, 47]]
[[60, 29], [4, 5], [18, 15]]
[[60, 29], [4, 5], [18, 19]]
[[60, 29], [4, 5], [18, 47]]
[[60, 29], [4, 5], [18, 51]]
[[60, 29], [4, 5], [38, 3]]
[[60, 29], [4, 5], [38, 7]]
[[60, 29], [4, 5], [38, 35]]
[[60, 29], [4, 5], [38, 39]]
[[60, 29], [4, 5], [46, 7]]
[[60, 29], [4, 5], [46, 15]]
[[60, 29], [4, 5], [46, 39]]
[[60, 29], [4, 5], [46, 47]]
[[60, 29], [4, 5], [50, 15]]
[[60, 29], [4, 5], [50, 19]]
[[60, 29], [4, 5], [50, 47]]
[[60, 29], [4, 5], [50, 51]]
[[60, 29], [4, 33], [2, 3]]
[[60, 29], [4, 33], [2, 11]]
[[60, 29], [4, 33], [2, 23]]
[[60, 29], [4, 33], [2, 35]]
[[60, 29], [4, 33], [2, 43]]
[[60, 29], [4, 33], [2, 55]]
[[60, 29], [4, 33], [6, 3]]
[[60, 29], [4, 33], [6, 7]]
[[60, 29], [4, 33], [6, 35]]
[[60, 29], [4, 33], [6, 39]]
[[60, 29], [4, 33], [10, 11]]
[[60, 29], [4, 33], [10, 23]]
[[60, 29], [4, 33], [10, 43]]
[[60, 29], [4, 33], [10, 55]]
[[60, 29], [4, 33], [14, 7]]
[[60, 29], [4, 33], [14, 15]]
[[60, 29], [4, 33], [14, 39]]
[[60, 29], [4, 33], [14, 47]]
[[60, 29], [4, 33], [34, 3]]
[[60, 29], [4, 33], [34, 11]]
[[60, 29], [4, 33], [34, 23]]
[[60, 29], [4, 33], [34, 35]]
[[60, 29], [4, 33], [34, 43]]
[[60, 29], [4, 33], [34, 55]]
[[60, 29], [4, 33], [38, 3]]
[[60, 29], [4, 33], [38, 7]]
[[60, 29], [4, 33], [38, 35]]
[[60, 29], [4, 33], [38, 39]]
[[60, 29], [4, 33], [42, 11]]
[[60, 29], [4, 33], [42, 23]]
[[60, 29], [4, 33], [42, 43]]
[[60, 29], [4, 33], [42, 55]]
[[60, 29], [4, 33], [46, 7]]
[[60, 29], [4, 33], [46, 15]]
[[60, 29], [4, 33], [46, 39]]
[[60, 29], [4, 33], [46, 47]]
[[60, 29], [4, 37], [6, 3]]
[[60, 29], [4, 37], [6, 7]]
[[60, 29], [4, 37], [6, 35]]
[[60, 29], [4, 37], [6, 39]]
[[60, 29], [4, 37], [14, 7]]
[[60, 29], [4, 37], [14, 15]]
[[60, 29], [4, 37], [14, 39]]
[[60, 29], [4, 37], [14, 47]]
[[60, 29], [4, 37], [18, 15]]
[[60, 29], [4, 37], [18, 19]]
[[60, 29], [4, 37], [18, 47]]
[[60, 29], [4, 37], [18, 51]]
[[60, 29], [4, 37], [38, 3]]
[[60, 29], [4, 37], [38, 7]]
[[60, 29], [4, 37], [38, 35]]
[[60, 29], [4, 37], [38, 39]]
[[60, 29], [4, 37], [46, 7]]
[[60, 29], [4, 37], [46, 15]]
[[60, 29], [4, 37], [46, 39]]
[[60, 29], [4, 37], [46, 47]]
[[60, 29], [4, 37], [50, 15]]
[[60, 29], [4, 37], [50, 19]]
[[60, 29], [4, 37], [50, 47]]
[[60, 29], [4, 37], [50, 51]]
[[60, 29], [8, 9], [2, 3]]
[[60, 29], [8, 9], [2, 11]]
[[60, 29], [8, 9], [2, 23]]
[[60, 29], [8, 9], [2, 35]]
[[60, 29], [8, 9], [2, 43]]
[[60, 29], [8, 9], [2, 55]]
[[60, 29], [8, 9], [6, 3]]
[[60, 29], [8, 9], [6, 7]]
[[60, 29], [8, 9], [6, 35]]
[[60, 29], [8, 9], [6, 39]]
[[60, 29], [8, 9], [10, 11]]
[[60, 29], [8, 9], [10, 23]]
[[60, 29], [8, 9], [10, 43]]
[[60, 29], [8, 9], [10, 55]]
[[60, 29], [8, 9], [22, 23]]
[[60, 29], [8, 9], [22, 55]]
[[60, 29], [8, 9], [34, 3]]
[[60, 29], [8, 9], [34, 11]]
[[60, 29], [8, 9], [34, 23]]
[[60, 29], [8, 9], [34, 35]]
[[60, 29], [8, 9], [34, 43]]
[[60, 29], [8, 9], [34, 55]]
[[60, 29], [8, 9], [38, 3]]
[[60, 29], [8, 9], [38, 7]]
[[60, 29], [8, 9], [38, 35]]
[[60, 29], [8, 9], [38, 39]]
[[60, 29], [8, 9], [42, 11]]
[[60, 29], [8, 9], [42, 23]]
[[60, 29], [8, 9], [42, 43]]
[[60, 29], [8, 9], [42, 55]]
[[60, 29], [8, 9], [54, 23]]
[[60, 29], [8, 9], [54, 55]]
[[60, 29], [8, 21], [2, 3]]
[[60, 29], [8, 21], [2, 11]]
[[60, 29], [8, 21], [2, 23]]
[[60, 29], [8, 21], [2, 35]]
[[60, 29], [8, 21], [2, 43]]
[[60, 29], [8, 21], [2, 55]]
[[60, 29], [8, 21], [6, 3]]
[[60, 29], [8, 21], [6, 7]]
[[60, 29], [8, 21], [6, 35]]
[[60, 29], [8, 21], [6, 39]]
[[60, 29], [8, 21], [10, 11]]
[[60, 29], [8, 21], [10, 23]]
[[60, 29], [8, 21], [10, 43]]
[[60, 29], [8, 21], [10, 55]]
[[60, 29], [8, 21], [22, 23]]
[[60, 29], [8, 21], [22, 55]]
[[60, 29], [8, 21], [34, 3]]
[[60, 29], [8, 21], [34, 11]]
[[60, 29], [8, 21], [34, 23]]
[[60, 29], [8, 21], [34, 35]]
[[60, 29], [8, 21], [34, 43]]
[[60, 29], [8, 21], [34, 55]]
[[60, 29], [8, 21], [38, 3]]
[[60, 29], [8, 21], [38, 7]]
[[60, 29], [8, 21], [38, 35]]
[[60, 29], [8, 21], [38, 39]]
[[60, 29], [8, 21], [42, 11]]
[[60, 29], [8, 21], [42, 23]]
[[60, 29], [8, 21], [42, 43]]
[[60, 29], [8, 21], [42, 55]]
[[60, 29], [8, 21], [54, 23]]
[[60, 29], [8, 21], [54, 55]]
[[60, 29], [8, 41], [2, 3]]
[[60, 29], [8, 41], [2, 11]]
[[60, 29], [8, 41], [2, 23]]
[[60, 29], [8, 41], [2, 35]]
[[60, 29], [8, 41], [2, 43]]
[[60, 29], [8, 41], [2, 55]]
[[60, 29], [8, 41], [6, 3]]
[[60, 29], [8, 41], [6, 7]]
[[60, 29], [8, 41], [6, 35]]
[[60, 29], [8, 41], [6, 39]]
[[60, 29], [8, 41], [10, 11]]
[[60, 29], [8, 41], [10, 23]]
[[60, 29], [8, 41], [10, 43]]
[[60, 29], [8, 41], [10, 55]]
[[60, 29], [8, 41], [22, 23]]
[[60, 29], [8, 41], [22, 55]]
[[60, 29], [8, 41], [34, 3]]
[[60, 29], [8, 41], [34, 11]]
[[60, 29], [8, 41], [34, 23]]
[[60, 29], [8, 41], [34, 35]]
[[60, 29], [8, 41], [34, 43]]
[[60, 29], [8, 41], [34, 55]]
[[60, 29], [8, 41], [38, 3]]
[[60, 29], [8, 41], [38, 7]]
[[60, 29], [8, 41], [38, 35]]
[[60, 29], [8, 41], [38, 39]]
[[60, 29], [8, 41], [42, 11]]
[[60, 29], [8, 41], [42, 23]]
[[60, 29], [8, 41], [42, 43]]
[[60, 29], [8, 41], [42, 55]]
[[60, 29], [8, 41], [54, 23]]
[[60, 29], [8, 41], [54, 55]]
[[60, 29], [8, 53], [2, 3]]
[[60, 29], [8, 53], [2, 11]]
[[60, 29], [8, 53], [2, 23]]
[[60, 29], [8, 53], [2, 35]]
[[60, 29], [8, 53], [2, 43]]
[[60, 29], [8, 53], [2, 55]]
[[60, 29], [8, 53], [6, 3]]
[[60, 29], [8, 53], [6, 7]]
[[60, 29], [8, 53], [6, 35]]
[[60, 29], [8, 53], [6, 39]]
[[60, 29], [8, 53], [10, 11]]
[[60, 29], [8, 53], [10, 23]]
[[60, 29], [8, 53], [10, 43]]
[[60, 29], [8, 53], [10, 55]]
[[60, 29], [8, 53], [22, 23]]
[[60, 29], [8, 53], [22, 55]]
[[60, 29], [8, 53], [34, 3]]
[[60, 29], [8, 53], [34, 11]]
[[60, 29], [8, 53], [34, 23]]
[[60, 29], [8, 53], [34, 35]]
[[60, 29], [8, 53], [34, 43]]
[[60, 29], [8, 53], [34, 55]]
[[60, 29], [8, 53], [38, 3]]
[[60, 29], [8, 53], [38, 7]]
[[60, 29], [8, 53], [38, 35]]
[[60, 29], [8, 53], [38, 39]]
[[60, 29], [8, 53], [42, 11]]
[[60, 29], [8, 53], [42, 23]]
[[60, 29], [8, 53], [42, 43]]
[[60, 29], [8, 53], [42, 55]]
[[60, 29], [8, 53], [54, 23]]
[[60, 29], [8, 53], [54, 55]]
[[60, 29], [20, 9], [2, 3]]
[[60, 29], [20, 9], [2, 11]]
[[60, 29], [20, 9], [2, 23]]
[[60, 29], [20, 9], [2, 35]]
[[60, 29], [20, 9], [2, 43]]
[[60, 29], [20, 9], [2, 55]]
[[60, 29], [20, 9], [6, 3]]
[[60, 29], [20, 9], [6, 7]]
[[60, 29], [20, 9], [6, 35]]
[[60, 29], [20, 9], [6, 39]]
[[60, 29], [20, 9], [10, 11]]
[[60, 29], [20, 9], [10, 23]]
[[60, 29], [20, 9], [10, 43]]
[[60, 29], [20, 9], [10, 55]]
[[60, 29], [20, 9], [22, 23]]
[[60, 29], [20, 9], [22, 55]]
[[60, 29], [20, 9], [34, 3]]
[[60, 29], [20, 9], [34, 11]]
[[60, 29], [20, 9], [34, 23]]
[[60, 29], [20, 9], [34, 35]]
[[60, 29], [20, 9], [34, 43]]
[[60, 29], [20, 9], [34, 55]]
[[60, 29], [20, 9], [38, 3]]
[[60, 29], [20, 9], [38, 7]]
[[60, 29], [20, 9], [38, 35]]
[[60, 29], [20, 9], [38, 39]]
[[60, 29], [20, 9], [42, 11]]
[[60, 29], [20, 9], [42, 23]]
[[60, 29], [20, 9], [42, 43]]
[[60, 29], [20, 9], [42, 55]]
[[60, 29], [20, 9], [54, 23]]
[[60, 29], [20, 9], [54, 55]]
[[60, 29], [20, 21], [2, 3]]
[[60, 29], [20, 21], [2, 11]]
[[60, 29], [20, 21], [2, 23]]
[[60, 29], [20, 21], [2, 35]]
[[60, 29], [20, 21], [2, 43]]
[[60, 29], [20, 21], [2, 55]]
[[60, 29], [20, 21], [6, 3]]
[[60, 29], [20, 21], [6, 7]]
[[60, 29], [20, 21], [6, 35]]
[[60, 29], [20, 21], [6, 39]]
[[60, 29], [20, 21], [10, 11]]
[[60, 29], [20, 21], [10, 23]]
[[60, 29], [20, 21], [10, 43]]
[[60, 29], [20, 21], [10, 55]]
[[60, 29], [20, 21], [22, 23]]
[[60, 29], [20, 21], [22, 55]]
[[60, 29], [20, 21], [34, 3]]
[[60, 29], [20, 21], [34, 11]]
[[60, 29], [20, 21], [34, 23]]
[[60, 29], [20, 21], [34, 35]]
[[60, 29], [20, 21], [34, 43]]
[[60, 29], [20, 21], [34, 55]]
[[60, 29], [20, 21], [38, 3]]
[[60, 29], [20, 21], [38, 7]]
[[60, 29], [20, 21], [38, 35]]
[[60, 29], [20, 21], [38, 39]]
[[60, 29], [20, 21], [42, 11]]
[[60, 29], [20, 21], [42, 23]]
[[60, 29], [20, 21], [42, 43]]
[[60, 29], [20, 21], [42, 55]]
[[60, 29], [20, 21], [54, 23]]
[[60, 29], [20, 21], [54, 55]]
[[60, 29], [20, 41], [2, 3]]
[[60, 29], [20, 41], [2, 11]]
[[60, 29], [20, 41], [2, 23]]
[[60, 29], [20, 41], [2, 35]]
[[60, 29], [20, 41], [2, 43]]
[[60, 29], [20, 41], [2, 55]]
[[60, 29], [20, 41], [6, 3]]
[[60, 29], [20, 41], [6, 7]]
[[60, 29], [20, 41], [6, 35]]
[[60, 29], [20, 41], [6, 39]]
[[60, 29], [20, 41], [10, 11]]
[[60, 29], [20, 41], [10, 23]]
[[60, 29], [20, 41], [10, 43]]
[[60, 29], [20, 41], [10, 55]]
[[60, 29], [20, 41], [22, 23]]
[[60, 29], [20, 41], [22, 55]]
[[60, 29], [20, 41], [34, 3]]
[[60, 29], [20, 41], [34, 11]]
[[60, 29], [20, 41], [34, 23]]
[[60, 29], [20, 41], [34, 35]]
[[60, 29], [20, 41], [34, 43]]
[[60, 29], [20, 41], [34, 55]]
[[60, 29], [20, 41], [38, 3]]
[[60, 29], [20, 41], [38, 7]]
[[60, 29], [20, 41], [38, 35]]
[[60, 29], [20, 41], [38, 39]]
[[60, 29], [20, 41], [42, 11]]
[[60, 29], [20, 41], [42, 23]]
[[60, 29], [20, 41], [42, 43]]
[[60, 29], [20, 41], [42, 55]]
[[60, 29], [20, 41], [54, 23]]
[[60, 29], [20, 41], [54, 55]]
[[60, 29], [20, 53], [2, 3]]
[[60, 29], [20, 53], [2, 11]]
[[60, 29], [20, 53], [2, 23]]
[[60, 29], [20, 53], [2, 35]]
[[60, 29], [20, 53], [2, 43]]
[[60, 29], [20, 53], [2, 55]]
[[60, 29], [20, 53], [6, 3]]
[[60, 29], [20, 53], [6, 7]]
[[60, 29], [20, 53], [6, 35]]
[[60, 29], [20, 53], [6, 39]]
[[60, 29], [20, 53], [10, 11]]
[[60, 29], [20, 53], [10, 23]]
[[60, 29], [20, 53], [10, 43]]
[[60, 29], [20, 53], [10, 55]]
[[60, 29], [20, 53], [22, 23]]
[[60, 29], [20, 53], [22, 55]]
[[60, 29], [20, 53], [34, 3]]
[[60, 29], [20, 53], [34, 11]]
[[60, 29], [20, 53], [34, 23]]
[[60, 29], [20, 53], [34, 35]]
[[60, 29], [20, 53], [34, 43]]
[[60, 29], [20, 53], [34, 55]]
[[60, 29], [20, 53], [38, 3]]
[[60, 29], [20, 53], [38, 7]]
[[60, 29], [20, 53], [38, 35]]
[[60, 29], [20, 53], [38, 39]]
[[60, 29], [20, 53], [42, 11]]
[[60, 29], [20, 53], [42, 23]]
[[60, 29], [20, 53], [42, 43]]
[[60, 29], [20, 53], [42, 55]]
[[60, 29], [20, 53], [54, 23]]
[[60, 29], [20, 53], [54, 55]]
[[60, 29], [30, 9], [2, 3]]
[[60, 29], [30, 9], [2, 11]]
[[60, 29], [30, 9], [2, 23]]
[[60, 29], [30, 9], [2, 35]]
[[60, 29], [30, 9], [2, 43]]
[[60, 29], [30, 9], [2, 55]]
[[60, 29], [30, 9], [6, 3]]
[[60, 29], [30, 9], [6, 7]]
[[60, 29], [30, 9], [6, 35]]
[[60, 29], [30, 9], [6, 39]]
[[60, 29], [30, 9], [10, 11]]
[[60, 29], [30, 9], [10, 23]]
[[60, 29], [30, 9], [10, 43]]
[[60, 29], [30, 9], [10, 55]]
[[60, 29], [30, 9], [22, 23]]
[[60, 29], [30, 9], [22, 55]]
[[60, 29], [30, 9], [34, 3]]
[[60, 29], [30, 9], [34, 11]]
[[60, 29], [30, 9], [34, 23]]
[[60, 29], [30, 9], [34, 35]]
[[60, 29], [30, 9], [34, 43]]
[[60, 29], [30, 9], [34, 55]]
[[60, 29], [30, 9], [38, 3]]
[[60, 29], [30, 9], [38, 7]]
[[60, 29], [30, 9], [38, 35]]
[[60, 29], [30, 9], [38, 39]]
[[60, 29], [30, 9], [42, 11]]
[[60, 29], [30, 9], [42, 23]]
[[60, 29], [30, 9], [42, 43]]
[[60, 29], [30, 9], [42, 55]]
[[60, 29], [30, 9], [54, 23]]
[[60, 29], [30, 9], [54, 55]]
[[60, 29], [30, 21], [2, 3]]
[[60, 29], [30, 21], [2, 11]]
[[60, 29], [30, 21], [2, 23]]
[[60, 29], [30, 21], [2, 35]]
[[60, 29], [30, 21], [2, 43]]
[[60, 29], [30, 21], [2, 55]]
[[60, 29], [30, 21], [6, 3]]
[[60, 29], [30, 21], [6, 7]]
[[60, 29], [30, 21], [6, 35]]
[[60, 29], [30, 21], [6, 39]]
[[60, 29], [30, 21], [10, 11]]
[[60, 29], [30, 21], [10, 23]]
[[60, 29], [30, 21], [10, 43]]
[[60, 29], [30, 21], [10, 55]]
[[60, 29], [30, 21], [22, 23]]
[[60, 29], [30, 21], [22, 55]]
[[60, 29], [30, 21], [34, 3]]
[[60, 29], [30, 21], [34, 11]]
[[60, 29], [30, 21], [34, 23]]
[[60, 29], [30, 21], [34, 35]]
[[60, 29], [30, 21], [34, 43]]
[[60, 29], [30, 21], [34, 55]]
[[60, 29], [30, 21], [38, 3]]
[[60, 29], [30, 21], [38, 7]]
[[60, 29], [30, 21], [38, 35]]
[[60, 29], [30, 21], [38, 39]]
[[60, 29], [30, 21], [42, 11]]
[[60, 29], [30, 21], [42, 23]]
[[60, 29], [30, 21], [42, 43]]
[[60, 29], [30, 21], [42, 55]]
[[60, 29], [30, 21], [54, 23]]
[[60, 29], [30, 21], [54, 55]]
[[60, 29], [30, 31], [2, 3]]
[[60, 29], [30, 31], [2, 11]]
[[60, 29], [30, 31], [2, 23]]
[[60, 29], [30, 31], [2, 35]]
[[60, 29], [30, 31], [2, 43]]
[[60, 29], [30, 31], [2, 55]]
[[60, 29], [30, 31], [6, 3]]
[[60, 29], [30, 31], [6, 7]]
[[60, 29], [30, 31], [6, 35]]
[[60, 29], [30, 31], [6, 39]]
[[60, 29], [30, 31], [10, 11]]
[[60, 29], [30, 31], [10, 23]]
[[60, 29], [30, 31], [10, 43]]
[[60, 29], [30, 31], [10, 55]]
[[60, 29], [30, 31], [22, 23]]
[[60, 29], [30, 31], [22, 55]]
[[60, 29], [30, 31], [34, 3]]
[[60, 29], [30, 31], [34, 11]]
[[60, 29], [30, 31], [34, 23]]
[[60, 29], [30, 31], [34, 35]]
[[60, 29], [30, 31], [34, 43]]
[[60, 29], [30, 31], [34, 55]]
[[60, 29], [30, 31], [38, 3]]
[[60, 29], [30, 31], [38, 7]]
[[60, 29], [30, 31], [38, 35]]
[[60, 29], [30, 31], [38, 39]]
[[60, 29], [30, 31], [42, 11]]
[[60, 29], [30, 31], [42, 23]]
[[60, 29], [30, 31], [42, 43]]
[[60, 29], [30, 31], [42, 55]]
[[60, 29], [30, 31], [54, 23]]
[[60, 29], [30, 31], [54, 55]]
[[60, 29], [30, 41], [2, 3]]
[[60, 29], [30, 41], [2, 11]]
[[60, 29], [30, 41], [2, 23]]
[[60, 29], [30, 41], [2, 35]]
[[60, 29], [30, 41], [2, 43]]
[[60, 29], [30, 41], [2, 55]]
[[60, 29], [30, 41], [6, 3]]
[[60, 29], [30, 41], [6, 7]]
[[60, 29], [30, 41], [6, 35]]
[[60, 29], [30, 41], [6, 39]]
[[60, 29], [30, 41], [10, 11]]
[[60, 29], [30, 41], [10, 23]]
[[60, 29], [30, 41], [10, 43]]
[[60, 29], [30, 41], [10, 55]]
[[60, 29], [30, 41], [22, 23]]
[[60, 29], [30, 41], [22, 55]]
[[60, 29], [30, 41], [34, 3]]
[[60, 29], [30, 41], [34, 11]]
[[60, 29], [30, 41], [34, 23]]
[[60, 29], [30, 41], [34, 35]]
[[60, 29], [30, 41], [34, 43]]
[[60, 29], [30, 41], [34, 55]]
[[60, 29], [30, 41], [38, 3]]
[[60, 29], [30, 41], [38, 7]]
[[60, 29], [30, 41], [38, 35]]
[[60, 29], [30, 41], [38, 39]]
[[60, 29], [30, 41], [42, 11]]
[[60, 29], [30, 41], [42, 23]]
[[60, 29], [30, 41], [42, 43]]
[[60, 29], [30, 41], [42, 55]]
[[60, 29], [30, 41], [54, 23]]
[[60, 29], [30, 41], [54, 55]]
[[60, 29], [30, 53], [2, 3]]
[[60, 29], [30, 53], [2, 11]]
[[60, 29], [30, 53], [2, 23]]
[[60, 29], [30, 53], [2, 35]]
[[60, 29], [30, 53], [2, 43]]
[[60, 29], [30, 53], [2, 55]]
[[60, 29], [30, 53], [6, 3]]
[[60, 29], [30, 53], [6, 7]]
[[60, 29], [30, 53], [6, 35]]
[[60, 29], [30, 53], [6, 39]]
[[60, 29], [30, 53], [10, 11]]
[[60, 29], [30, 53], [10, 23]]
[[60, 29], [30, 53], [10, 43]]
[[60, 29], [30, 53], [10, 55]]
[[60, 29], [30, 53], [22, 23]]
[[60, 29], [30, 53], [22, 55]]
[[60, 29], [30, 53], [34, 3]]
[[60, 29], [30, 53], [34, 11]]
[[60, 29], [30, 53], [34, 23]]
[[60, 29], [30, 53], [34, 35]]
[[60, 29], [30, 53], [34, 43]]
[[60, 29], [30, 53], [34, 55]]
[[60, 29], [30, 53], [38, 3]]
[[60, 29], [30, 53], [38, 7]]
[[60, 29], [30, 53], [38, 35]]
[[60, 29], [30, 53], [38, 39]]
[[60, 29], [30, 53], [42, 11]]
[[60, 29], [30, 53], [42, 23]]
[[60, 29], [30, 53], [42, 43]]
[[60, 29], [30, 53], [42, 55]]
[[60, 29], [30, 53], [54, 23]]
[[60, 29], [30, 53], [54, 55]]
[[60, 29], [30, 63], [2, 3]]
[[60, 29], [30, 63], [2, 11]]
[[60, 29], [30, 63], [2, 23]]
[[60, 29], [30, 63], [2, 35]]
[[60, 29], [30, 63], [2, 43]]
[[60, 29], [30, 63], [2, 55]]
[[60, 29], [30, 63], [6, 3]]
[[60, 29], [30, 63], [6, 7]]
[[60, 29], [30, 63], [6, 35]]
[[60, 29], [30, 63], [6, 39]]
[[60, 29], [30, 63], [10, 11]]
[[60, 29], [30, 63], [10, 23]]
[[60, 29], [30, 63], [10, 43]]
[[60, 29], [30, 63], [10, 55]]
[[60, 29], [30, 63], [22, 23]]
[[60, 29], [30, 63], [22, 55]]
[[60, 29], [30, 63], [34, 3]]
[[60, 29], [30, 63], [34, 11]]
[[60, 29], [30, 63], [34, 23]]
[[60, 29], [30, 63], [34, 35]]
[[60, 29], [30, 63], [34, 43]]
[[60, 29], [30, 63], [34, 55]]
[[60, 29], [30, 63], [38, 3]]
[[60, 29], [30, 63], [38, 7]]
[[60, 29], [30, 63], [38, 35]]
[[60, 29], [30, 63], [38, 39]]
[[60, 29], [30, 63], [42, 11]]
[[60, 29], [30, 63], [42, 23]]
[[60, 29], [30, 63], [42, 43]]
[[60, 29], [30, 63], [42, 55]]
[[60, 29], [30, 63], [54, 23]]
[[60, 29], [30, 63], [54, 55]]
[[60, 29], [32, 1], [2, 3]]
[[60, 29], [32, 1], [2, 11]]
[[60, 29], [32, 1], [2, 23]]
[[60, 29], [32, 1], [2, 35]]
[[60, 29], [32, 1], [2, 43]]
[[60, 29], [32, 1], [2, 55]]
[[60, 29], [32, 1], [6, 3]]
[[60, 29], [32, 1], [6, 7]]
[[60, 29], [32, 1], [6, 35]]
[[60, 29], [32, 1], [6, 39]]
[[60, 29], [32, 1], [10, 11]]
[[60, 29], [32, 1], [10, 23]]
[[60, 29], [32, 1], [10, 43]]
[[60, 29], [32, 1], [10, 55]]
[[60, 29], [32, 1], [14, 7]]
[[60, 29], [32, 1], [14, 15]]
[[60, 29], [32, 1], [14, 39]]
[[60, 29], [32, 1], [14, 47]]
[[60, 29], [32, 1], [34, 3]]
[[60, 29], [32, 1], [34, 11]]
[[60, 29], [32, 1], [34, 23]]
[[60, 29], [32, 1], [34, 35]]
[[60, 29], [32, 1], [34, 43]]
[[60, 29], [32, 1], [34, 55]]
[[60, 29], [32, 1], [38, 3]]
[[60, 29], [32, 1], [38, 7]]
[[60, 29], [32, 1], [38, 35]]
[[60, 29], [32, 1], [38, 39]]
[[60, 29], [32, 1], [42, 11]]
[[60, 29], [32, 1], [42, 23]]
[[60, 29], [32, 1], [42, 43]]
[[60, 29], [32, 1], [42, 55]]
[[60, 29], [32, 1], [46, 7]]
[[60, 29], [32, 1], [46, 15]]
[[60, 29], [32, 1], [46, 39]]
[[60, 29], [32, 1], [46, 47]]
[[60, 29], [32, 9], [2, 3]]
[[60, 29], [32, 9], [2, 11]]
[[60, 29], [32, 9], [2, 23]]
[[60, 29], [32, 9], [2, 35]]
[[60, 29], [32, 9], [2, 43]]
[[60, 29], [32, 9], [2, 55]]
[[60, 29], [32, 9], [6, 3]]
[[60, 29], [32, 9], [6, 7]]
[[60, 29], [32, 9], [6, 35]]
[[60, 29], [32, 9], [6, 39]]
[[60, 29], [32, 9], [10, 11]]
[[60, 29], [32, 9], [10, 23]]
[[60, 29], [32, 9], [10, 43]]
[[60, 29], [32, 9], [10, 55]]
[[60, 29], [32, 9], [22, 23]]
[[60, 29], [32, 9], [22, 55]]
[[60, 29], [32, 9], [34, 3]]
[[60, 29], [32, 9], [34, 11]]
[[60, 29], [32, 9], [34, 23]]
[[60, 29], [32, 9], [34, 35]]
[[60, 29], [32, 9], [34, 43]]
[[60, 29], [32, 9], [34, 55]]
[[60, 29], [32, 9], [38, 3]]
[[60, 29], [32, 9], [38, 7]]
[[60, 29], [32, 9], [38, 35]]
[[60, 29], [32, 9], [38, 39]]
[[60, 29], [32, 9], [42, 11]]
[[60, 29], [32, 9], [42, 23]]
[[60, 29], [32, 9], [42, 43]]
[[60, 29], [32, 9], [42, 55]]
[[60, 29], [32, 9], [54, 23]]
[[60, 29], [32, 9], [54, 55]]
[[60, 29], [32, 21], [2, 3]]
[[60, 29], [32, 21], [2, 11]]
[[60, 29], [32, 21], [2, 23]]
[[60, 29], [32, 21], [2, 35]]
[[60, 29], [32, 21], [2, 43]]
[[60, 29], [32, 21], [2, 55]]
[[60, 29], [32, 21], [6, 3]]
[[60, 29], [32, 21], [6, 7]]
[[60, 29], [32, 21], [6, 35]]
[[60, 29], [32, 21], [6, 39]]
[[60, 29], [32, 21], [10, 11]]
[[60, 29], [32, 21], [10, 23]]
[[60, 29], [32, 21], [10, 43]]
[[60, 29], [32, 21], [10, 55]]
[[60, 29], [32, 21], [22, 23]]
[[60, 29], [32, 21], [22, 55]]
[[60, 29], [32, 21], [34, 3]]
[[60, 29], [32, 21], [34, 11]]
[[60, 29], [32, 21], [34, 23]]
[[60, 29], [32, 21], [34, 35]]
[[60, 29], [32, 21], [34, 43]]
[[60, 29], [32, 21], [34, 55]]
[[60, 29], [32, 21], [38, 3]]
[[60, 29], [32, 21], [38, 7]]
[[60, 29], [32, 21], [38, 35]]
[[60, 29], [32, 21], [38, 39]]
[[60, 29], [32, 21], [42, 11]]
[[60, 29], [32, 21], [42, 23]]
[[60, 29], [32, 21], [42, 43]]
[[60, 29], [32, 21], [42, 55]]
[[60, 29], [32, 21], [54, 23]]
[[60, 29], [32, 21], [54, 55]]
[[60, 29], [32, 31], [2, 3]]
[[60, 29], [32, 31], [2, 11]]
[[60, 29], [32, 31], [2, 23]]
[[60, 29], [32, 31], [2, 35]]
[[60, 29], [32, 31], [2, 43]]
[[60, 29], [32, 31], [2, 55]]
[[60, 29], [32, 31], [6, 3]]
[[60, 29], [32, 31], [6, 7]]
[[60, 29], [32, 31], [6, 35]]
[[60, 29], [32, 31], [6, 39]]
[[60, 29], [32, 31], [10, 11]]
[[60, 29], [32, 31], [10, 23]]
[[60, 29], [32, 31], [10, 43]]
[[60, 29], [32, 31], [10, 55]]
[[60, 29], [32, 31], [22, 23]]
[[60, 29], [32, 31], [22, 55]]
[[60, 29], [32, 31], [34, 3]]
[[60, 29], [32, 31], [34, 11]]
[[60, 29], [32, 31], [34, 23]]
[[60, 29], [32, 31], [34, 35]]
[[60, 29], [32, 31], [34, 43]]
[[60, 29], [32, 31], [34, 55]]
[[60, 29], [32, 31], [38, 3]]
[[60, 29], [32, 31], [38, 7]]
[[60, 29], [32, 31], [38, 35]]
[[60, 29], [32, 31], [38, 39]]
[[60, 29], [32, 31], [42, 11]]
[[60, 29], [32, 31], [42, 23]]
[[60, 29], [32, 31], [42, 43]]
[[60, 29], [32, 31], [42, 55]]
[[60, 29], [32, 31], [54, 23]]
[[60, 29], [32, 31], [54, 55]]
[[60, 29], [32, 33], [2, 3]]
[[60, 29], [32, 33], [2, 11]]
[[60, 29], [32, 33], [2, 23]]
[[60, 29], [32, 33], [2, 35]]
[[60, 29], [32, 33], [2, 43]]
[[60, 29], [32, 33], [2, 55]]
[[60, 29], [32, 33], [6, 3]]
[[60, 29], [32, 33], [6, 7]]
[[60, 29], [32, 33], [6, 35]]
[[60, 29], [32, 33], [6, 39]]
[[60, 29], [32, 33], [10, 11]]
[[60, 29], [32, 33], [10, 23]]
[[60, 29], [32, 33], [10, 43]]
[[60, 29], [32, 33], [10, 55]]
[[60, 29], [32, 33], [14, 7]]
[[60, 29], [32, 33], [14, 15]]
[[60, 29], [32, 33], [14, 39]]
[[60, 29], [32, 33], [14, 47]]
[[60, 29], [32, 33], [34, 3]]
[[60, 29], [32, 33], [34, 11]]
[[60, 29], [32, 33], [34, 23]]
[[60, 29], [32, 33], [34, 35]]
[[60, 29], [32, 33], [34, 43]]
[[60, 29], [32, 33], [34, 55]]
[[60, 29], [32, 33], [38, 3]]
[[60, 29], [32, 33], [38, 7]]
[[60, 29], [32, 33], [38, 35]]
[[60, 29], [32, 33], [38, 39]]
[[60, 29], [32, 33], [42, 11]]
[[60, 29], [32, 33], [42, 23]]
[[60, 29], [32, 33], [42, 43]]
[[60, 29], [32, 33], [42, 55]]
[[60, 29], [32, 33], [46, 7]]
[[60, 29], [32, 33], [46, 15]]
[[60, 29], [32, 33], [46, 39]]
[[60, 29], [32, 33], [46, 47]]
[[60, 29], [32, 41], [2, 3]]
[[60, 29], [32, 41], [2, 11]]
[[60, 29], [32, 41], [2, 23]]
[[60, 29], [32, 41], [2, 35]]
[[60, 29], [32, 41], [2, 43]]
[[60, 29], [32, 41], [2, 55]]
[[60, 29], [32, 41], [6, 3]]
[[60, 29], [32, 41], [6, 7]]
[[60, 29], [32, 41], [6, 35]]
[[60, 29], [32, 41], [6, 39]]
[[60, 29], [32, 41], [10, 11]]
[[60, 29], [32, 41], [10, 23]]
[[60, 29], [32, 41], [10, 43]]
[[60, 29], [32, 41], [10, 55]]
[[60, 29], [32, 41], [22, 23]]
[[60, 29], [32, 41], [22, 55]]
[[60, 29], [32, 41], [34, 3]]
[[60, 29], [32, 41], [34, 11]]
[[60, 29], [32, 41], [34, 23]]
[[60, 29], [32, 41], [34, 35]]
[[60, 29], [32, 41], [34, 43]]
[[60, 29], [32, 41], [34, 55]]
[[60, 29], [32, 41], [38, 3]]
[[60, 29], [32, 41], [38, 7]]
[[60, 29], [32, 41], [38, 35]]
[[60, 29], [32, 41], [38, 39]]
[[60, 29], [32, 41], [42, 11]]
[[60, 29], [32, 41], [42, 23]]
[[60, 29], [32, 41], [42, 43]]
[[60, 29], [32, 41], [42, 55]]
[[60, 29], [32, 41], [54, 23]]
[[60, 29], [32, 41], [54, 55]]
[[60, 29], [32, 53], [2, 3]]
[[60, 29], [32, 53], [2, 11]]
[[60, 29], [32, 53], [2, 23]]
[[60, 29], [32, 53], [2, 35]]
[[60, 29], [32, 53], [2, 43]]
[[60, 29], [32, 53], [2, 55]]
[[60, 29], [32, 53], [6, 3]]
[[60, 29], [32, 53], [6, 7]]
[[60, 29], [32, 53], [6, 35]]
[[60, 29], [32, 53], [6, 39]]
[[60, 29], [32, 53], [10, 11]]
[[60, 29], [32, 53], [10, 23]]
[[60, 29], [32, 53], [10, 43]]
[[60, 29], [32, 53], [10, 55]]
[[60, 29], [32, 53], [22, 23]]
[[60, 29], [32, 53], [22, 55]]
[[60, 29], [32, 53], [34, 3]]
[[60, 29], [32, 53], [34, 11]]
[[60, 29], [32, 53], [34, 23]]
[[60, 29], [32, 53], [34, 35]]
[[60, 29], [32, 53], [34, 43]]
[[60, 29], [32, 53], [34, 55]]
[[60, 29], [32, 53], [38, 3]]
[[60, 29], [32, 53], [38, 7]]
[[60, 29], [32, 53], [38, 35]]
[[60, 29], [32, 53], [38, 39]]
[[60, 29], [32, 53], [42, 11]]
[[60, 29], [32, 53], [42, 23]]
[[60, 29], [32, 53], [42, 43]]
[[60, 29], [32, 53], [42, 55]]
[[60, 29], [32, 53], [54, 23]]
[[60, 29], [32, 53], [54, 55]]
[[60, 29], [32, 63], [2, 3]]
[[60, 29], [32, 63], [2, 11]]
[[60, 29], [32, 63], [2, 23]]
[[60, 29], [32, 63], [2, 35]]
[[60, 29], [32, 63], [2, 43]]
[[60, 29], [32, 63], [2, 55]]
[[60, 29], [32, 63], [6, 3]]
[[60, 29], [32, 63], [6, 7]]
[[60, 29], [32, 63], [6, 35]]
[[60, 29], [32, 63], [6, 39]]
[[60, 29], [32, 63], [10, 11]]
[[60, 29], [32, 63], [10, 23]]
[[60, 29], [32, 63], [10, 43]]
[[60, 29], [32, 63], [10, 55]]
[[60, 29], [32, 63], [22, 23]]
[[60, 29], [32, 63], [22, 55]]
[[60, 29], [32, 63], [34, 3]]
[[60, 29], [32, 63], [34, 11]]
[[60, 29], [32, 63], [34, 23]]
[[60, 29], [32, 63], [34, 35]]
[[60, 29], [32, 63], [34, 43]]
[[60, 29], [32, 63], [34, 55]]
[[60, 29], [32, 63], [38, 3]]
[[60, 29], [32, 63], [38, 7]]
[[60, 29], [32, 63], [38, 35]]
[[60, 29], [32, 63], [38, 39]]
[[60, 29], [32, 63], [42, 11]]
[[60, 29], [32, 63], [42, 23]]
[[60, 29], [32, 63], [42, 43]]
[[60, 29], [32, 63], [42, 55]]
[[60, 29], [32, 63], [54, 23]]
[[60, 29], [32, 63], [54, 55]]
[[60, 29], [36, 1], [2, 3]]
[[60, 29], [36, 1], [2, 11]]
[[60, 29], [36, 1], [2, 23]]
[[60, 29], [36, 1], [2, 35]]
[[60, 29], [36, 1], [2, 43]]
[[60, 29], [36, 1], [2, 55]]
[[60, 29], [36, 1], [6, 3]]
[[60, 29], [36, 1], [6, 7]]
[[60, 29], [36, 1], [6, 35]]
[[60, 29], [36, 1], [6, 39]]
[[60, 29], [36, 1], [10, 11]]
[[60, 29], [36, 1], [10, 23]]
[[60, 29], [36, 1], [10, 43]]
[[60, 29], [36, 1], [10, 55]]
[[60, 29], [36, 1], [14, 7]]
[[60, 29], [36, 1], [14, 15]]
[[60, 29], [36, 1], [14, 39]]
[[60, 29], [36, 1], [14, 47]]
[[60, 29], [36, 1], [34, 3]]
[[60, 29], [36, 1], [34, 11]]
[[60, 29], [36, 1], [34, 23]]
[[60, 29], [36, 1], [34, 35]]
[[60, 29], [36, 1], [34, 43]]
[[60, 29], [36, 1], [34, 55]]
[[60, 29], [36, 1], [38, 3]]
[[60, 29], [36, 1], [38, 7]]
[[60, 29], [36, 1], [38, 35]]
[[60, 29], [36, 1], [38, 39]]
[[60, 29], [36, 1], [42, 11]]
[[60, 29], [36, 1], [42, 23]]
[[60, 29], [36, 1], [42, 43]]
[[60, 29], [36, 1], [42, 55]]
[[60, 29], [36, 1], [46, 7]]
[[60, 29], [36, 1], [46, 15]]
[[60, 29], [36, 1], [46, 39]]
[[60, 29], [36, 1], [46, 47]]
[[60, 29], [36, 5], [6, 3]]
[[60, 29], [36, 5], [6, 7]]
[[60, 29], [36, 5], [6, 35]]
[[60, 29], [36, 5], [6, 39]]
[[60, 29], [36, 5], [14, 7]]
[[60, 29], [36, 5], [14, 15]]
[[60, 29], [36, 5], [14, 39]]
[[60, 29], [36, 5], [14, 47]]
[[60, 29], [36, 5], [18, 15]]
[[60, 29], [36, 5], [18, 19]]
[[60, 29], [36, 5], [18, 47]]
[[60, 29], [36, 5], [18, 51]]
[[60, 29], [36, 5], [38, 3]]
[[60, 29], [36, 5], [38, 7]]
[[60, 29], [36, 5], [38, 35]]
[[60, 29], [36, 5], [38, 39]]
[[60, 29], [36, 5], [46, 7]]
[[60, 29], [36, 5], [46, 15]]
[[60, 29], [36, 5], [46, 39]]
[[60, 29], [36, 5], [46, 47]]
[[60, 29], [36, 5], [50, 15]]
[[60, 29], [36, 5], [50, 19]]
[[60, 29], [36, 5], [50, 47]]
[[60, 29], [36, 5], [50, 51]]
[[60, 29], [36, 33], [2, 3]]
[[60, 29], [36, 33], [2, 11]]
[[60, 29], [36, 33], [2, 23]]
[[60, 29], [36, 33], [2, 35]]
[[60, 29], [36, 33], [2, 43]]
[[60, 29], [36, 33], [2, 55]]
[[60, 29], [36, 33], [6, 3]]
[[60, 29], [36, 33], [6, 7]]
[[60, 29], [36, 33], [6, 35]]
[[60, 29], [36, 33], [6, 39]]
[[60, 29], [36, 33], [10, 11]]
[[60, 29], [36, 33], [10, 23]]
[[60, 29], [36, 33], [10, 43]]
[[60, 29], [36, 33], [10, 55]]
[[60, 29], [36, 33], [14, 7]]
[[60, 29], [36, 33], [14, 15]]
[[60, 29], [36, 33], [14, 39]]
[[60, 29], [36, 33], [14, 47]]
[[60, 29], [36, 33], [34, 3]]
[[60, 29], [36, 33], [34, 11]]
[[60, 29], [36, 33], [34, 23]]
[[60, 29], [36, 33], [34, 35]]
[[60, 29], [36, 33], [34, 43]]
[[60, 29], [36, 33], [34, 55]]
[[60, 29], [36, 33], [38, 3]]
[[60, 29], [36, 33], [38, 7]]
[[60, 29], [36, 33], [38, 35]]
[[60, 29], [36, 33], [38, 39]]
[[60, 29], [36, 33], [42, 11]]
[[60, 29], [36, 33], [42, 23]]
[[60, 29], [36, 33], [42, 43]]
[[60, 29], [36, 33], [42, 55]]
[[60, 29], [36, 33], [46, 7]]
[[60, 29], [36, 33], [46, 15]]
[[60, 29], [36, 33], [46, 39]]
[[60, 29], [36, 33], [46, 47]]
[[60, 29], [36, 37], [6, 3]]
[[60, 29], [36, 37], [6, 7]]
[[60, 29], [36, 37], [6, 35]]
[[60, 29], [36, 37], [6, 39]]
[[60, 29], [36, 37], [14, 7]]
[[60, 29], [36, 37], [14, 15]]
[[60, 29], [36, 37], [14, 39]]
[[60, 29], [36, 37], [14, 47]]
[[60, 29], [36, 37], [18, 15]]
[[60, 29], [36, 37], [18, 19]]
[[60, 29], [36, 37], [18, 47]]
[[60, 29], [36, 37], [18, 51]]
[[60, 29], [36, 37], [38, 3]]
[[60, 29], [36, 37], [38, 7]]
[[60, 29], [36, 37], [38, 35]]
[[60, 29], [36, 37], [38, 39]]
[[60, 29], [36, 37], [46, 7]]
[[60, 29], [36, 37], [46, 15]]
[[60, 29], [36, 37], [46, 39]]
[[60, 29], [36, 37], [46, 47]]
[[60, 29], [36, 37], [50, 15]]
[[60, 29], [36, 37], [50, 19]]
[[60, 29], [36, 37], [50, 47]]
[[60, 29], [36, 37], [50, 51]]
[[60, 29], [40, 9], [2, 3]]
[[60, 29], [40, 9], [2, 11]]
[[60, 29], [40, 9], [2, 23]]
[[60, 29], [40, 9], [2, 35]]
[[60, 29], [40, 9], [2, 43]]
[[60, 29], [40, 9], [2, 55]]
[[60, 29], [40, 9], [6, 3]]
[[60, 29], [40, 9], [6, 7]]
[[60, 29], [40, 9], [6, 35]]
[[60, 29], [40, 9], [6, 39]]
[[60, 29], [40, 9], [10, 11]]
[[60, 29], [40, 9], [10, 23]]
[[60, 29], [40, 9], [10, 43]]
[[60, 29], [40, 9], [10, 55]]
[[60, 29], [40, 9], [22, 23]]
[[60, 29], [40, 9], [22, 55]]
[[60, 29], [40, 9], [34, 3]]
[[60, 29], [40, 9], [34, 11]]
[[60, 29], [40, 9], [34, 23]]
[[60, 29], [40, 9], [34, 35]]
[[60, 29], [40, 9], [34, 43]]
[[60, 29], [40, 9], [34, 55]]
[[60, 29], [40, 9], [38, 3]]
[[60, 29], [40, 9], [38, 7]]
[[60, 29], [40, 9], [38, 35]]
[[60, 29], [40, 9], [38, 39]]
[[60, 29], [40, 9], [42, 11]]
[[60, 29], [40, 9], [42, 23]]
[[60, 29], [40, 9], [42, 43]]
[[60, 29], [40, 9], [42, 55]]
[[60, 29], [40, 9], [54, 23]]
[[60, 29], [40, 9], [54, 55]]
[[60, 29], [40, 21], [2, 3]]
[[60, 29], [40, 21], [2, 11]]
[[60, 29], [40, 21], [2, 23]]
[[60, 29], [40, 21], [2, 35]]
[[60, 29], [40, 21], [2, 43]]
[[60, 29], [40, 21], [2, 55]]
[[60, 29], [40, 21], [6, 3]]
[[60, 29], [40, 21], [6, 7]]
[[60, 29], [40, 21], [6, 35]]
[[60, 29], [40, 21], [6, 39]]
[[60, 29], [40, 21], [10, 11]]
[[60, 29], [40, 21], [10, 23]]
[[60, 29], [40, 21], [10, 43]]
[[60, 29], [40, 21], [10, 55]]
[[60, 29], [40, 21], [22, 23]]
[[60, 29], [40, 21], [22, 55]]
[[60, 29], [40, 21], [34, 3]]
[[60, 29], [40, 21], [34, 11]]
[[60, 29], [40, 21], [34, 23]]
[[60, 29], [40, 21], [34, 35]]
[[60, 29], [40, 21], [34, 43]]
[[60, 29], [40, 21], [34, 55]]
[[60, 29], [40, 21], [38, 3]]
[[60, 29], [40, 21], [38, 7]]
[[60, 29], [40, 21], [38, 35]]
[[60, 29], [40, 21], [38, 39]]
[[60, 29], [40, 21], [42, 11]]
[[60, 29], [40, 21], [42, 23]]
[[60, 29], [40, 21], [42, 43]]
[[60, 29], [40, 21], [42, 55]]
[[60, 29], [40, 21], [54, 23]]
[[60, 29], [40, 21], [54, 55]]
[[60, 29], [40, 41], [2, 3]]
[[60, 29], [40, 41], [2, 11]]
[[60, 29], [40, 41], [2, 23]]
[[60, 29], [40, 41], [2, 35]]
[[60, 29], [40, 41], [2, 43]]
[[60, 29], [40, 41], [2, 55]]
[[60, 29], [40, 41], [6, 3]]
[[60, 29], [40, 41], [6, 7]]
[[60, 29], [40, 41], [6, 35]]
[[60, 29], [40, 41], [6, 39]]
[[60, 29], [40, 41], [10, 11]]
[[60, 29], [40, 41], [10, 23]]
[[60, 29], [40, 41], [10, 43]]
[[60, 29], [40, 41], [10, 55]]
[[60, 29], [40, 41], [22, 23]]
[[60, 29], [40, 41], [22, 55]]
[[60, 29], [40, 41], [34, 3]]
[[60, 29], [40, 41], [34, 11]]
[[60, 29], [40, 41], [34, 23]]
[[60, 29], [40, 41], [34, 35]]
[[60, 29], [40, 41], [34, 43]]
[[60, 29], [40, 41], [34, 55]]
[[60, 29], [40, 41], [38, 3]]
[[60, 29], [40, 41], [38, 7]]
[[60, 29], [40, 41], [38, 35]]
[[60, 29], [40, 41], [38, 39]]
[[60, 29], [40, 41], [42, 11]]
[[60, 29], [40, 41], [42, 23]]
[[60, 29], [40, 41], [42, 43]]
[[60, 29], [40, 41], [42, 55]]
[[60, 29], [40, 41], [54, 23]]
[[60, 29], [40, 41], [54, 55]]
[[60, 29], [40, 53], [2, 3]]
[[60, 29], [40, 53], [2, 11]]
[[60, 29], [40, 53], [2, 23]]
[[60, 29], [40, 53], [2, 35]]
[[60, 29], [40, 53], [2, 43]]
[[60, 29], [40, 53], [2, 55]]
[[60, 29], [40, 53], [6, 3]]
[[60, 29], [40, 53], [6, 7]]
[[60, 29], [40, 53], [6, 35]]
[[60, 29], [40, 53], [6, 39]]
[[60, 29], [40, 53], [10, 11]]
[[60, 29], [40, 53], [10, 23]]
[[60, 29], [40, 53], [10, 43]]
[[60, 29], [40, 53], [10, 55]]
[[60, 29], [40, 53], [22, 23]]
[[60, 29], [40, 53], [22, 55]]
[[60, 29], [40, 53], [34, 3]]
[[60, 29], [40, 53], [34, 11]]
[[60, 29], [40, 53], [34, 23]]
[[60, 29], [40, 53], [34, 35]]
[[60, 29], [40, 53], [34, 43]]
[[60, 29], [40, 53], [34, 55]]
[[60, 29], [40, 53], [38, 3]]
[[60, 29], [40, 53], [38, 7]]
[[60, 29], [40, 53], [38, 35]]
[[60, 29], [40, 53], [38, 39]]
[[60, 29], [40, 53], [42, 11]]
[[60, 29], [40, 53], [42, 23]]
[[60, 29], [40, 53], [42, 43]]
[[60, 29], [40, 53], [42, 55]]
[[60, 29], [40, 53], [54, 23]]
[[60, 29], [40, 53], [54, 55]]
[[60, 29], [52, 9], [2, 3]]
[[60, 29], [52, 9], [2, 11]]
[[60, 29], [52, 9], [2, 23]]
[[60, 29], [52, 9], [2, 35]]
[[60, 29], [52, 9], [2, 43]]
[[60, 29], [52, 9], [2, 55]]
[[60, 29], [52, 9], [6, 3]]
[[60, 29], [52, 9], [6, 7]]
[[60, 29], [52, 9], [6, 35]]
[[60, 29], [52, 9], [6, 39]]
[[60, 29], [52, 9], [10, 11]]
[[60, 29], [52, 9], [10, 23]]
[[60, 29], [52, 9], [10, 43]]
[[60, 29], [52, 9], [10, 55]]
[[60, 29], [52, 9], [22, 23]]
[[60, 29], [52, 9], [22, 55]]
[[60, 29], [52, 9], [34, 3]]
[[60, 29], [52, 9], [34, 11]]
[[60, 29], [52, 9], [34, 23]]
[[60, 29], [52, 9], [34, 35]]
[[60, 29], [52, 9], [34, 43]]
[[60, 29], [52, 9], [34, 55]]
[[60, 29], [52, 9], [38, 3]]
[[60, 29], [52, 9], [38, 7]]
[[60, 29], [52, 9], [38, 35]]
[[60, 29], [52, 9], [38, 39]]
[[60, 29], [52, 9], [42, 11]]
[[60, 29], [52, 9], [42, 23]]
[[60, 29], [52, 9], [42, 43]]
[[60, 29], [52, 9], [42, 55]]
[[60, 29], [52, 9], [54, 23]]
[[60, 29], [52, 9], [54, 55]]
[[60, 29], [52, 21], [2, 3]]
[[60, 29], [52, 21], [2, 11]]
[[60, 29], [52, 21], [2, 23]]
[[60, 29], [52, 21], [2, 35]]
[[60, 29], [52, 21], [2, 43]]
[[60, 29], [52, 21], [2, 55]]
[[60, 29], [52, 21], [6, 3]]
[[60, 29], [52, 21], [6, 7]]
[[60, 29], [52, 21], [6, 35]]
[[60, 29], [52, 21], [6, 39]]
[[60, 29], [52, 21], [10, 11]]
[[60, 29], [52, 21], [10, 23]]
[[60, 29], [52, 21], [10, 43]]
[[60, 29], [52, 21], [10, 55]]
[[60, 29], [52, 21], [22, 23]]
[[60, 29], [52, 21], [22, 55]]
[[60, 29], [52, 21], [34, 3]]
[[60, 29], [52, 21], [34, 11]]
[[60, 29], [52, 21], [34, 23]]
[[60, 29], [52, 21], [34, 35]]
[[60, 29], [52, 21], [34, 43]]
[[60, 29], [52, 21], [34, 55]]
[[60, 29], [52, 21], [38, 3]]
[[60, 29], [52, 21], [38, 7]]
[[60, 29], [52, 21], [38, 35]]
[[60, 29], [52, 21], [38, 39]]
[[60, 29], [52, 21], [42, 11]]
[[60, 29], [52, 21], [42, 23]]
[[60, 29], [52, 21], [42, 43]]
[[60, 29], [52, 21], [42, 55]]
[[60, 29], [52, 21], [54, 23]]
[[60, 29], [52, 21], [54, 55]]
[[60, 29], [52, 41], [2, 3]]
[[60, 29], [52, 41], [2, 11]]
[[60, 29], [52, 41], [2, 23]]
[[60, 29], [52, 41], [2, 35]]
[[60, 29], [52, 41], [2, 43]]
[[60, 29], [52, 41], [2, 55]]
[[60, 29], [52, 41], [6, 3]]
[[60, 29], [52, 41], [6, 7]]
[[60, 29], [52, 41], [6, 35]]
[[60, 29], [52, 41], [6, 39]]
[[60, 29], [52, 41], [10, 11]]
[[60, 29], [52, 41], [10, 23]]
[[60, 29], [52, 41], [10, 43]]
[[60, 29], [52, 41], [10, 55]]
[[60, 29], [52, 41], [22, 23]]
[[60, 29], [52, 41], [22, 55]]
[[60, 29], [52, 41], [34, 3]]
[[60, 29], [52, 41], [34, 11]]
[[60, 29], [52, 41], [34, 23]]
[[60, 29], [52, 41], [34, 35]]
[[60, 29], [52, 41], [34, 43]]
[[60, 29], [52, 41], [34, 55]]
[[60, 29], [52, 41], [38, 3]]
[[60, 29], [52, 41], [38, 7]]
[[60, 29], [52, 41], [38, 35]]
[[60, 29], [52, 41], [38, 39]]
[[60, 29], [52, 41], [42, 11]]
[[60, 29], [52, 41], [42, 23]]
[[60, 29], [52, 41], [42, 43]]
[[60, 29], [52, 41], [42, 55]]
[[60, 29], [52, 41], [54, 23]]
[[60, 29], [52, 41], [54, 55]]
[[60, 29], [52, 53], [2, 3]]
[[60, 29], [52, 53], [2, 11]]
[[60, 29], [52, 53], [2, 23]]
[[60, 29], [52, 53], [2, 35]]
[[60, 29], [52, 53], [2, 43]]
[[60, 29], [52, 53], [2, 55]]
[[60, 29], [52, 53], [6, 3]]
[[60, 29], [52, 53], [6, 7]]
[[60, 29], [52, 53], [6, 35]]
[[60, 29], [52, 53], [6, 39]]
[[60, 29], [52, 53], [10, 11]]
[[60, 29], [52, 53], [10, 23]]
[[60, 29], [52, 53], [10, 43]]
[[60, 29], [52, 53], [10, 55]]
[[60, 29], [52, 53], [22, 23]]
[[60, 29], [52, 53], [22, 55]]
[[60, 29], [52, 53], [34, 3]]
[[60, 29], [52, 53], [34, 11]]
[[60, 29], [52, 53], [34, 23]]
[[60, 29], [52, 53], [34, 35]]
[[60, 29], [52, 53], [34, 43]]
[[60, 29], [52, 53], [34, 55]]
[[60, 29], [52, 53], [38, 3]]
[[60, 29], [52, 53], [38, 7]]
[[60, 29], [52, 53], [38, 35]]
[[60, 29], [52, 53], [38, 39]]
[[60, 29], [52, 53], [42, 11]]
[[60, 29], [52, 53], [42, 23]]
[[60, 29], [52, 53], [42, 43]]
[[60, 29], [52, 53], [42, 55]]
[[60, 29], [52, 53], [54, 23]]
[[60, 29], [52, 53], [54, 55]]
[[60, 29], [62, 9], [2, 3]]
[[60, 29], [62, 9], [2, 11]]
[[60, 29], [62, 9], [2, 23]]
[[60, 29], [62, 9], [2, 35]]
[[60, 29], [62, 9], [2, 43]]
[[60, 29], [62, 9], [2, 55]]
[[60, 29], [62, 9], [6, 3]]
[[60, 29], [62, 9], [6, 7]]
[[60, 29], [62, 9], [6, 35]]
[[60, 29], [62, 9], [6, 39]]
[[60, 29], [62, 9], [10, 11]]
[[60, 29], [62, 9], [10, 23]]
[[60, 29], [62, 9], [10, 43]]
[[60, 29], [62, 9], [10, 55]]
[[60, 29], [62, 9], [22, 23]]
[[60, 29], [62, 9], [22, 55]]
[[60, 29], [62, 9], [34, 3]]
[[60, 29], [62, 9], [34, 11]]
[[60, 29], [62, 9], [34, 23]]
[[60, 29], [62, 9], [34, 35]]
[[60, 29], [62, 9], [34, 43]]
[[60, 29], [62, 9], [34, 55]]
[[60, 29], [62, 9], [38, 3]]
[[60, 29], [62, 9], [38, 7]]
[[60, 29], [62, 9], [38, 35]]
[[60, 29], [62, 9], [38, 39]]
[[60, 29], [62, 9], [42, 11]]
[[60, 29], [62, 9], [42, 23]]
[[60, 29], [62, 9], [42, 43]]
[[60, 29], [62, 9], [42, 55]]
[[60, 29], [62, 9], [54, 23]]
[[60, 29], [62, 9], [54, 55]]
[[60, 29], [62, 21], [2, 3]]
[[60, 29], [62, 21], [2, 11]]
[[60, 29], [62, 21], [2, 23]]
[[60, 29], [62, 21], [2, 35]]
[[60, 29], [62, 21], [2, 43]]
[[60, 29], [62, 21], [2, 55]]
[[60, 29], [62, 21], [6, 3]]
[[60, 29], [62, 21], [6, 7]]
[[60, 29], [62, 21], [6, 35]]
[[60, 29], [62, 21], [6, 39]]
[[60, 29], [62, 21], [10, 11]]
[[60, 29], [62, 21], [10, 23]]
[[60, 29], [62, 21], [10, 43]]
[[60, 29], [62, 21], [10, 55]]
[[60, 29], [62, 21], [22, 23]]
[[60, 29], [62, 21], [22, 55]]
[[60, 29], [62, 21], [34, 3]]
[[60, 29], [62, 21], [34, 11]]
[[60, 29], [62, 21], [34, 23]]
[[60, 29], [62, 21], [34, 35]]
[[60, 29], [62, 21], [34, 43]]
[[60, 29], [62, 21], [34, 55]]
[[60, 29], [62, 21], [38, 3]]
[[60, 29], [62, 21], [38, 7]]
[[60, 29], [62, 21], [38, 35]]
[[60, 29], [62, 21], [38, 39]]
[[60, 29], [62, 21], [42, 11]]
[[60, 29], [62, 21], [42, 23]]
[[60, 29], [62, 21], [42, 43]]
[[60, 29], [62, 21], [42, 55]]
[[60, 29], [62, 21], [54, 23]]
[[60, 29], [62, 21], [54, 55]]
[[60, 29], [62, 31], [2, 3]]
[[60, 29], [62, 31], [2, 11]]
[[60, 29], [62, 31], [2, 23]]
[[60, 29], [62, 31], [2, 35]]
[[60, 29], [62, 31], [2, 43]]
[[60, 29], [62, 31], [2, 55]]
[[60, 29], [62, 31], [6, 3]]
[[60, 29], [62, 31], [6, 7]]
[[60, 29], [62, 31], [6, 35]]
[[60, 29], [62, 31], [6, 39]]
[[60, 29], [62, 31], [10, 11]]
[[60, 29], [62, 31], [10, 23]]
[[60, 29], [62, 31], [10, 43]]
[[60, 29], [62, 31], [10, 55]]
[[60, 29], [62, 31], [22, 23]]
[[60, 29], [62, 31], [22, 55]]
[[60, 29], [62, 31], [34, 3]]
[[60, 29], [62, 31], [34, 11]]
[[60, 29], [62, 31], [34, 23]]
[[60, 29], [62, 31], [34, 35]]
[[60, 29], [62, 31], [34, 43]]
[[60, 29], [62, 31], [34, 55]]
[[60, 29], [62, 31], [38, 3]]
[[60, 29], [62, 31], [38, 7]]
[[60, 29], [62, 31], [38, 35]]
[[60, 29], [62, 31], [38, 39]]
[[60, 29], [62, 31], [42, 11]]
[[60, 29], [62, 31], [42, 23]]
[[60, 29], [62, 31], [42, 43]]
[[60, 29], [62, 31], [42, 55]]
[[60, 29], [62, 31], [54, 23]]
[[60, 29], [62, 31], [54, 55]]
[[60, 29], [62, 41], [2, 3]]
[[60, 29], [62, 41], [2, 11]]
[[60, 29], [62, 41], [2, 23]]
[[60, 29], [62, 41], [2, 35]]
[[60, 29], [62, 41], [2, 43]]
[[60, 29], [62, 41], [2, 55]]
[[60, 29], [62, 41], [6, 3]]
[[60, 29], [62, 41], [6, 7]]
[[60, 29], [62, 41], [6, 35]]
[[60, 29], [62, 41], [6, 39]]
[[60, 29], [62, 41], [10, 11]]
[[60, 29], [62, 41], [10, 23]]
[[60, 29], [62, 41], [10, 43]]
[[60, 29], [62, 41], [10, 55]]
[[60, 29], [62, 41], [22, 23]]
[[60, 29], [62, 41], [22, 55]]
[[60, 29], [62, 41], [34, 3]]
[[60, 29], [62, 41], [34, 11]]
[[60, 29], [62, 41], [34, 23]]
[[60, 29], [62, 41], [34, 35]]
[[60, 29], [62, 41], [34, 43]]
[[60, 29], [62, 41], [34, 55]]
[[60, 29], [62, 41], [38, 3]]
[[60, 29], [62, 41], [38, 7]]
[[60, 29], [62, 41], [38, 35]]
[[60, 29], [62, 41], [38, 39]]
[[60, 29], [62, 41], [42, 11]]
[[60, 29], [62, 41], [42, 23]]
[[60, 29], [62, 41], [42, 43]]
[[60, 29], [62, 41], [42, 55]]
[[60, 29], [62, 41], [54, 23]]
[[60, 29], [62, 41], [54, 55]]
[[60, 29], [62, 53], [2, 3]]
[[60, 29], [62, 53], [2, 11]]
[[60, 29], [62, 53], [2, 23]]
[[60, 29], [62, 53], [2, 35]]
[[60, 29], [62, 53], [2, 43]]
[[60, 29], [62, 53], [2, 55]]
[[60, 29], [62, 53], [6, 3]]
[[60, 29], [62, 53], [6, 7]]
[[60, 29], [62, 53], [6, 35]]
[[60, 29], [62, 53], [6, 39]]
[[60, 29], [62, 53], [10, 11]]
[[60, 29], [62, 53], [10, 23]]
[[60, 29], [62, 53], [10, 43]]
[[60, 29], [62, 53], [10, 55]]
[[60, 29], [62, 53], [22, 23]]
[[60, 29], [62, 53], [22, 55]]
[[60, 29], [62, 53], [34, 3]]
[[60, 29], [62, 53], [34, 11]]
[[60, 29], [62, 53], [34, 23]]
[[60, 29], [62, 53], [34, 35]]
[[60, 29], [62, 53], [34, 43]]
[[60, 29], [62, 53], [34, 55]]
[[60, 29], [62, 53], [38, 3]]
[[60, 29], [62, 53], [38, 7]]
[[60, 29], [62, 53], [38, 35]]
[[60, 29], [62, 53], [38, 39]]
[[60, 29], [62, 53], [42, 11]]
[[60, 29], [62, 53], [42, 23]]
[[60, 29], [62, 53], [42, 43]]
[[60, 29], [62, 53], [42, 55]]
[[60, 29], [62, 53], [54, 23]]
[[60, 29], [62, 53], [54, 55]]
[[60, 29], [62, 63], [2, 3]]
[[60, 29], [62, 63], [2, 11]]
[[60, 29], [62, 63], [2, 23]]
[[60, 29], [62, 63], [2, 35]]
[[60, 29], [62, 63], [2, 43]]
[[60, 29], [62, 63], [2, 55]]
[[60, 29], [62, 63], [6, 3]]
[[60, 29], [62, 63], [6, 7]]
[[60, 29], [62, 63], [6, 35]]
[[60, 29], [62, 63], [6, 39]]
[[60, 29], [62, 63], [10, 11]]
[[60, 29], [62, 63], [10, 23]]
[[60, 29], [62, 63], [10, 43]]
[[60, 29], [62, 63], [10, 55]]
[[60, 29], [62, 63], [22, 23]]
[[60, 29], [62, 63], [22, 55]]
[[60, 29], [62, 63], [34, 3]]
[[60, 29], [62, 63], [34, 11]]
[[60, 29], [62, 63], [34, 23]]
[[60, 29], [62, 63], [34, 35]]
[[60, 29], [62, 63], [34, 43]]
[[60, 29], [62, 63], [34, 55]]
[[60, 29], [62, 63], [38, 3]]
[[60, 29], [62, 63], [38, 7]]
[[60, 29], [62, 63], [38, 35]]
[[60, 29], [62, 63], [38, 39]]
[[60, 29], [62, 63], [42, 11]]
[[60, 29], [62, 63], [42, 23]]
[[60, 29], [62, 63], [42, 43]]
[[60, 29], [62, 63], [42, 55]]
[[60, 29], [62, 63], [54, 23]]
[[60, 29], [62, 63], [54, 55]]
[[60, 61], [0, 1], [2, 3]]
[[60, 61], [0, 1], [2, 11]]
[[60, 61], [0, 1], [2, 23]]
[[60, 61], [0, 1], [2, 35]]
[[60, 61], [0, 1], [2, 43]]
[[60, 61], [0, 1], [2, 55]]
[[60, 61], [0, 1], [6, 3]]
[[60, 61], [0, 1], [6, 7]]
[[60, 61], [0, 1], [6, 35]]
[[60, 61], [0, 1], [6, 39]]
[[60, 61], [0, 1], [10, 11]]
[[60, 61], [0, 1], [10, 23]]
[[60, 61], [0, 1], [10, 43]]
[[60, 61], [0, 1], [10, 55]]
[[60, 61], [0, 1], [14, 7]]
[[60, 61], [0, 1], [14, 15]]
[[60, 61], [0, 1], [14, 39]]
[[60, 61], [0, 1], [14, 47]]
[[60, 61], [0, 1], [34, 3]]
[[60, 61], [0, 1], [34, 11]]
[[60, 61], [0, 1], [34, 23]]
[[60, 61], [0, 1], [34, 35]]
[[60, 61], [0, 1], [34, 43]]
[[60, 61], [0, 1], [34, 55]]
[[60, 61], [0, 1], [38, 3]]
[[60, 61], [0, 1], [38, 7]]
[[60, 61], [0, 1], [38, 35]]
[[60, 61], [0, 1], [38, 39]]
[[60, 61], [0, 1], [42, 11]]
[[60, 61], [0, 1], [42, 23]]
[[60, 61], [0, 1], [42, 43]]
[[60, 61], [0, 1], [42, 55]]
[[60, 61], [0, 1], [46, 7]]
[[60, 61], [0, 1], [46, 15]]
[[60, 61], [0, 1], [46, 39]]
[[60, 61], [0, 1], [46, 47]]
[[60, 61], [0, 9], [2, 3]]
[[60, 61], [0, 9], [2, 11]]
[[60, 61], [0, 9], [2, 23]]
[[60, 61], [0, 9], [2, 35]]
[[60, 61], [0, 9], [2, 43]]
[[60, 61], [0, 9], [2, 55]]
[[60, 61], [0, 9], [6, 3]]
[[60, 61], [0, 9], [6, 7]]
[[60, 61], [0, 9], [6, 35]]
[[60, 61], [0, 9], [6, 39]]
[[60, 61], [0, 9], [10, 11]]
[[60, 61], [0, 9], [10, 23]]
[[60, 61], [0, 9], [10, 43]]
[[60, 61], [0, 9], [10, 55]]
[[60, 61], [0, 9], [22, 23]]
[[60, 61], [0, 9], [22, 55]]
[[60, 61], [0, 9], [34, 3]]
[[60, 61], [0, 9], [34, 11]]
[[60, 61], [0, 9], [34, 23]]
[[60, 61], [0, 9], [34, 35]]
[[60, 61], [0, 9], [34, 43]]
[[60, 61], [0, 9], [34, 55]]
[[60, 61], [0, 9], [38, 3]]
[[60, 61], [0, 9], [38, 7]]
[[60, 61], [0, 9], [38, 35]]
[[60, 61], [0, 9], [38, 39]]
[[60, 61], [0, 9], [42, 11]]
[[60, 61], [0, 9], [42, 23]]
[[60, 61], [0, 9], [42, 43]]
[[60, 61], [0, 9], [42, 55]]
[[60, 61], [0, 9], [54, 23]]
[[60, 61], [0, 9], [54, 55]]
[[60, 61], [0, 21], [2, 3]]
[[60, 61], [0, 21], [2, 11]]
[[60, 61], [0, 21], [2, 23]]
[[60, 61], [0, 21], [2, 35]]
[[60, 61], [0, 21], [2, 43]]
[[60, 61], [0, 21], [2, 55]]
[[60, 61], [0, 21], [6, 3]]
[[60, 61], [0, 21], [6, 7]]
[[60, 61], [0, 21], [6, 35]]
[[60, 61], [0, 21], [6, 39]]
[[60, 61], [0, 21], [10, 11]]
[[60, 61], [0, 21], [10, 23]]
[[60, 61], [0, 21], [10, 43]]
[[60, 61], [0, 21], [10, 55]]
[[60, 61], [0, 21], [22, 23]]
[[60, 61], [0, 21], [22, 55]]
[[60, 61], [0, 21], [34, 3]]
[[60, 61], [0, 21], [34, 11]]
[[60, 61], [0, 21], [34, 23]]
[[60, 61], [0, 21], [34, 35]]
[[60, 61], [0, 21], [34, 43]]
[[60, 61], [0, 21], [34, 55]]
[[60, 61], [0, 21], [38, 3]]
[[60, 61], [0, 21], [38, 7]]
[[60, 61], [0, 21], [38, 35]]
[[60, 61], [0, 21], [38, 39]]
[[60, 61], [0, 21], [42, 11]]
[[60, 61], [0, 21], [42, 23]]
[[60, 61], [0, 21], [42, 43]]
[[60, 61], [0, 21], [42, 55]]
[[60, 61], [0, 21], [54, 23]]
[[60, 61], [0, 21], [54, 55]]
[[60, 61], [0, 31], [2, 3]]
[[60, 61], [0, 31], [2, 11]]
[[60, 61], [0, 31], [2, 23]]
[[60, 61], [0, 31], [2, 35]]
[[60, 61], [0, 31], [2, 43]]
[[60, 61], [0, 31], [2, 55]]
[[60, 61], [0, 31], [6, 3]]
[[60, 61], [0, 31], [6, 7]]
[[60, 61], [0, 31], [6, 35]]
[[60, 61], [0, 31], [6, 39]]
[[60, 61], [0, 31], [10, 11]]
[[60, 61], [0, 31], [10, 23]]
[[60, 61], [0, 31], [10, 43]]
[[60, 61], [0, 31], [10, 55]]
[[60, 61], [0, 31], [22, 23]]
[[60, 61], [0, 31], [22, 55]]
[[60, 61], [0, 31], [34, 3]]
[[60, 61], [0, 31], [34, 11]]
[[60, 61], [0, 31], [34, 23]]
[[60, 61], [0, 31], [34, 35]]
[[60, 61], [0, 31], [34, 43]]
[[60, 61], [0, 31], [34, 55]]
[[60, 61], [0, 31], [38, 3]]
[[60, 61], [0, 31], [38, 7]]
[[60, 61], [0, 31], [38, 35]]
[[60, 61], [0, 31], [38, 39]]
[[60, 61], [0, 31], [42, 11]]
[[60, 61], [0, 31], [42, 23]]
[[60, 61], [0, 31], [42, 43]]
[[60, 61], [0, 31], [42, 55]]
[[60, 61], [0, 31], [54, 23]]
[[60, 61], [0, 31], [54, 55]]
[[60, 61], [0, 33], [2, 3]]
[[60, 61], [0, 33], [2, 11]]
[[60, 61], [0, 33], [2, 23]]
[[60, 61], [0, 33], [2, 35]]
[[60, 61], [0, 33], [2, 43]]
[[60, 61], [0, 33], [2, 55]]
[[60, 61], [0, 33], [6, 3]]
[[60, 61], [0, 33], [6, 7]]
[[60, 61], [0, 33], [6, 35]]
[[60, 61], [0, 33], [6, 39]]
[[60, 61], [0, 33], [10, 11]]
[[60, 61], [0, 33], [10, 23]]
[[60, 61], [0, 33], [10, 43]]
[[60, 61], [0, 33], [10, 55]]
[[60, 61], [0, 33], [14, 7]]
[[60, 61], [0, 33], [14, 15]]
[[60, 61], [0, 33], [14, 39]]
[[60, 61], [0, 33], [14, 47]]
[[60, 61], [0, 33], [34, 3]]
[[60, 61], [0, 33], [34, 11]]
[[60, 61], [0, 33], [34, 23]]
[[60, 61], [0, 33], [34, 35]]
[[60, 61], [0, 33], [34, 43]]
[[60, 61], [0, 33], [34, 55]]
[[60, 61], [0, 33], [38, 3]]
[[60, 61], [0, 33], [38, 7]]
[[60, 61], [0, 33], [38, 35]]
[[60, 61], [0, 33], [38, 39]]
[[60, 61], [0, 33], [42, 11]]
[[60, 61], [0, 33], [42, 23]]
[[60, 61], [0, 33], [42, 43]]
[[60, 61], [0, 33], [42, 55]]
[[60, 61], [0, 33], [46, 7]]
[[60, 61], [0, 33], [46, 15]]
[[60, 61], [0, 33], [46, 39]]
[[60, 61], [0, 33], [46, 47]]
[[60, 61], [0, 41], [2, 3]]
[[60, 61], [0, 41], [2, 11]]
[[60, 61], [0, 41], [2, 23]]
[[60, 61], [0, 41], [2, 35]]
[[60, 61], [0, 41], [2, 43]]
[[60, 61], [0, 41], [2, 55]]
[[60, 61], [0, 41], [6, 3]]
[[60, 61], [0, 41], [6, 7]]
[[60, 61], [0, 41], [6, 35]]
[[60, 61], [0, 41], [6, 39]]
[[60, 61], [0, 41], [10, 11]]
[[60, 61], [0, 41], [10, 23]]
[[60, 61], [0, 41], [10, 43]]
[[60, 61], [0, 41], [10, 55]]
[[60, 61], [0, 41], [22, 23]]
[[60, 61], [0, 41], [22, 55]]
[[60, 61], [0, 41], [34, 3]]
[[60, 61], [0, 41], [34, 11]]
[[60, 61], [0, 41], [34, 23]]
[[60, 61], [0, 41], [34, 35]]
[[60, 61], [0, 41], [34, 43]]
[[60, 61], [0, 41], [34, 55]]
[[60, 61], [0, 41], [38, 3]]
[[60, 61], [0, 41], [38, 7]]
[[60, 61], [0, 41], [38, 35]]
[[60, 61], [0, 41], [38, 39]]
[[60, 61], [0, 41], [42, 11]]
[[60, 61], [0, 41], [42, 23]]
[[60, 61], [0, 41], [42, 43]]
[[60, 61], [0, 41], [42, 55]]
[[60, 61], [0, 41], [54, 23]]
[[60, 61], [0, 41], [54, 55]]
[[60, 61], [0, 53], [2, 3]]
[[60, 61], [0, 53], [2, 11]]
[[60, 61], [0, 53], [2, 23]]
[[60, 61], [0, 53], [2, 35]]
[[60, 61], [0, 53], [2, 43]]
[[60, 61], [0, 53], [2, 55]]
[[60, 61], [0, 53], [6, 3]]
[[60, 61], [0, 53], [6, 7]]
[[60, 61], [0, 53], [6, 35]]
[[60, 61], [0, 53], [6, 39]]
[[60, 61], [0, 53], [10, 11]]
[[60, 61], [0, 53], [10, 23]]
[[60, 61], [0, 53], [10, 43]]
[[60, 61], [0, 53], [10, 55]]
[[60, 61], [0, 53], [22, 23]]
[[60, 61], [0, 53], [22, 55]]
[[60, 61], [0, 53], [34, 3]]
[[60, 61], [0, 53], [34, 11]]
[[60, 61], [0, 53], [34, 23]]
[[60, 61], [0, 53], [34, 35]]
[[60, 61], [0, 53], [34, 43]]
[[60, 61], [0, 53], [34, 55]]
[[60, 61], [0, 53], [38, 3]]
[[60, 61], [0, 53], [38, 7]]
[[60, 61], [0, 53], [38, 35]]
[[60, 61], [0, 53], [38, 39]]
[[60, 61], [0, 53], [42, 11]]
[[60, 61], [0, 53], [42, 23]]
[[60, 61], [0, 53], [42, 43]]
[[60, 61], [0, 53], [42, 55]]
[[60, 61], [0, 53], [54, 23]]
[[60, 61], [0, 53], [54, 55]]
[[60, 61], [0, 63], [2, 3]]
[[60, 61], [0, 63], [2, 11]]
[[60, 61], [0, 63], [2, 23]]
[[60, 61], [0, 63], [2, 35]]
[[60, 61], [0, 63], [2, 43]]
[[60, 61], [0, 63], [2, 55]]
[[60, 61], [0, 63], [6, 3]]
[[60, 61], [0, 63], [6, 7]]
[[60, 61], [0, 63], [6, 35]]
[[60, 61], [0, 63], [6, 39]]
[[60, 61], [0, 63], [10, 11]]
[[60, 61], [0, 63], [10, 23]]
[[60, 61], [0, 63], [10, 43]]
[[60, 61], [0, 63], [10, 55]]
[[60, 61], [0, 63], [22, 23]]
[[60, 61], [0, 63], [22, 55]]
[[60, 61], [0, 63], [34, 3]]
[[60, 61], [0, 63], [34, 11]]
[[60, 61], [0, 63], [34, 23]]
[[60, 61], [0, 63], [34, 35]]
[[60, 61], [0, 63], [34, 43]]
[[60, 61], [0, 63], [34, 55]]
[[60, 61], [0, 63], [38, 3]]
[[60, 61], [0, 63], [38, 7]]
[[60, 61], [0, 63], [38, 35]]
[[60, 61], [0, 63], [38, 39]]
[[60, 61], [0, 63], [42, 11]]
[[60, 61], [0, 63], [42, 23]]
[[60, 61], [0, 63], [42, 43]]
[[60, 61], [0, 63], [42, 55]]
[[60, 61], [0, 63], [54, 23]]
[[60, 61], [0, 63], [54, 55]]
[[60, 61], [4, 1], [2, 3]]
[[60, 61], [4, 1], [2, 11]]
[[60, 61], [4, 1], [2, 23]]
[[60, 61], [4, 1], [2, 35]]
[[60, 61], [4, 1], [2, 43]]
[[60, 61], [4, 1], [2, 55]]
[[60, 61], [4, 1], [6, 3]]
[[60, 61], [4, 1], [6, 7]]
[[60, 61], [4, 1], [6, 35]]
[[60, 61], [4, 1], [6, 39]]
[[60, 61], [4, 1], [10, 11]]
[[60, 61], [4, 1], [10, 23]]
[[60, 61], [4, 1], [10, 43]]
[[60, 61], [4, 1], [10, 55]]
[[60, 61], [4, 1], [14, 7]]
[[60, 61], [4, 1], [14, 15]]
[[60, 61], [4, 1], [14, 39]]
[[60, 61], [4, 1], [14, 47]]
[[60, 61], [4, 1], [34, 3]]
[[60, 61], [4, 1], [34, 11]]
[[60, 61], [4, 1], [34, 23]]
[[60, 61], [4, 1], [34, 35]]
[[60, 61], [4, 1], [34, 43]]
[[60, 61], [4, 1], [34, 55]]
[[60, 61], [4, 1], [38, 3]]
[[60, 61], [4, 1], [38, 7]]
[[60, 61], [4, 1], [38, 35]]
[[60, 61], [4, 1], [38, 39]]
[[60, 61], [4, 1], [42, 11]]
[[60, 61], [4, 1], [42, 23]]
[[60, 61], [4, 1], [42, 43]]
[[60, 61], [4, 1], [42, 55]]
[[60, 61], [4, 1], [46, 7]]
[[60, 61], [4, 1], [46, 15]]
[[60, 61], [4, 1], [46, 39]]
[[60, 61], [4, 1], [46, 47]]
[[60, 61], [4, 5], [6, 3]]
[[60, 61], [4, 5], [6, 7]]
[[60, 61], [4, 5], [6, 35]]
[[60, 61], [4, 5], [6, 39]]
[[60, 61], [4, 5], [14, 7]]
[[60, 61], [4, 5], [14, 15]]
[[60, 61], [4, 5], [14, 39]]
[[60, 61], [4, 5], [14, 47]]
[[60, 61], [4, 5], [18, 15]]
[[60, 61], [4, 5], [18, 19]]
[[60, 61], [4, 5], [18, 47]]
[[60, 61], [4, 5], [18, 51]]
[[60, 61], [4, 5], [38, 3]]
[[60, 61], [4, 5], [38, 7]]
[[60, 61], [4, 5], [38, 35]]
[[60, 61], [4, 5], [38, 39]]
[[60, 61], [4, 5], [46, 7]]
[[60, 61], [4, 5], [46, 15]]
[[60, 61], [4, 5], [46, 39]]
[[60, 61], [4, 5], [46, 47]]
[[60, 61], [4, 5], [50, 15]]
[[60, 61], [4, 5], [50, 19]]
[[60, 61], [4, 5], [50, 47]]
[[60, 61], [4, 5], [50, 51]]
[[60, 61], [4, 33], [2, 3]]
[[60, 61], [4, 33], [2, 11]]
[[60, 61], [4, 33], [2, 23]]
[[60, 61], [4, 33], [2, 35]]
[[60, 61], [4, 33], [2, 43]]
[[60, 61], [4, 33], [2, 55]]
[[60, 61], [4, 33], [6, 3]]
[[60, 61], [4, 33], [6, 7]]
[[60, 61], [4, 33], [6, 35]]
[[60, 61], [4, 33], [6, 39]]
[[60, 61], [4, 33], [10, 11]]
[[60, 61], [4, 33], [10, 23]]
[[60, 61], [4, 33], [10, 43]]
[[60, 61], [4, 33], [10, 55]]
[[60, 61], [4, 33], [14, 7]]
[[60, 61], [4, 33], [14, 15]]
[[60, 61], [4, 33], [14, 39]]
[[60, 61], [4, 33], [14, 47]]
[[60, 61], [4, 33], [34, 3]]
[[60, 61], [4, 33], [34, 11]]
[[60, 61], [4, 33], [34, 23]]
[[60, 61], [4, 33], [34, 35]]
[[60, 61], [4, 33], [34, 43]]
[[60, 61], [4, 33], [34, 55]]
[[60, 61], [4, 33], [38, 3]]
[[60, 61], [4, 33], [38, 7]]
[[60, 61], [4, 33], [38, 35]]
[[60, 61], [4, 33], [38, 39]]
[[60, 61], [4, 33], [42, 11]]
[[60, 61], [4, 33], [42, 23]]
[[60, 61], [4, 33], [42, 43]]
[[60, 61], [4, 33], [42, 55]]
[[60, 61], [4, 33], [46, 7]]
[[60, 61], [4, 33], [46, 15]]
[[60, 61], [4, 33], [46, 39]]
[[60, 61], [4, 33], [46, 47]]
[[60, 61], [4, 37], [6, 3]]
[[60, 61], [4, 37], [6, 7]]
[[60, 61], [4, 37], [6, 35]]
[[60, 61], [4, 37], [6, 39]]
[[60, 61], [4, 37], [14, 7]]
[[60, 61], [4, 37], [14, 15]]
[[60, 61], [4, 37], [14, 39]]
[[60, 61], [4, 37], [14, 47]]
[[60, 61], [4, 37], [18, 15]]
[[60, 61], [4, 37], [18, 19]]
[[60, 61], [4, 37], [18, 47]]
[[60, 61], [4, 37], [18, 51]]
[[60, 61], [4, 37], [38, 3]]
[[60, 61], [4, 37], [38, 7]]
[[60, 61], [4, 37], [38, 35]]
[[60, 61], [4, 37], [38, 39]]
[[60, 61], [4, 37], [46, 7]]
[[60, 61], [4, 37], [46, 15]]
[[60, 61], [4, 37], [46, 39]]
[[60, 61], [4, 37], [46, 47]]
[[60, 61], [4, 37], [50, 15]]
[[60, 61], [4, 37], [50, 19]]
[[60, 61], [4, 37], [50, 47]]
[[60, 61], [4, 37], [50, 51]]
[[60, 61], [8, 9], [2, 3]]
[[60, 61], [8, 9], [2, 11]]
[[60, 61], [8, 9], [2, 23]]
[[60, 61], [8, 9], [2, 35]]
[[60, 61], [8, 9], [2, 43]]
[[60, 61], [8, 9], [2, 55]]
[[60, 61], [8, 9], [6, 3]]
[[60, 61], [8, 9], [6, 7]]
[[60, 61], [8, 9], [6, 35]]
[[60, 61], [8, 9], [6, 39]]
[[60, 61], [8, 9], [10, 11]]
[[60, 61], [8, 9], [10, 23]]
[[60, 61], [8, 9], [10, 43]]
[[60, 61], [8, 9], [10, 55]]
[[60, 61], [8, 9], [22, 23]]
[[60, 61], [8, 9], [22, 55]]
[[60, 61], [8, 9], [34, 3]]
[[60, 61], [8, 9], [34, 11]]
[[60, 61], [8, 9], [34, 23]]
[[60, 61], [8, 9], [34, 35]]
[[60, 61], [8, 9], [34, 43]]
[[60, 61], [8, 9], [34, 55]]
[[60, 61], [8, 9], [38, 3]]
[[60, 61], [8, 9], [38, 7]]
[[60, 61], [8, 9], [38, 35]]
[[60, 61], [8, 9], [38, 39]]
[[60, 61], [8, 9], [42, 11]]
[[60, 61], [8, 9], [42, 23]]
[[60, 61], [8, 9], [42, 43]]
[[60, 61], [8, 9], [42, 55]]
[[60, 61], [8, 9], [54, 23]]
[[60, 61], [8, 9], [54, 55]]
[[60, 61], [8, 21], [2, 3]]
[[60, 61], [8, 21], [2, 11]]
[[60, 61], [8, 21], [2, 23]]
[[60, 61], [8, 21], [2, 35]]
[[60, 61], [8, 21], [2, 43]]
[[60, 61], [8, 21], [2, 55]]
[[60, 61], [8, 21], [6, 3]]
[[60, 61], [8, 21], [6, 7]]
[[60, 61], [8, 21], [6, 35]]
[[60, 61], [8, 21], [6, 39]]
[[60, 61], [8, 21], [10, 11]]
[[60, 61], [8, 21], [10, 23]]
[[60, 61], [8, 21], [10, 43]]
[[60, 61], [8, 21], [10, 55]]
[[60, 61], [8, 21], [22, 23]]
[[60, 61], [8, 21], [22, 55]]
[[60, 61], [8, 21], [34, 3]]
[[60, 61], [8, 21], [34, 11]]
[[60, 61], [8, 21], [34, 23]]
[[60, 61], [8, 21], [34, 35]]
[[60, 61], [8, 21], [34, 43]]
[[60, 61], [8, 21], [34, 55]]
[[60, 61], [8, 21], [38, 3]]
[[60, 61], [8, 21], [38, 7]]
[[60, 61], [8, 21], [38, 35]]
[[60, 61], [8, 21], [38, 39]]
[[60, 61], [8, 21], [42, 11]]
[[60, 61], [8, 21], [42, 23]]
[[60, 61], [8, 21], [42, 43]]
[[60, 61], [8, 21], [42, 55]]
[[60, 61], [8, 21], [54, 23]]
[[60, 61], [8, 21], [54, 55]]
[[60, 61], [8, 41], [2, 3]]
[[60, 61], [8, 41], [2, 11]]
[[60, 61], [8, 41], [2, 23]]
[[60, 61], [8, 41], [2, 35]]
[[60, 61], [8, 41], [2, 43]]
[[60, 61], [8, 41], [2, 55]]
[[60, 61], [8, 41], [6, 3]]
[[60, 61], [8, 41], [6, 7]]
[[60, 61], [8, 41], [6, 35]]
[[60, 61], [8, 41], [6, 39]]
[[60, 61], [8, 41], [10, 11]]
[[60, 61], [8, 41], [10, 23]]
[[60, 61], [8, 41], [10, 43]]
[[60, 61], [8, 41], [10, 55]]
[[60, 61], [8, 41], [22, 23]]
[[60, 61], [8, 41], [22, 55]]
[[60, 61], [8, 41], [34, 3]]
[[60, 61], [8, 41], [34, 11]]
[[60, 61], [8, 41], [34, 23]]
[[60, 61], [8, 41], [34, 35]]
[[60, 61], [8, 41], [34, 43]]
[[60, 61], [8, 41], [34, 55]]
[[60, 61], [8, 41], [38, 3]]
[[60, 61], [8, 41], [38, 7]]
[[60, 61], [8, 41], [38, 35]]
[[60, 61], [8, 41], [38, 39]]
[[60, 61], [8, 41], [42, 11]]
[[60, 61], [8, 41], [42, 23]]
[[60, 61], [8, 41], [42, 43]]
[[60, 61], [8, 41], [42, 55]]
[[60, 61], [8, 41], [54, 23]]
[[60, 61], [8, 41], [54, 55]]
[[60, 61], [8, 53], [2, 3]]
[[60, 61], [8, 53], [2, 11]]
[[60, 61], [8, 53], [2, 23]]
[[60, 61], [8, 53], [2, 35]]
[[60, 61], [8, 53], [2, 43]]
[[60, 61], [8, 53], [2, 55]]
[[60, 61], [8, 53], [6, 3]]
[[60, 61], [8, 53], [6, 7]]
[[60, 61], [8, 53], [6, 35]]
[[60, 61], [8, 53], [6, 39]]
[[60, 61], [8, 53], [10, 11]]
[[60, 61], [8, 53], [10, 23]]
[[60, 61], [8, 53], [10, 43]]
[[60, 61], [8, 53], [10, 55]]
[[60, 61], [8, 53], [22, 23]]
[[60, 61], [8, 53], [22, 55]]
[[60, 61], [8, 53], [34, 3]]
[[60, 61], [8, 53], [34, 11]]
[[60, 61], [8, 53], [34, 23]]
[[60, 61], [8, 53], [34, 35]]
[[60, 61], [8, 53], [34, 43]]
[[60, 61], [8, 53], [34, 55]]
[[60, 61], [8, 53], [38, 3]]
[[60, 61], [8, 53], [38, 7]]
[[60, 61], [8, 53], [38, 35]]
[[60, 61], [8, 53], [38, 39]]
[[60, 61], [8, 53], [42, 11]]
[[60, 61], [8, 53], [42, 23]]
[[60, 61], [8, 53], [42, 43]]
[[60, 61], [8, 53], [42, 55]]
[[60, 61], [8, 53], [54, 23]]
[[60, 61], [8, 53], [54, 55]]
[[60, 61], [20, 9], [2, 3]]
[[60, 61], [20, 9], [2, 11]]
[[60, 61], [20, 9], [2, 23]]
[[60, 61], [20, 9], [2, 35]]
[[60, 61], [20, 9], [2, 43]]
[[60, 61], [20, 9], [2, 55]]
[[60, 61], [20, 9], [6, 3]]
[[60, 61], [20, 9], [6, 7]]
[[60, 61], [20, 9], [6, 35]]
[[60, 61], [20, 9], [6, 39]]
[[60, 61], [20, 9], [10, 11]]
[[60, 61], [20, 9], [10, 23]]
[[60, 61], [20, 9], [10, 43]]
[[60, 61], [20, 9], [10, 55]]
[[60, 61], [20, 9], [22, 23]]
[[60, 61], [20, 9], [22, 55]]
[[60, 61], [20, 9], [34, 3]]
[[60, 61], [20, 9], [34, 11]]
[[60, 61], [20, 9], [34, 23]]
[[60, 61], [20, 9], [34, 35]]
[[60, 61], [20, 9], [34, 43]]
[[60, 61], [20, 9], [34, 55]]
[[60, 61], [20, 9], [38, 3]]
[[60, 61], [20, 9], [38, 7]]
[[60, 61], [20, 9], [38, 35]]
[[60, 61], [20, 9], [38, 39]]
[[60, 61], [20, 9], [42, 11]]
[[60, 61], [20, 9], [42, 23]]
[[60, 61], [20, 9], [42, 43]]
[[60, 61], [20, 9], [42, 55]]
[[60, 61], [20, 9], [54, 23]]
[[60, 61], [20, 9], [54, 55]]
[[60, 61], [20, 21], [2, 3]]
[[60, 61], [20, 21], [2, 11]]
[[60, 61], [20, 21], [2, 23]]
[[60, 61], [20, 21], [2, 35]]
[[60, 61], [20, 21], [2, 43]]
[[60, 61], [20, 21], [2, 55]]
[[60, 61], [20, 21], [6, 3]]
[[60, 61], [20, 21], [6, 7]]
[[60, 61], [20, 21], [6, 35]]
[[60, 61], [20, 21], [6, 39]]
[[60, 61], [20, 21], [10, 11]]
[[60, 61], [20, 21], [10, 23]]
[[60, 61], [20, 21], [10, 43]]
[[60, 61], [20, 21], [10, 55]]
[[60, 61], [20, 21], [22, 23]]
[[60, 61], [20, 21], [22, 55]]
[[60, 61], [20, 21], [34, 3]]
[[60, 61], [20, 21], [34, 11]]
[[60, 61], [20, 21], [34, 23]]
[[60, 61], [20, 21], [34, 35]]
[[60, 61], [20, 21], [34, 43]]
[[60, 61], [20, 21], [34, 55]]
[[60, 61], [20, 21], [38, 3]]
[[60, 61], [20, 21], [38, 7]]
[[60, 61], [20, 21], [38, 35]]
[[60, 61], [20, 21], [38, 39]]
[[60, 61], [20, 21], [42, 11]]
[[60, 61], [20, 21], [42, 23]]
[[60, 61], [20, 21], [42, 43]]
[[60, 61], [20, 21], [42, 55]]
[[60, 61], [20, 21], [54, 23]]
[[60, 61], [20, 21], [54, 55]]
[[60, 61], [20, 41], [2, 3]]
[[60, 61], [20, 41], [2, 11]]
[[60, 61], [20, 41], [2, 23]]
[[60, 61], [20, 41], [2, 35]]
[[60, 61], [20, 41], [2, 43]]
[[60, 61], [20, 41], [2, 55]]
[[60, 61], [20, 41], [6, 3]]
[[60, 61], [20, 41], [6, 7]]
[[60, 61], [20, 41], [6, 35]]
[[60, 61], [20, 41], [6, 39]]
[[60, 61], [20, 41], [10, 11]]
[[60, 61], [20, 41], [10, 23]]
[[60, 61], [20, 41], [10, 43]]
[[60, 61], [20, 41], [10, 55]]
[[60, 61], [20, 41], [22, 23]]
[[60, 61], [20, 41], [22, 55]]
[[60, 61], [20, 41], [34, 3]]
[[60, 61], [20, 41], [34, 11]]
[[60, 61], [20, 41], [34, 23]]
[[60, 61], [20, 41], [34, 35]]
[[60, 61], [20, 41], [34, 43]]
[[60, 61], [20, 41], [34, 55]]
[[60, 61], [20, 41], [38, 3]]
[[60, 61], [20, 41], [38, 7]]
[[60, 61], [20, 41], [38, 35]]
[[60, 61], [20, 41], [38, 39]]
[[60, 61], [20, 41], [42, 11]]
[[60, 61], [20, 41], [42, 23]]
[[60, 61], [20, 41], [42, 43]]
[[60, 61], [20, 41], [42, 55]]
[[60, 61], [20, 41], [54, 23]]
[[60, 61], [20, 41], [54, 55]]
[[60, 61], [20, 53], [2, 3]]
[[60, 61], [20, 53], [2, 11]]
[[60, 61], [20, 53], [2, 23]]
[[60, 61], [20, 53], [2, 35]]
[[60, 61], [20, 53], [2, 43]]
[[60, 61], [20, 53], [2, 55]]
[[60, 61], [20, 53], [6, 3]]
[[60, 61], [20, 53], [6, 7]]
[[60, 61], [20, 53], [6, 35]]
[[60, 61], [20, 53], [6, 39]]
[[60, 61], [20, 53], [10, 11]]
[[60, 61], [20, 53], [10, 23]]
[[60, 61], [20, 53], [10, 43]]
[[60, 61], [20, 53], [10, 55]]
[[60, 61], [20, 53], [22, 23]]
[[60, 61], [20, 53], [22, 55]]
[[60, 61], [20, 53], [34, 3]]
[[60, 61], [20, 53], [34, 11]]
[[60, 61], [20, 53], [34, 23]]
[[60, 61], [20, 53], [34, 35]]
[[60, 61], [20, 53], [34, 43]]
[[60, 61], [20, 53], [34, 55]]
[[60, 61], [20, 53], [38, 3]]
[[60, 61], [20, 53], [38, 7]]
[[60, 61], [20, 53], [38, 35]]
[[60, 61], [20, 53], [38, 39]]
[[60, 61], [20, 53], [42, 11]]
[[60, 61], [20, 53], [42, 23]]
[[60, 61], [20, 53], [42, 43]]
[[60, 61], [20, 53], [42, 55]]
[[60, 61], [20, 53], [54, 23]]
[[60, 61], [20, 53], [54, 55]]
[[60, 61], [30, 9], [2, 3]]
[[60, 61], [30, 9], [2, 11]]
[[60, 61], [30, 9], [2, 23]]
[[60, 61], [30, 9], [2, 35]]
[[60, 61], [30, 9], [2, 43]]
[[60, 61], [30, 9], [2, 55]]
[[60, 61], [30, 9], [6, 3]]
[[60, 61], [30, 9], [6, 7]]
[[60, 61], [30, 9], [6, 35]]
[[60, 61], [30, 9], [6, 39]]
[[60, 61], [30, 9], [10, 11]]
[[60, 61], [30, 9], [10, 23]]
[[60, 61], [30, 9], [10, 43]]
[[60, 61], [30, 9], [10, 55]]
[[60, 61], [30, 9], [22, 23]]
[[60, 61], [30, 9], [22, 55]]
[[60, 61], [30, 9], [34, 3]]
[[60, 61], [30, 9], [34, 11]]
[[60, 61], [30, 9], [34, 23]]
[[60, 61], [30, 9], [34, 35]]
[[60, 61], [30, 9], [34, 43]]
[[60, 61], [30, 9], [34, 55]]
[[60, 61], [30, 9], [38, 3]]
[[60, 61], [30, 9], [38, 7]]
[[60, 61], [30, 9], [38, 35]]
[[60, 61], [30, 9], [38, 39]]
[[60, 61], [30, 9], [42, 11]]
[[60, 61], [30, 9], [42, 23]]
[[60, 61], [30, 9], [42, 43]]
[[60, 61], [30, 9], [42, 55]]
[[60, 61], [30, 9], [54, 23]]
[[60, 61], [30, 9], [54, 55]]
[[60, 61], [30, 21], [2, 3]]
[[60, 61], [30, 21], [2, 11]]
[[60, 61], [30, 21], [2, 23]]
[[60, 61], [30, 21], [2, 35]]
[[60, 61], [30, 21], [2, 43]]
[[60, 61], [30, 21], [2, 55]]
[[60, 61], [30, 21], [6, 3]]
[[60, 61], [30, 21], [6, 7]]
[[60, 61], [30, 21], [6, 35]]
[[60, 61], [30, 21], [6, 39]]
[[60, 61], [30, 21], [10, 11]]
[[60, 61], [30, 21], [10, 23]]
[[60, 61], [30, 21], [10, 43]]
[[60, 61], [30, 21], [10, 55]]
[[60, 61], [30, 21], [22, 23]]
[[60, 61], [30, 21], [22, 55]]
[[60, 61], [30, 21], [34, 3]]
[[60, 61], [30, 21], [34, 11]]
[[60, 61], [30, 21], [34, 23]]
[[60, 61], [30, 21], [34, 35]]
[[60, 61], [30, 21], [34, 43]]
[[60, 61], [30, 21], [34, 55]]
[[60, 61], [30, 21], [38, 3]]
[[60, 61], [30, 21], [38, 7]]
[[60, 61], [30, 21], [38, 35]]
[[60, 61], [30, 21], [38, 39]]
[[60, 61], [30, 21], [42, 11]]
[[60, 61], [30, 21], [42, 23]]
[[60, 61], [30, 21], [42, 43]]
[[60, 61], [30, 21], [42, 55]]
[[60, 61], [30, 21], [54, 23]]
[[60, 61], [30, 21], [54, 55]]
[[60, 61], [30, 31], [2, 3]]
[[60, 61], [30, 31], [2, 11]]
[[60, 61], [30, 31], [2, 23]]
[[60, 61], [30, 31], [2, 35]]
[[60, 61], [30, 31], [2, 43]]
[[60, 61], [30, 31], [2, 55]]
[[60, 61], [30, 31], [6, 3]]
[[60, 61], [30, 31], [6, 7]]
[[60, 61], [30, 31], [6, 35]]
[[60, 61], [30, 31], [6, 39]]
[[60, 61], [30, 31], [10, 11]]
[[60, 61], [30, 31], [10, 23]]
[[60, 61], [30, 31], [10, 43]]
[[60, 61], [30, 31], [10, 55]]
[[60, 61], [30, 31], [22, 23]]
[[60, 61], [30, 31], [22, 55]]
[[60, 61], [30, 31], [34, 3]]
[[60, 61], [30, 31], [34, 11]]
[[60, 61], [30, 31], [34, 23]]
[[60, 61], [30, 31], [34, 35]]
[[60, 61], [30, 31], [34, 43]]
[[60, 61], [30, 31], [34, 55]]
[[60, 61], [30, 31], [38, 3]]
[[60, 61], [30, 31], [38, 7]]
[[60, 61], [30, 31], [38, 35]]
[[60, 61], [30, 31], [38, 39]]
[[60, 61], [30, 31], [42, 11]]
[[60, 61], [30, 31], [42, 23]]
[[60, 61], [30, 31], [42, 43]]
[[60, 61], [30, 31], [42, 55]]
[[60, 61], [30, 31], [54, 23]]
[[60, 61], [30, 31], [54, 55]]
[[60, 61], [30, 41], [2, 3]]
[[60, 61], [30, 41], [2, 11]]
[[60, 61], [30, 41], [2, 23]]
[[60, 61], [30, 41], [2, 35]]
[[60, 61], [30, 41], [2, 43]]
[[60, 61], [30, 41], [2, 55]]
[[60, 61], [30, 41], [6, 3]]
[[60, 61], [30, 41], [6, 7]]
[[60, 61], [30, 41], [6, 35]]
[[60, 61], [30, 41], [6, 39]]
[[60, 61], [30, 41], [10, 11]]
[[60, 61], [30, 41], [10, 23]]
[[60, 61], [30, 41], [10, 43]]
[[60, 61], [30, 41], [10, 55]]
[[60, 61], [30, 41], [22, 23]]
[[60, 61], [30, 41], [22, 55]]
[[60, 61], [30, 41], [34, 3]]
[[60, 61], [30, 41], [34, 11]]
[[60, 61], [30, 41], [34, 23]]
[[60, 61], [30, 41], [34, 35]]
[[60, 61], [30, 41], [34, 43]]
[[60, 61], [30, 41], [34, 55]]
[[60, 61], [30, 41], [38, 3]]
[[60, 61], [30, 41], [38, 7]]
[[60, 61], [30, 41], [38, 35]]
[[60, 61], [30, 41], [38, 39]]
[[60, 61], [30, 41], [42, 11]]
[[60, 61], [30, 41], [42, 23]]
[[60, 61], [30, 41], [42, 43]]
[[60, 61], [30, 41], [42, 55]]
[[60, 61], [30, 41], [54, 23]]
[[60, 61], [30, 41], [54, 55]]
[[60, 61], [30, 53], [2, 3]]
[[60, 61], [30, 53], [2, 11]]
[[60, 61], [30, 53], [2, 23]]
[[60, 61], [30, 53], [2, 35]]
[[60, 61], [30, 53], [2, 43]]
[[60, 61], [30, 53], [2, 55]]
[[60, 61], [30, 53], [6, 3]]
[[60, 61], [30, 53], [6, 7]]
[[60, 61], [30, 53], [6, 35]]
[[60, 61], [30, 53], [6, 39]]
[[60, 61], [30, 53], [10, 11]]
[[60, 61], [30, 53], [10, 23]]
[[60, 61], [30, 53], [10, 43]]
[[60, 61], [30, 53], [10, 55]]
[[60, 61], [30, 53], [22, 23]]
[[60, 61], [30, 53], [22, 55]]
[[60, 61], [30, 53], [34, 3]]
[[60, 61], [30, 53], [34, 11]]
[[60, 61], [30, 53], [34, 23]]
[[60, 61], [30, 53], [34, 35]]
[[60, 61], [30, 53], [34, 43]]
[[60, 61], [30, 53], [34, 55]]
[[60, 61], [30, 53], [38, 3]]
[[60, 61], [30, 53], [38, 7]]
[[60, 61], [30, 53], [38, 35]]
[[60, 61], [30, 53], [38, 39]]
[[60, 61], [30, 53], [42, 11]]
[[60, 61], [30, 53], [42, 23]]
[[60, 61], [30, 53], [42, 43]]
[[60, 61], [30, 53], [42, 55]]
[[60, 61], [30, 53], [54, 23]]
[[60, 61], [30, 53], [54, 55]]
[[60, 61], [30, 63], [2, 3]]
[[60, 61], [30, 63], [2, 11]]
[[60, 61], [30, 63], [2, 23]]
[[60, 61], [30, 63], [2, 35]]
[[60, 61], [30, 63], [2, 43]]
[[60, 61], [30, 63], [2, 55]]
[[60, 61], [30, 63], [6, 3]]
[[60, 61], [30, 63], [6, 7]]
[[60, 61], [30, 63], [6, 35]]
[[60, 61], [30, 63], [6, 39]]
[[60, 61], [30, 63], [10, 11]]
[[60, 61], [30, 63], [10, 23]]
[[60, 61], [30, 63], [10, 43]]
[[60, 61], [30, 63], [10, 55]]
[[60, 61], [30, 63], [22, 23]]
[[60, 61], [30, 63], [22, 55]]
[[60, 61], [30, 63], [34, 3]]
[[60, 61], [30, 63], [34, 11]]
[[60, 61], [30, 63], [34, 23]]
[[60, 61], [30, 63], [34, 35]]
[[60, 61], [30, 63], [34, 43]]
[[60, 61], [30, 63], [34, 55]]
[[60, 61], [30, 63], [38, 3]]
[[60, 61], [30, 63], [38, 7]]
[[60, 61], [30, 63], [38, 35]]
[[60, 61], [30, 63], [38, 39]]
[[60, 61], [30, 63], [42, 11]]
[[60, 61], [30, 63], [42, 23]]
[[60, 61], [30, 63], [42, 43]]
[[60, 61], [30, 63], [42, 55]]
[[60, 61], [30, 63], [54, 23]]
[[60, 61], [30, 63], [54, 55]]
[[60, 61], [32, 1], [2, 3]]
[[60, 61], [32, 1], [2, 11]]
[[60, 61], [32, 1], [2, 23]]
[[60, 61], [32, 1], [2, 35]]
[[60, 61], [32, 1], [2, 43]]
[[60, 61], [32, 1], [2, 55]]
[[60, 61], [32, 1], [6, 3]]
[[60, 61], [32, 1], [6, 7]]
[[60, 61], [32, 1], [6, 35]]
[[60, 61], [32, 1], [6, 39]]
[[60, 61], [32, 1], [10, 11]]
[[60, 61], [32, 1], [10, 23]]
[[60, 61], [32, 1], [10, 43]]
[[60, 61], [32, 1], [10, 55]]
[[60, 61], [32, 1], [14, 7]]
[[60, 61], [32, 1], [14, 15]]
[[60, 61], [32, 1], [14, 39]]
[[60, 61], [32, 1], [14, 47]]
[[60, 61], [32, 1], [34, 3]]
[[60, 61], [32, 1], [34, 11]]
[[60, 61], [32, 1], [34, 23]]
[[60, 61], [32, 1], [34, 35]]
[[60, 61], [32, 1], [34, 43]]
[[60, 61], [32, 1], [34, 55]]
[[60, 61], [32, 1], [38, 3]]
[[60, 61], [32, 1], [38, 7]]
[[60, 61], [32, 1], [38, 35]]
[[60, 61], [32, 1], [38, 39]]
[[60, 61], [32, 1], [42, 11]]
[[60, 61], [32, 1], [42, 23]]
[[60, 61], [32, 1], [42, 43]]
[[60, 61], [32, 1], [42, 55]]
[[60, 61], [32, 1], [46, 7]]
[[60, 61], [32, 1], [46, 15]]
[[60, 61], [32, 1], [46, 39]]
[[60, 61], [32, 1], [46, 47]]
[[60, 61], [32, 9], [2, 3]]
[[60, 61], [32, 9], [2, 11]]
[[60, 61], [32, 9], [2, 23]]
[[60, 61], [32, 9], [2, 35]]
[[60, 61], [32, 9], [2, 43]]
[[60, 61], [32, 9], [2, 55]]
[[60, 61], [32, 9], [6, 3]]
[[60, 61], [32, 9], [6, 7]]
[[60, 61], [32, 9], [6, 35]]
[[60, 61], [32, 9], [6, 39]]
[[60, 61], [32, 9], [10, 11]]
[[60, 61], [32, 9], [10, 23]]
[[60, 61], [32, 9], [10, 43]]
[[60, 61], [32, 9], [10, 55]]
[[60, 61], [32, 9], [22, 23]]
[[60, 61], [32, 9], [22, 55]]
[[60, 61], [32, 9], [34, 3]]
[[60, 61], [32, 9], [34, 11]]
[[60, 61], [32, 9], [34, 23]]
[[60, 61], [32, 9], [34, 35]]
[[60, 61], [32, 9], [34, 43]]
[[60, 61], [32, 9], [34, 55]]
[[60, 61], [32, 9], [38, 3]]
[[60, 61], [32, 9], [38, 7]]
[[60, 61], [32, 9], [38, 35]]
[[60, 61], [32, 9], [38, 39]]
[[60, 61], [32, 9], [42, 11]]
[[60, 61], [32, 9], [42, 23]]
[[60, 61], [32, 9], [42, 43]]
[[60, 61], [32, 9], [42, 55]]
[[60, 61], [32, 9], [54, 23]]
[[60, 61], [32, 9], [54, 55]]
[[60, 61], [32, 21], [2, 3]]
[[60, 61], [32, 21], [2, 11]]
[[60, 61], [32, 21], [2, 23]]
[[60, 61], [32, 21], [2, 35]]
[[60, 61], [32, 21], [2, 43]]
[[60, 61], [32, 21], [2, 55]]
[[60, 61], [32, 21], [6, 3]]
[[60, 61], [32, 21], [6, 7]]
[[60, 61], [32, 21], [6, 35]]
[[60, 61], [32, 21], [6, 39]]
[[60, 61], [32, 21], [10, 11]]
[[60, 61], [32, 21], [10, 23]]
[[60, 61], [32, 21], [10, 43]]
[[60, 61], [32, 21], [10, 55]]
[[60, 61], [32, 21], [22, 23]]
[[60, 61], [32, 21], [22, 55]]
[[60, 61], [32, 21], [34, 3]]
[[60, 61], [32, 21], [34, 11]]
[[60, 61], [32, 21], [34, 23]]
[[60, 61], [32, 21], [34, 35]]
[[60, 61], [32, 21], [34, 43]]
[[60, 61], [32, 21], [34, 55]]
[[60, 61], [32, 21], [38, 3]]
[[60, 61], [32, 21], [38, 7]]
[[60, 61], [32, 21], [38, 35]]
[[60, 61], [32, 21], [38, 39]]
[[60, 61], [32, 21], [42, 11]]
[[60, 61], [32, 21], [42, 23]]
[[60, 61], [32, 21], [42, 43]]
[[60, 61], [32, 21], [42, 55]]
[[60, 61], [32, 21], [54, 23]]
[[60, 61], [32, 21], [54, 55]]
[[60, 61], [32, 31], [2, 3]]
[[60, 61], [32, 31], [2, 11]]
[[60, 61], [32, 31], [2, 23]]
[[60, 61], [32, 31], [2, 35]]
[[60, 61], [32, 31], [2, 43]]
[[60, 61], [32, 31], [2, 55]]
[[60, 61], [32, 31], [6, 3]]
[[60, 61], [32, 31], [6, 7]]
[[60, 61], [32, 31], [6, 35]]
[[60, 61], [32, 31], [6, 39]]
[[60, 61], [32, 31], [10, 11]]
[[60, 61], [32, 31], [10, 23]]
[[60, 61], [32, 31], [10, 43]]
[[60, 61], [32, 31], [10, 55]]
[[60, 61], [32, 31], [22, 23]]
[[60, 61], [32, 31], [22, 55]]
[[60, 61], [32, 31], [34, 3]]
[[60, 61], [32, 31], [34, 11]]
[[60, 61], [32, 31], [34, 23]]
[[60, 61], [32, 31], [34, 35]]
[[60, 61], [32, 31], [34, 43]]
[[60, 61], [32, 31], [34, 55]]
[[60, 61], [32, 31], [38, 3]]
[[60, 61], [32, 31], [38, 7]]
[[60, 61], [32, 31], [38, 35]]
[[60, 61], [32, 31], [38, 39]]
[[60, 61], [32, 31], [42, 11]]
[[60, 61], [32, 31], [42, 23]]
[[60, 61], [32, 31], [42, 43]]
[[60, 61], [32, 31], [42, 55]]
[[60, 61], [32, 31], [54, 23]]
[[60, 61], [32, 31], [54, 55]]
[[60, 61], [32, 33], [2, 3]]
[[60, 61], [32, 33], [2, 11]]
[[60, 61], [32, 33], [2, 23]]
[[60, 61], [32, 33], [2, 35]]
[[60, 61], [32, 33], [2, 43]]
[[60, 61], [32, 33], [2, 55]]
[[60, 61], [32, 33], [6, 3]]
[[60, 61], [32, 33], [6, 7]]
[[60, 61], [32, 33], [6, 35]]
[[60, 61], [32, 33], [6, 39]]
[[60, 61], [32, 33], [10, 11]]
[[60, 61], [32, 33], [10, 23]]
[[60, 61], [32, 33], [10, 43]]
[[60, 61], [32, 33], [10, 55]]
[[60, 61], [32, 33], [14, 7]]
[[60, 61], [32, 33], [14, 15]]
[[60, 61], [32, 33], [14, 39]]
[[60, 61], [32, 33], [14, 47]]
[[60, 61], [32, 33], [34, 3]]
[[60, 61], [32, 33], [34, 11]]
[[60, 61], [32, 33], [34, 23]]
[[60, 61], [32, 33], [34, 35]]
[[60, 61], [32, 33], [34, 43]]
[[60, 61], [32, 33], [34, 55]]
[[60, 61], [32, 33], [38, 3]]
[[60, 61], [32, 33], [38, 7]]
[[60, 61], [32, 33], [38, 35]]
[[60, 61], [32, 33], [38, 39]]
[[60, 61], [32, 33], [42, 11]]
[[60, 61], [32, 33], [42, 23]]
[[60, 61], [32, 33], [42, 43]]
[[60, 61], [32, 33], [42, 55]]
[[60, 61], [32, 33], [46, 7]]
[[60, 61], [32, 33], [46, 15]]
[[60, 61], [32, 33], [46, 39]]
[[60, 61], [32, 33], [46, 47]]
[[60, 61], [32, 41], [2, 3]]
[[60, 61], [32, 41], [2, 11]]
[[60, 61], [32, 41], [2, 23]]
[[60, 61], [32, 41], [2, 35]]
[[60, 61], [32, 41], [2, 43]]
[[60, 61], [32, 41], [2, 55]]
[[60, 61], [32, 41], [6, 3]]
[[60, 61], [32, 41], [6, 7]]
[[60, 61], [32, 41], [6, 35]]
[[60, 61], [32, 41], [6, 39]]
[[60, 61], [32, 41], [10, 11]]
[[60, 61], [32, 41], [10, 23]]
[[60, 61], [32, 41], [10, 43]]
[[60, 61], [32, 41], [10, 55]]
[[60, 61], [32, 41], [22, 23]]
[[60, 61], [32, 41], [22, 55]]
[[60, 61], [32, 41], [34, 3]]
[[60, 61], [32, 41], [34, 11]]
[[60, 61], [32, 41], [34, 23]]
[[60, 61], [32, 41], [34, 35]]
[[60, 61], [32, 41], [34, 43]]
[[60, 61], [32, 41], [34, 55]]
[[60, 61], [32, 41], [38, 3]]
[[60, 61], [32, 41], [38, 7]]
[[60, 61], [32, 41], [38, 35]]
[[60, 61], [32, 41], [38, 39]]
[[60, 61], [32, 41], [42, 11]]
[[60, 61], [32, 41], [42, 23]]
[[60, 61], [32, 41], [42, 43]]
[[60, 61], [32, 41], [42, 55]]
[[60, 61], [32, 41], [54, 23]]
[[60, 61], [32, 41], [54, 55]]
[[60, 61], [32, 53], [2, 3]]
[[60, 61], [32, 53], [2, 11]]
[[60, 61], [32, 53], [2, 23]]
[[60, 61], [32, 53], [2, 35]]
[[60, 61], [32, 53], [2, 43]]
[[60, 61], [32, 53], [2, 55]]
[[60, 61], [32, 53], [6, 3]]
[[60, 61], [32, 53], [6, 7]]
[[60, 61], [32, 53], [6, 35]]
[[60, 61], [32, 53], [6, 39]]
[[60, 61], [32, 53], [10, 11]]
[[60, 61], [32, 53], [10, 23]]
[[60, 61], [32, 53], [10, 43]]
[[60, 61], [32, 53], [10, 55]]
[[60, 61], [32, 53], [22, 23]]
[[60, 61], [32, 53], [22, 55]]
[[60, 61], [32, 53], [34, 3]]
[[60, 61], [32, 53], [34, 11]]
[[60, 61], [32, 53], [34, 23]]
[[60, 61], [32, 53], [34, 35]]
[[60, 61], [32, 53], [34, 43]]
[[60, 61], [32, 53], [34, 55]]
[[60, 61], [32, 53], [38, 3]]
[[60, 61], [32, 53], [38, 7]]
[[60, 61], [32, 53], [38, 35]]
[[60, 61], [32, 53], [38, 39]]
[[60, 61], [32, 53], [42, 11]]
[[60, 61], [32, 53], [42, 23]]
[[60, 61], [32, 53], [42, 43]]
[[60, 61], [32, 53], [42, 55]]
[[60, 61], [32, 53], [54, 23]]
[[60, 61], [32, 53], [54, 55]]
[[60, 61], [32, 63], [2, 3]]
[[60, 61], [32, 63], [2, 11]]
[[60, 61], [32, 63], [2, 23]]
[[60, 61], [32, 63], [2, 35]]
[[60, 61], [32, 63], [2, 43]]
[[60, 61], [32, 63], [2, 55]]
[[60, 61], [32, 63], [6, 3]]
[[60, 61], [32, 63], [6, 7]]
[[60, 61], [32, 63], [6, 35]]
[[60, 61], [32, 63], [6, 39]]
[[60, 61], [32, 63], [10, 11]]
[[60, 61], [32, 63], [10, 23]]
[[60, 61], [32, 63], [10, 43]]
[[60, 61], [32, 63], [10, 55]]
[[60, 61], [32, 63], [22, 23]]
[[60, 61], [32, 63], [22, 55]]
[[60, 61], [32, 63], [34, 3]]
[[60, 61], [32, 63], [34, 11]]
[[60, 61], [32, 63], [34, 23]]
[[60, 61], [32, 63], [34, 35]]
[[60, 61], [32, 63], [34, 43]]
[[60, 61], [32, 63], [34, 55]]
[[60, 61], [32, 63], [38, 3]]
[[60, 61], [32, 63], [38, 7]]
[[60, 61], [32, 63], [38, 35]]
[[60, 61], [32, 63], [38, 39]]
[[60, 61], [32, 63], [42, 11]]
[[60, 61], [32, 63], [42, 23]]
[[60, 61], [32, 63], [42, 43]]
[[60, 61], [32, 63], [42, 55]]
[[60, 61], [32, 63], [54, 23]]
[[60, 61], [32, 63], [54, 55]]
[[60, 61], [36, 1], [2, 3]]
[[60, 61], [36, 1], [2, 11]]
[[60, 61], [36, 1], [2, 23]]
[[60, 61], [36, 1], [2, 35]]
[[60, 61], [36, 1], [2, 43]]
[[60, 61], [36, 1], [2, 55]]
[[60, 61], [36, 1], [6, 3]]
[[60, 61], [36, 1], [6, 7]]
[[60, 61], [36, 1], [6, 35]]
[[60, 61], [36, 1], [6, 39]]
[[60, 61], [36, 1], [10, 11]]
[[60, 61], [36, 1], [10, 23]]
[[60, 61], [36, 1], [10, 43]]
[[60, 61], [36, 1], [10, 55]]
[[60, 61], [36, 1], [14, 7]]
[[60, 61], [36, 1], [14, 15]]
[[60, 61], [36, 1], [14, 39]]
[[60, 61], [36, 1], [14, 47]]
[[60, 61], [36, 1], [34, 3]]
[[60, 61], [36, 1], [34, 11]]
[[60, 61], [36, 1], [34, 23]]
[[60, 61], [36, 1], [34, 35]]
[[60, 61], [36, 1], [34, 43]]
[[60, 61], [36, 1], [34, 55]]
[[60, 61], [36, 1], [38, 3]]
[[60, 61], [36, 1], [38, 7]]
[[60, 61], [36, 1], [38, 35]]
[[60, 61], [36, 1], [38, 39]]
[[60, 61], [36, 1], [42, 11]]
[[60, 61], [36, 1], [42, 23]]
[[60, 61], [36, 1], [42, 43]]
[[60, 61], [36, 1], [42, 55]]
[[60, 61], [36, 1], [46, 7]]
[[60, 61], [36, 1], [46, 15]]
[[60, 61], [36, 1], [46, 39]]
[[60, 61], [36, 1], [46, 47]]
[[60, 61], [36, 5], [6, 3]]
[[60, 61], [36, 5], [6, 7]]
[[60, 61], [36, 5], [6, 35]]
[[60, 61], [36, 5], [6, 39]]
[[60, 61], [36, 5], [14, 7]]
[[60, 61], [36, 5], [14, 15]]
[[60, 61], [36, 5], [14, 39]]
[[60, 61], [36, 5], [14, 47]]
[[60, 61], [36, 5], [18, 15]]
[[60, 61], [36, 5], [18, 19]]
[[60, 61], [36, 5], [18, 47]]
[[60, 61], [36, 5], [18, 51]]
[[60, 61], [36, 5], [38, 3]]
[[60, 61], [36, 5], [38, 7]]
[[60, 61], [36, 5], [38, 35]]
[[60, 61], [36, 5], [38, 39]]
[[60, 61], [36, 5], [46, 7]]
[[60, 61], [36, 5], [46, 15]]
[[60, 61], [36, 5], [46, 39]]
[[60, 61], [36, 5], [46, 47]]
[[60, 61], [36, 5], [50, 15]]
[[60, 61], [36, 5], [50, 19]]
[[60, 61], [36, 5], [50, 47]]
[[60, 61], [36, 5], [50, 51]]
[[60, 61], [36, 33], [2, 3]]
[[60, 61], [36, 33], [2, 11]]
[[60, 61], [36, 33], [2, 23]]
[[60, 61], [36, 33], [2, 35]]
[[60, 61], [36, 33], [2, 43]]
[[60, 61], [36, 33], [2, 55]]
[[60, 61], [36, 33], [6, 3]]
[[60, 61], [36, 33], [6, 7]]
[[60, 61], [36, 33], [6, 35]]
[[60, 61], [36, 33], [6, 39]]
[[60, 61], [36, 33], [10, 11]]
[[60, 61], [36, 33], [10, 23]]
[[60, 61], [36, 33], [10, 43]]
[[60, 61], [36, 33], [10, 55]]
[[60, 61], [36, 33], [14, 7]]
[[60, 61], [36, 33], [14, 15]]
[[60, 61], [36, 33], [14, 39]]
[[60, 61], [36, 33], [14, 47]]
[[60, 61], [36, 33], [34, 3]]
[[60, 61], [36, 33], [34, 11]]
[[60, 61], [36, 33], [34, 23]]
[[60, 61], [36, 33], [34, 35]]
[[60, 61], [36, 33], [34, 43]]
[[60, 61], [36, 33], [34, 55]]
[[60, 61], [36, 33], [38, 3]]
[[60, 61], [36, 33], [38, 7]]
[[60, 61], [36, 33], [38, 35]]
[[60, 61], [36, 33], [38, 39]]
[[60, 61], [36, 33], [42, 11]]
[[60, 61], [36, 33], [42, 23]]
[[60, 61], [36, 33], [42, 43]]
[[60, 61], [36, 33], [42, 55]]
[[60, 61], [36, 33], [46, 7]]
[[60, 61], [36, 33], [46, 15]]
[[60, 61], [36, 33], [46, 39]]
[[60, 61], [36, 33], [46, 47]]
[[60, 61], [36, 37], [6, 3]]
[[60, 61], [36, 37], [6, 7]]
[[60, 61], [36, 37], [6, 35]]
[[60, 61], [36, 37], [6, 39]]
[[60, 61], [36, 37], [14, 7]]
[[60, 61], [36, 37], [14, 15]]
[[60, 61], [36, 37], [14, 39]]
[[60, 61], [36, 37], [14, 47]]
[[60, 61], [36, 37], [18, 15]]
[[60, 61], [36, 37], [18, 19]]
[[60, 61], [36, 37], [18, 47]]
[[60, 61], [36, 37], [18, 51]]
[[60, 61], [36, 37], [38, 3]]
[[60, 61], [36, 37], [38, 7]]
[[60, 61], [36, 37], [38, 35]]
[[60, 61], [36, 37], [38, 39]]
[[60, 61], [36, 37], [46, 7]]
[[60, 61], [36, 37], [46, 15]]
[[60, 61], [36, 37], [46, 39]]
[[60, 61], [36, 37], [46, 47]]
[[60, 61], [36, 37], [50, 15]]
[[60, 61], [36, 37], [50, 19]]
[[60, 61], [36, 37], [50, 47]]
[[60, 61], [36, 37], [50, 51]]
[[60, 61], [40, 9], [2, 3]]
[[60, 61], [40, 9], [2, 11]]
[[60, 61], [40, 9], [2, 23]]
[[60, 61], [40, 9], [2, 35]]
[[60, 61], [40, 9], [2, 43]]
[[60, 61], [40, 9], [2, 55]]
[[60, 61], [40, 9], [6, 3]]
[[60, 61], [40, 9], [6, 7]]
[[60, 61], [40, 9], [6, 35]]
[[60, 61], [40, 9], [6, 39]]
[[60, 61], [40, 9], [10, 11]]
[[60, 61], [40, 9], [10, 23]]
[[60, 61], [40, 9], [10, 43]]
[[60, 61], [40, 9], [10, 55]]
[[60, 61], [40, 9], [22, 23]]
[[60, 61], [40, 9], [22, 55]]
[[60, 61], [40, 9], [34, 3]]
[[60, 61], [40, 9], [34, 11]]
[[60, 61], [40, 9], [34, 23]]
[[60, 61], [40, 9], [34, 35]]
[[60, 61], [40, 9], [34, 43]]
[[60, 61], [40, 9], [34, 55]]
[[60, 61], [40, 9], [38, 3]]
[[60, 61], [40, 9], [38, 7]]
[[60, 61], [40, 9], [38, 35]]
[[60, 61], [40, 9], [38, 39]]
[[60, 61], [40, 9], [42, 11]]
[[60, 61], [40, 9], [42, 23]]
[[60, 61], [40, 9], [42, 43]]
[[60, 61], [40, 9], [42, 55]]
[[60, 61], [40, 9], [54, 23]]
[[60, 61], [40, 9], [54, 55]]
[[60, 61], [40, 21], [2, 3]]
[[60, 61], [40, 21], [2, 11]]
[[60, 61], [40, 21], [2, 23]]
[[60, 61], [40, 21], [2, 35]]
[[60, 61], [40, 21], [2, 43]]
[[60, 61], [40, 21], [2, 55]]
[[60, 61], [40, 21], [6, 3]]
[[60, 61], [40, 21], [6, 7]]
[[60, 61], [40, 21], [6, 35]]
[[60, 61], [40, 21], [6, 39]]
[[60, 61], [40, 21], [10, 11]]
[[60, 61], [40, 21], [10, 23]]
[[60, 61], [40, 21], [10, 43]]
[[60, 61], [40, 21], [10, 55]]
[[60, 61], [40, 21], [22, 23]]
[[60, 61], [40, 21], [22, 55]]
[[60, 61], [40, 21], [34, 3]]
[[60, 61], [40, 21], [34, 11]]
[[60, 61], [40, 21], [34, 23]]
[[60, 61], [40, 21], [34, 35]]
[[60, 61], [40, 21], [34, 43]]
[[60, 61], [40, 21], [34, 55]]
[[60, 61], [40, 21], [38, 3]]
[[60, 61], [40, 21], [38, 7]]
[[60, 61], [40, 21], [38, 35]]
[[60, 61], [40, 21], [38, 39]]
[[60, 61], [40, 21], [42, 11]]
[[60, 61], [40, 21], [42, 23]]
[[60, 61], [40, 21], [42, 43]]
[[60, 61], [40, 21], [42, 55]]
[[60, 61], [40, 21], [54, 23]]
[[60, 61], [40, 21], [54, 55]]
[[60, 61], [40, 41], [2, 3]]
[[60, 61], [40, 41], [2, 11]]
[[60, 61], [40, 41], [2, 23]]
[[60, 61], [40, 41], [2, 35]]
[[60, 61], [40, 41], [2, 43]]
[[60, 61], [40, 41], [2, 55]]
[[60, 61], [40, 41], [6, 3]]
[[60, 61], [40, 41], [6, 7]]
[[60, 61], [40, 41], [6, 35]]
[[60, 61], [40, 41], [6, 39]]
[[60, 61], [40, 41], [10, 11]]
[[60, 61], [40, 41], [10, 23]]
[[60, 61], [40, 41], [10, 43]]
[[60, 61], [40, 41], [10, 55]]
[[60, 61], [40, 41], [22, 23]]
[[60, 61], [40, 41], [22, 55]]
[[60, 61], [40, 41], [34, 3]]
[[60, 61], [40, 41], [34, 11]]
[[60, 61], [40, 41], [34, 23]]
[[60, 61], [40, 41], [34, 35]]
[[60, 61], [40, 41], [34, 43]]
[[60, 61], [40, 41], [34, 55]]
[[60, 61], [40, 41], [38, 3]]
[[60, 61], [40, 41], [38, 7]]
[[60, 61], [40, 41], [38, 35]]
[[60, 61], [40, 41], [38, 39]]
[[60, 61], [40, 41], [42, 11]]
[[60, 61], [40, 41], [42, 23]]
[[60, 61], [40, 41], [42, 43]]
[[60, 61], [40, 41], [42, 55]]
[[60, 61], [40, 41], [54, 23]]
[[60, 61], [40, 41], [54, 55]]
[[60, 61], [40, 53], [2, 3]]
[[60, 61], [40, 53], [2, 11]]
[[60, 61], [40, 53], [2, 23]]
[[60, 61], [40, 53], [2, 35]]
[[60, 61], [40, 53], [2, 43]]
[[60, 61], [40, 53], [2, 55]]
[[60, 61], [40, 53], [6, 3]]
[[60, 61], [40, 53], [6, 7]]
[[60, 61], [40, 53], [6, 35]]
[[60, 61], [40, 53], [6, 39]]
[[60, 61], [40, 53], [10, 11]]
[[60, 61], [40, 53], [10, 23]]
[[60, 61], [40, 53], [10, 43]]
[[60, 61], [40, 53], [10, 55]]
[[60, 61], [40, 53], [22, 23]]
[[60, 61], [40, 53], [22, 55]]
[[60, 61], [40, 53], [34, 3]]
[[60, 61], [40, 53], [34, 11]]
[[60, 61], [40, 53], [34, 23]]
[[60, 61], [40, 53], [34, 35]]
[[60, 61], [40, 53], [34, 43]]
[[60, 61], [40, 53], [34, 55]]
[[60, 61], [40, 53], [38, 3]]
[[60, 61], [40, 53], [38, 7]]
[[60, 61], [40, 53], [38, 35]]
[[60, 61], [40, 53], [38, 39]]
[[60, 61], [40, 53], [42, 11]]
[[60, 61], [40, 53], [42, 23]]
[[60, 61], [40, 53], [42, 43]]
[[60, 61], [40, 53], [42, 55]]
[[60, 61], [40, 53], [54, 23]]
[[60, 61], [40, 53], [54, 55]]
[[60, 61], [52, 9], [2, 3]]
[[60, 61], [52, 9], [2, 11]]
[[60, 61], [52, 9], [2, 23]]
[[60, 61], [52, 9], [2, 35]]
[[60, 61], [52, 9], [2, 43]]
[[60, 61], [52, 9], [2, 55]]
[[60, 61], [52, 9], [6, 3]]
[[60, 61], [52, 9], [6, 7]]
[[60, 61], [52, 9], [6, 35]]
[[60, 61], [52, 9], [6, 39]]
[[60, 61], [52, 9], [10, 11]]
[[60, 61], [52, 9], [10, 23]]
[[60, 61], [52, 9], [10, 43]]
[[60, 61], [52, 9], [10, 55]]
[[60, 61], [52, 9], [22, 23]]
[[60, 61], [52, 9], [22, 55]]
[[60, 61], [52, 9], [34, 3]]
[[60, 61], [52, 9], [34, 11]]
[[60, 61], [52, 9], [34, 23]]
[[60, 61], [52, 9], [34, 35]]
[[60, 61], [52, 9], [34, 43]]
[[60, 61], [52, 9], [34, 55]]
[[60, 61], [52, 9], [38, 3]]
[[60, 61], [52, 9], [38, 7]]
[[60, 61], [52, 9], [38, 35]]
[[60, 61], [52, 9], [38, 39]]
[[60, 61], [52, 9], [42, 11]]
[[60, 61], [52, 9], [42, 23]]
[[60, 61], [52, 9], [42, 43]]
[[60, 61], [52, 9], [42, 55]]
[[60, 61], [52, 9], [54, 23]]
[[60, 61], [52, 9], [54, 55]]
[[60, 61], [52, 21], [2, 3]]
[[60, 61], [52, 21], [2, 11]]
[[60, 61], [52, 21], [2, 23]]
[[60, 61], [52, 21], [2, 35]]
[[60, 61], [52, 21], [2, 43]]
[[60, 61], [52, 21], [2, 55]]
[[60, 61], [52, 21], [6, 3]]
[[60, 61], [52, 21], [6, 7]]
[[60, 61], [52, 21], [6, 35]]
[[60, 61], [52, 21], [6, 39]]
[[60, 61], [52, 21], [10, 11]]
[[60, 61], [52, 21], [10, 23]]
[[60, 61], [52, 21], [10, 43]]
[[60, 61], [52, 21], [10, 55]]
[[60, 61], [52, 21], [22, 23]]
[[60, 61], [52, 21], [22, 55]]
[[60, 61], [52, 21], [34, 3]]
[[60, 61], [52, 21], [34, 11]]
[[60, 61], [52, 21], [34, 23]]
[[60, 61], [52, 21], [34, 35]]
[[60, 61], [52, 21], [34, 43]]
[[60, 61], [52, 21], [34, 55]]
[[60, 61], [52, 21], [38, 3]]
[[60, 61], [52, 21], [38, 7]]
[[60, 61], [52, 21], [38, 35]]
[[60, 61], [52, 21], [38, 39]]
[[60, 61], [52, 21], [42, 11]]
[[60, 61], [52, 21], [42, 23]]
[[60, 61], [52, 21], [42, 43]]
[[60, 61], [52, 21], [42, 55]]
[[60, 61], [52, 21], [54, 23]]
[[60, 61], [52, 21], [54, 55]]
[[60, 61], [52, 41], [2, 3]]
[[60, 61], [52, 41], [2, 11]]
[[60, 61], [52, 41], [2, 23]]
[[60, 61], [52, 41], [2, 35]]
[[60, 61], [52, 41], [2, 43]]
[[60, 61], [52, 41], [2, 55]]
[[60, 61], [52, 41], [6, 3]]
[[60, 61], [52, 41], [6, 7]]
[[60, 61], [52, 41], [6, 35]]
[[60, 61], [52, 41], [6, 39]]
[[60, 61], [52, 41], [10, 11]]
[[60, 61], [52, 41], [10, 23]]
[[60, 61], [52, 41], [10, 43]]
[[60, 61], [52, 41], [10, 55]]
[[60, 61], [52, 41], [22, 23]]
[[60, 61], [52, 41], [22, 55]]
[[60, 61], [52, 41], [34, 3]]
[[60, 61], [52, 41], [34, 11]]
[[60, 61], [52, 41], [34, 23]]
[[60, 61], [52, 41], [34, 35]]
[[60, 61], [52, 41], [34, 43]]
[[60, 61], [52, 41], [34, 55]]
[[60, 61], [52, 41], [38, 3]]
[[60, 61], [52, 41], [38, 7]]
[[60, 61], [52, 41], [38, 35]]
[[60, 61], [52, 41], [38, 39]]
[[60, 61], [52, 41], [42, 11]]
[[60, 61], [52, 41], [42, 23]]
[[60, 61], [52, 41], [42, 43]]
[[60, 61], [52, 41], [42, 55]]
[[60, 61], [52, 41], [54, 23]]
[[60, 61], [52, 41], [54, 55]]
[[60, 61], [52, 53], [2, 3]]
[[60, 61], [52, 53], [2, 11]]
[[60, 61], [52, 53], [2, 23]]
[[60, 61], [52, 53], [2, 35]]
[[60, 61], [52, 53], [2, 43]]
[[60, 61], [52, 53], [2, 55]]
[[60, 61], [52, 53], [6, 3]]
[[60, 61], [52, 53], [6, 7]]
[[60, 61], [52, 53], [6, 35]]
[[60, 61], [52, 53], [6, 39]]
[[60, 61], [52, 53], [10, 11]]
[[60, 61], [52, 53], [10, 23]]
[[60, 61], [52, 53], [10, 43]]
[[60, 61], [52, 53], [10, 55]]
[[60, 61], [52, 53], [22, 23]]
[[60, 61], [52, 53], [22, 55]]
[[60, 61], [52, 53], [34, 3]]
[[60, 61], [52, 53], [34, 11]]
[[60, 61], [52, 53], [34, 23]]
[[60, 61], [52, 53], [34, 35]]
[[60, 61], [52, 53], [34, 43]]
[[60, 61], [52, 53], [34, 55]]
[[60, 61], [52, 53], [38, 3]]
[[60, 61], [52, 53], [38, 7]]
[[60, 61], [52, 53], [38, 35]]
[[60, 61], [52, 53], [38, 39]]
[[60, 61], [52, 53], [42, 11]]
[[60, 61], [52, 53], [42, 23]]
[[60, 61], [52, 53], [42, 43]]
[[60, 61], [52, 53], [42, 55]]
[[60, 61], [52, 53], [54, 23]]
[[60, 61], [52, 53], [54, 55]]
[[60, 61], [62, 9], [2, 3]]
[[60, 61], [62, 9], [2, 11]]
[[60, 61], [62, 9], [2, 23]]
[[60, 61], [62, 9], [2, 35]]
[[60, 61], [62, 9], [2, 43]]
[[60, 61], [62, 9], [2, 55]]
[[60, 61], [62, 9], [6, 3]]
[[60, 61], [62, 9], [6, 7]]
[[60, 61], [62, 9], [6, 35]]
[[60, 61], [62, 9], [6, 39]]
[[60, 61], [62, 9], [10, 11]]
[[60, 61], [62, 9], [10, 23]]
[[60, 61], [62, 9], [10, 43]]
[[60, 61], [62, 9], [10, 55]]
[[60, 61], [62, 9], [22, 23]]
[[60, 61], [62, 9], [22, 55]]
[[60, 61], [62, 9], [34, 3]]
[[60, 61], [62, 9], [34, 11]]
[[60, 61], [62, 9], [34, 23]]
[[60, 61], [62, 9], [34, 35]]
[[60, 61], [62, 9], [34, 43]]
[[60, 61], [62, 9], [34, 55]]
[[60, 61], [62, 9], [38, 3]]
[[60, 61], [62, 9], [38, 7]]
[[60, 61], [62, 9], [38, 35]]
[[60, 61], [62, 9], [38, 39]]
[[60, 61], [62, 9], [42, 11]]
[[60, 61], [62, 9], [42, 23]]
[[60, 61], [62, 9], [42, 43]]
[[60, 61], [62, 9], [42, 55]]
[[60, 61], [62, 9], [54, 23]]
[[60, 61], [62, 9], [54, 55]]
[[60, 61], [62, 21], [2, 3]]
[[60, 61], [62, 21], [2, 11]]
[[60, 61], [62, 21], [2, 23]]
[[60, 61], [62, 21], [2, 35]]
[[60, 61], [62, 21], [2, 43]]
[[60, 61], [62, 21], [2, 55]]
[[60, 61], [62, 21], [6, 3]]
[[60, 61], [62, 21], [6, 7]]
[[60, 61], [62, 21], [6, 35]]
[[60, 61], [62, 21], [6, 39]]
[[60, 61], [62, 21], [10, 11]]
[[60, 61], [62, 21], [10, 23]]
[[60, 61], [62, 21], [10, 43]]
[[60, 61], [62, 21], [10, 55]]
[[60, 61], [62, 21], [22, 23]]
[[60, 61], [62, 21], [22, 55]]
[[60, 61], [62, 21], [34, 3]]
[[60, 61], [62, 21], [34, 11]]
[[60, 61], [62, 21], [34, 23]]
[[60, 61], [62, 21], [34, 35]]
[[60, 61], [62, 21], [34, 43]]
[[60, 61], [62, 21], [34, 55]]
[[60, 61], [62, 21], [38, 3]]
[[60, 61], [62, 21], [38, 7]]
[[60, 61], [62, 21], [38, 35]]
[[60, 61], [62, 21], [38, 39]]
[[60, 61], [62, 21], [42, 11]]
[[60, 61], [62, 21], [42, 23]]
[[60, 61], [62, 21], [42, 43]]
[[60, 61], [62, 21], [42, 55]]
[[60, 61], [62, 21], [54, 23]]
[[60, 61], [62, 21], [54, 55]]
[[60, 61], [62, 31], [2, 3]]
[[60, 61], [62, 31], [2, 11]]
[[60, 61], [62, 31], [2, 23]]
[[60, 61], [62, 31], [2, 35]]
[[60, 61], [62, 31], [2, 43]]
[[60, 61], [62, 31], [2, 55]]
[[60, 61], [62, 31], [6, 3]]
[[60, 61], [62, 31], [6, 7]]
[[60, 61], [62, 31], [6, 35]]
[[60, 61], [62, 31], [6, 39]]
[[60, 61], [62, 31], [10, 11]]
[[60, 61], [62, 31], [10, 23]]
[[60, 61], [62, 31], [10, 43]]
[[60, 61], [62, 31], [10, 55]]
[[60, 61], [62, 31], [22, 23]]
[[60, 61], [62, 31], [22, 55]]
[[60, 61], [62, 31], [34, 3]]
[[60, 61], [62, 31], [34, 11]]
[[60, 61], [62, 31], [34, 23]]
[[60, 61], [62, 31], [34, 35]]
[[60, 61], [62, 31], [34, 43]]
[[60, 61], [62, 31], [34, 55]]
[[60, 61], [62, 31], [38, 3]]
[[60, 61], [62, 31], [38, 7]]
[[60, 61], [62, 31], [38, 35]]
[[60, 61], [62, 31], [38, 39]]
[[60, 61], [62, 31], [42, 11]]
[[60, 61], [62, 31], [42, 23]]
[[60, 61], [62, 31], [42, 43]]
[[60, 61], [62, 31], [42, 55]]
[[60, 61], [62, 31], [54, 23]]
[[60, 61], [62, 31], [54, 55]]
[[60, 61], [62, 41], [2, 3]]
[[60, 61], [62, 41], [2, 11]]
[[60, 61], [62, 41], [2, 23]]
[[60, 61], [62, 41], [2, 35]]
[[60, 61], [62, 41], [2, 43]]
[[60, 61], [62, 41], [2, 55]]
[[60, 61], [62, 41], [6, 3]]
[[60, 61], [62, 41], [6, 7]]
[[60, 61], [62, 41], [6, 35]]
[[60, 61], [62, 41], [6, 39]]
[[60, 61], [62, 41], [10, 11]]
[[60, 61], [62, 41], [10, 23]]
[[60, 61], [62, 41], [10, 43]]
[[60, 61], [62, 41], [10, 55]]
[[60, 61], [62, 41], [22, 23]]
[[60, 61], [62, 41], [22, 55]]
[[60, 61], [62, 41], [34, 3]]
[[60, 61], [62, 41], [34, 11]]
[[60, 61], [62, 41], [34, 23]]
[[60, 61], [62, 41], [34, 35]]
[[60, 61], [62, 41], [34, 43]]
[[60, 61], [62, 41], [34, 55]]
[[60, 61], [62, 41], [38, 3]]
[[60, 61], [62, 41], [38, 7]]
[[60, 61], [62, 41], [38, 35]]
[[60, 61], [62, 41], [38, 39]]
[[60, 61], [62, 41], [42, 11]]
[[60, 61], [62, 41], [42, 23]]
[[60, 61], [62, 41], [42, 43]]
[[60, 61], [62, 41], [42, 55]]
[[60, 61], [62, 41], [54, 23]]
[[60, 61], [62, 41], [54, 55]]
[[60, 61], [62, 53], [2, 3]]
[[60, 61], [62, 53], [2, 11]]
[[60, 61], [62, 53], [2, 23]]
[[60, 61], [62, 53], [2, 35]]
[[60, 61], [62, 53], [2, 43]]
[[60, 61], [62, 53], [2, 55]]
[[60, 61], [62, 53], [6, 3]]
[[60, 61], [62, 53], [6, 7]]
[[60, 61], [62, 53], [6, 35]]
[[60, 61], [62, 53], [6, 39]]
[[60, 61], [62, 53], [10, 11]]
[[60, 61], [62, 53], [10, 23]]
[[60, 61], [62, 53], [10, 43]]
[[60, 61], [62, 53], [10, 55]]
[[60, 61], [62, 53], [22, 23]]
[[60, 61], [62, 53], [22, 55]]
[[60, 61], [62, 53], [34, 3]]
[[60, 61], [62, 53], [34, 11]]
[[60, 61], [62, 53], [34, 23]]
[[60, 61], [62, 53], [34, 35]]
[[60, 61], [62, 53], [34, 43]]
[[60, 61], [62, 53], [34, 55]]
[[60, 61], [62, 53], [38, 3]]
[[60, 61], [62, 53], [38, 7]]
[[60, 61], [62, 53], [38, 35]]
[[60, 61], [62, 53], [38, 39]]
[[60, 61], [62, 53], [42, 11]]
[[60, 61], [62, 53], [42, 23]]
[[60, 61], [62, 53], [42, 43]]
[[60, 61], [62, 53], [42, 55]]
[[60, 61], [62, 53], [54, 23]]
[[60, 61], [62, 53], [54, 55]]
[[60, 61], [62, 63], [2, 3]]
[[60, 61], [62, 63], [2, 11]]
[[60, 61], [62, 63], [2, 23]]
[[60, 61], [62, 63], [2, 35]]
[[60, 61], [62, 63], [2, 43]]
[[60, 61], [62, 63], [2, 55]]
[[60, 61], [62, 63], [6, 3]]
[[60, 61], [62, 63], [6, 7]]
[[60, 61], [62, 63], [6, 35]]
[[60, 61], [62, 63], [6, 39]]
[[60, 61], [62, 63], [10, 11]]
[[60, 61], [62, 63], [10, 23]]
[[60, 61], [62, 63], [10, 43]]
[[60, 61], [62, 63], [10, 55]]
[[60, 61], [62, 63], [22, 23]]
[[60, 61], [62, 63], [22, 55]]
[[60, 61], [62, 63], [34, 3]]
[[60, 61], [62, 63], [34, 11]]
[[60, 61], [62, 63], [34, 23]]
[[60, 61], [62, 63], [34, 35]]
[[60, 61], [62, 63], [34, 43]]
[[60, 61], [62, 63], [34, 55]]
[[60, 61], [62, 63], [38, 3]]
[[60, 61], [62, 63], [38, 7]]
[[60, 61], [62, 63], [38, 35]]
[[60, 61], [62, 63], [38, 39]]
[[60, 61], [62, 63], [42, 11]]
[[60, 61], [62, 63], [42, 23]]
[[60, 61], [62, 63], [42, 43]]
[[60, 61], [62, 63], [42, 55]]
[[60, 61], [62, 63], [54, 23]]
[[60, 61], [62, 63], [54, 55]]
